timestamp,capital
2025-12-29 08:00:00,10000.0
2025-12-29 09:00:00,10027.501305576043
2025-12-29 10:00:00,10030.14803185577
2025-12-29 11:00:00,10034.838611926401
2025-12-29 12:00:00,10012.948663948508
2025-12-29 13:00:00,10007.806964201243
2025-12-29 14:00:00,9984.784248482472
2025-12-29 15:00:00,9978.683140828234
2025-12-29 16:00:00,9981.569472681265
2025-12-29 17:00:00,9973.083454379544
2025-12-29 18:00:00,9965.608876297063
2025-12-29 19:00:00,9971.198309303356
2025-12-29 20:00:00,9962.909539260689
2025-12-29 21:00:00,9955.736529409769
2025-12-29 22:00:00,9961.249376138683
2025-12-29 23:00:00,9952.646408492403
2025-12-30 00:00:00,9947.749032677593
2025-12-30 01:00:00,9953.157812172292
2025-12-30 02:00:00,9927.944585795049
2025-12-30 03:00:00,9926.368792781159
2025-12-30 04:00:00,9917.979490457743
2025-12-30 05:00:00,9901.747485632919
2025-12-30 06:00:00,9892.013548207071
2025-12-30 07:00:00,9890.223392291193
2025-12-30 08:00:00,9890.653114041206
2025-12-30 09:00:00,9889.501426060728
2025-12-30 10:00:00,9887.356850474887
2025-12-30 11:00:00,9888.068839792217
2025-12-30 12:00:00,9879.367926771196
2025-12-30 13:00:00,9865.873112038746
2025-12-30 14:00:00,9868.435152687343
2025-12-30 15:00:00,9847.70729952862
2025-12-30 16:00:00,9807.523432103477
2025-12-30 17:00:00,9859.602433130156
2025-12-30 18:00:00,9856.170788911153
2025-12-30 19:00:00,9846.727419442568
2025-12-30 20:00:00,9832.844263826255
2025-12-30 21:00:00,9827.034506578988
2025-12-30 22:00:00,9822.267248130041
2025-12-30 23:00:00,9819.544410148426
2025-12-31 00:00:00,9813.47191377667
2025-12-31 01:00:00,9784.998831271962
2025-12-31 02:00:00,9789.735036534246
2025-12-31 03:00:00,9811.968390605516
2025-12-31 04:00:00,9821.226021377053
2025-12-31 05:00:00,9801.16029666869
2025-12-31 06:00:00,9630.769400866224
2025-12-31 07:00:00,9531.06594730265
2025-12-31 08:00:00,9552.811640034552
2025-12-31 09:00:00,9547.637897301165
2025-12-31 10:00:00,9526.570642613922
2025-12-31 11:00:00,9528.213481867448
2025-12-31 12:00:00,9521.047172721022
2025-12-31 13:00:00,9521.44343104793
2025-12-31 14:00:00,9526.95770742871
2025-12-31 15:00:00,9534.167930550277
2025-12-31 16:00:00,9526.4885524073
2025-12-31 17:00:00,9513.761909531124
2025-12-31 18:00:00,9514.336705918036
2025-12-31 19:00:00,9527.85221489312
2025-12-31 20:00:00,9519.049648623139
2025-12-31 21:00:00,9512.939345440896
2025-12-31 22:00:00,9514.836561703396
2025-12-31 23:00:00,9520.887220389357
2026-01-01 00:00:00,9504.167533852078
2026-01-01 01:00:00,9495.830870510019
2026-01-01 02:00:00,9513.518081182325
2026-01-01 03:00:00,9504.091792299025
2026-01-01 04:00:00,9498.224891599766
2026-01-01 05:00:00,9493.378088715064
2026-01-01 06:00:00,9485.12591964558
2026-01-01 07:00:00,9480.713427965211
2026-01-01 08:00:00,9474.598282669163
2026-01-01 09:00:00,9470.744256993717
2026-01-01 10:00:00,9479.745348901784
2026-01-01 11:00:00,9477.055645522003
2026-01-01 12:00:00,9479.102089468759
2026-01-01 13:00:00,9483.225779701328
2026-01-01 14:00:00,9451.078573420673
2026-01-01 15:00:00,9398.25181056157
2026-01-01 16:00:00,9412.428963156692
2026-01-01 17:00:00,9408.185964126296
2026-01-01 18:00:00,9405.951004156512
2026-01-01 19:00:00,9403.184696005002
2026-01-01 20:00:00,9402.957503409643
2026-01-01 21:00:00,9401.136653930824
2026-01-01 22:00:00,9397.6749427275
2026-01-01 23:00:00,9385.962295899928
2026-01-02 00:00:00,9378.948835241861
2026-01-02 01:00:00,9376.268231094724
2026-01-02 02:00:00,9366.562095766847
2026-01-02 03:00:00,9393.973902465976
2026-01-02 04:00:00,9373.602179728792
2026-01-02 05:00:00,9339.936327222778
2026-01-02 06:00:00,9340.693316982562
2026-01-02 07:00:00,9326.53531289423
2026-01-02 08:00:00,9313.662824429794
2026-01-02 09:00:00,9306.110518506228
2026-01-02 10:00:00,9301.844323422094
2026-01-02 11:00:00,9289.115999239339
2026-01-02 12:00:00,9287.29480566774
2026-01-02 13:00:00,9314.596342492485
2026-01-02 14:00:00,9323.32631041748
2026-01-02 15:00:00,9303.018483044965
2026-01-02 16:00:00,9303.02020918118
2026-01-02 17:00:00,9305.718954661219
2026-01-02 18:00:00,9311.808235059898
2026-01-02 19:00:00,9315.446029887178
2026-01-02 20:00:00,9310.793274489793
2026-01-02 21:00:00,9308.744302701707
2026-01-02 22:00:00,9322.118878195446
2026-01-02 23:00:00,9321.204513114528
2026-01-03 00:00:00,9322.68871514654
2026-01-03 01:00:00,9347.507533989232
2026-01-03 02:00:00,9340.107452998309
2026-01-03 03:00:00,9329.994364043756
2026-01-03 04:00:00,9328.654276817339
2026-01-03 05:00:00,9315.783113444533
2026-01-03 06:00:00,9308.97473457386
2026-01-03 07:00:00,9307.618509887856
2026-01-03 08:00:00,9310.022403532766
2026-01-03 09:00:00,9322.872902131776
2026-01-03 10:00:00,9340.906590020018
2026-01-03 11:00:00,9307.740128235235
2026-01-03 12:00:00,9305.141227566677
2026-01-03 13:00:00,9309.317044299956
2026-01-03 14:00:00,9307.679394752167
2026-01-03 15:00:00,9302.005427175663
2026-01-03 16:00:00,9300.483557884167
2026-01-03 17:00:00,9298.76554116034
2026-01-03 18:00:00,9295.707236387083
2026-01-03 19:00:00,9317.142993383908
2026-01-03 20:00:00,9311.238264241812
2026-01-03 21:00:00,9309.94813672187
2026-01-03 22:00:00,9297.310724222887
2026-01-03 23:00:00,9300.327062165126
2026-01-04 00:00:00,9279.147781924663
2026-01-04 01:00:00,9279.052226456455
2026-01-04 02:00:00,9272.219231111882
2026-01-04 03:00:00,9264.254473696048
2026-01-04 04:00:00,9255.802044658887
2026-01-04 05:00:00,9249.499655406044
2026-01-04 06:00:00,9241.501592531462
2026-01-04 07:00:00,9240.759922145484
2026-01-04 08:00:00,9232.936264399505
2026-01-04 09:00:00,9232.497888754335
2026-01-04 10:00:00,9231.210318810883
2026-01-04 11:00:00,9235.738374315422
2026-01-04 12:00:00,9237.670425727489
2026-01-04 13:00:00,9234.041492635397
2026-01-04 14:00:00,9219.841052683632
2026-01-04 15:00:00,9235.172468676583
2026-01-04 16:00:00,9229.674347605602
2026-01-04 17:00:00,9222.29063949982
2026-01-04 18:00:00,9211.833390714906
2026-01-04 19:00:00,9215.436268133682
2026-01-04 20:00:00,9208.032336733133
2026-01-04 21:00:00,9202.003233446187
2026-01-04 22:00:00,9199.635277535783
2026-01-04 23:00:00,9194.791568503326
2026-01-05 00:00:00,9185.87608335629
2026-01-05 01:00:00,9187.068563201816
2026-01-05 02:00:00,9176.333513865922
2026-01-05 03:00:00,9172.200363696704
2026-01-05 04:00:00,9152.985882340481
2026-01-05 05:00:00,9150.667464402548
2026-01-05 06:00:00,9149.725572502046
2026-01-05 07:00:00,9151.348453584935
2026-01-05 08:00:00,9137.984804391856
2026-01-05 09:00:00,9121.965119772305
2026-01-05 10:00:00,9127.769513430267
2026-01-05 11:00:00,9117.991796384165
2026-01-05 12:00:00,9117.918596248746
2026-01-05 13:00:00,9116.715354911057
2026-01-05 14:00:00,9117.857041553754
2026-01-05 15:00:00,9118.083069249516
2026-01-05 16:00:00,9120.70937236329
2026-01-05 17:00:00,9118.966609784542
2026-01-05 18:00:00,9120.119555881749
2026-01-05 19:00:00,9117.245742567231
2026-01-05 20:00:00,9119.451908344186
2026-01-05 21:00:00,9115.966292253612
2026-01-05 22:00:00,9118.463640801054
2026-01-05 23:00:00,9126.178571262732
2026-01-06 00:00:00,9114.775950846664
2026-01-06 01:00:00,9115.919866798471
2026-01-06 02:00:00,9113.187886099468
2026-01-06 03:00:00,9109.945424297994
2026-01-06 04:00:00,9108.886626236334
2026-01-06 05:00:00,9098.989533041098
2026-01-06 06:00:00,9113.221342948138
2026-01-06 07:00:00,9090.31123957673
2026-01-06 08:00:00,9095.25988128317
2026-01-06 09:00:00,9093.554883988403
2026-01-06 10:00:00,9094.368763159022
2026-01-06 11:00:00,9097.43853843246
2026-01-06 12:00:00,9105.50987703037
2026-01-06 13:00:00,9100.221331910026
2026-01-06 14:00:00,9094.669945634138
2026-01-06 15:00:00,9082.071313085064
2026-01-06 16:00:00,9072.269953902636
2026-01-06 17:00:00,9065.318986791426
2026-01-06 18:00:00,9070.511503666363
2026-01-06 19:00:00,9064.093772752944
2026-01-06 20:00:00,9080.368161903372
2026-01-06 21:00:00,9086.295955076212
2026-01-06 22:00:00,9082.991958157545
2026-01-06 23:00:00,9079.246779101495
2026-01-07 00:00:00,9066.392885597394
2026-01-07 01:00:00,9081.44477584551
2026-01-07 02:00:00,9096.676226554524
2026-01-07 03:00:00,9093.839902755562
2026-01-07 04:00:00,9076.411734421728
2026-01-07 05:00:00,9062.661071157712
2026-01-07 06:00:00,9055.003158498415
2026-01-07 07:00:00,9030.399842570027
2026-01-07 08:00:00,9026.475309460688
2026-01-07 09:00:00,9021.887932501644
2026-01-07 10:00:00,9016.903767741875
2026-01-07 11:00:00,9020.365424711386
2026-01-07 12:00:00,9016.165131923102
2026-01-07 13:00:00,8999.492634616634
2026-01-07 14:00:00,9011.357476649573
2026-01-07 15:00:00,9034.52741220655
2026-01-07 16:00:00,9004.361572991384
2026-01-07 17:00:00,9004.199167036331
2026-01-07 18:00:00,9012.917108118343
2026-01-07 19:00:00,9011.495702226604
2026-01-07 20:00:00,8994.844827848225
2026-01-07 21:00:00,9021.659703917629
2026-01-07 22:00:00,9026.664625498872
2026-01-07 23:00:00,9083.082797478019
2026-01-08 00:00:00,9097.801456317766
2026-01-08 01:00:00,9079.442223760358
2026-01-08 02:00:00,9128.274882885971
2026-01-08 03:00:00,9098.386964401816
2026-01-08 04:00:00,9068.29004377007
2026-01-08 05:00:00,9069.382543544158
2026-01-08 06:00:00,9069.18574471188
2026-01-08 07:00:00,9051.33665081981
2026-01-08 08:00:00,9029.00026705504
2026-01-08 09:00:00,9017.091734526284
2026-01-08 10:00:00,9031.697683318564
2026-01-08 11:00:00,9040.53433951361
2026-01-08 12:00:00,9073.767808613966
2026-01-08 13:00:00,9109.308865129353
2026-01-08 14:00:00,9135.186602836586
2026-01-08 15:00:00,9134.774729154205
2026-01-08 16:00:00,9095.791428312185
2026-01-08 17:00:00,9086.680659984902
2026-01-08 18:00:00,9086.889124844241
2026-01-08 19:00:00,9083.222552958208
2026-01-08 20:00:00,9077.593077055368
2026-01-08 21:00:00,9079.710842089073
2026-01-08 22:00:00,9079.641452184334
2026-01-08 23:00:00,9080.665546824344
2026-01-09 00:00:00,9065.901053108215
2026-01-09 01:00:00,9055.767516648799
2026-01-09 02:00:00,9058.132969493388
2026-01-09 03:00:00,9061.1055031608
2026-01-09 04:00:00,9069.614139127683
2026-01-09 05:00:00,9068.379293569325
2026-01-09 06:00:00,9073.575556783737
2026-01-09 07:00:00,9070.200182177277
2026-01-09 08:00:00,9057.331336963249
2026-01-09 09:00:00,9050.117367626284
2026-01-09 10:00:00,9047.792130459275
2026-01-09 11:00:00,9046.735373829924
2026-01-09 12:00:00,9032.561319919127
2026-01-09 13:00:00,9033.947340410472
2026-01-09 14:00:00,9037.610636914977
2026-01-09 15:00:00,9028.452420259227
2026-01-09 16:00:00,9024.446923832691
2026-01-09 17:00:00,9019.874945352658
2026-01-09 18:00:00,9019.86525516561
2026-01-09 19:00:00,9019.5587827888
2026-01-09 20:00:00,9010.490374293995
2026-01-09 21:00:00,9021.586476847877
2026-01-09 22:00:00,9015.28648707698
2026-01-09 23:00:00,9037.960655519364
2026-01-10 00:00:00,9058.00555975121
2026-01-10 01:00:00,9021.36413762867
2026-01-10 02:00:00,9034.257535371444
2026-01-10 03:00:00,9021.701793009881
2026-01-10 04:00:00,9003.857154054758
2026-01-10 05:00:00,9003.171813741134
2026-01-10 06:00:00,9003.34265096579
2026-01-10 07:00:00,9002.259953687671
2026-01-10 08:00:00,9005.114610054967
2026-01-10 09:00:00,9002.323733633451
2026-01-10 10:00:00,8998.430196966681
2026-01-10 11:00:00,8998.890648218288
2026-01-10 12:00:00,9006.42219496196
2026-01-10 13:00:00,9011.201609058951
2026-01-10 14:00:00,9030.58365572535
2026-01-10 15:00:00,9030.331872752347
2026-01-10 16:00:00,8974.830294477208
2026-01-10 17:00:00,8964.99539280734
2026-01-10 18:00:00,8965.35563270263
2026-01-10 19:00:00,9034.569776940993
2026-01-10 20:00:00,9033.286016739828
2026-01-10 21:00:00,9024.576819952163
2026-01-10 22:00:00,9015.658140498837
2026-01-10 23:00:00,9017.343100835305
2026-01-11 00:00:00,9008.8088778774
2026-01-11 01:00:00,9005.395439064425
2026-01-11 02:00:00,9013.441738525356
2026-01-11 03:00:00,9015.136019372037
2026-01-11 04:00:00,8998.435416714621
2026-01-11 05:00:00,8993.730531355177
2026-01-11 06:00:00,9030.005081112522
2026-01-11 07:00:00,9022.773044869204
2026-01-11 08:00:00,8998.734635567067
2026-01-11 09:00:00,8993.099218571951
2026-01-11 10:00:00,8962.137736629036
2026-01-11 11:00:00,8973.446996786828
2026-01-11 12:00:00,8939.690379104191
2026-01-11 13:00:00,8951.254151307128
2026-01-11 14:00:00,8957.555089915246
2026-01-11 15:00:00,8955.162866044342
2026-01-11 16:00:00,8941.369961631626
2026-01-11 17:00:00,8954.389316331568
2026-01-11 18:00:00,8985.0833236868
2026-01-11 19:00:00,8980.352262874138
2026-01-11 20:00:00,8967.576094859785
2026-01-11 21:00:00,8963.674583409134
2026-01-11 22:00:00,8962.398669522252
2026-01-11 23:00:00,8972.367195158962
2026-01-12 00:00:00,8944.701589512548
2026-01-12 01:00:00,8944.695738446737
2026-01-12 02:00:00,8947.357158357416
2026-01-12 03:00:00,8947.199353650669
2026-01-12 04:00:00,8946.642795805456
2026-01-12 05:00:00,8943.613313382239
2026-01-12 06:00:00,8946.889851984366
2026-01-12 07:00:00,8942.231286862043
2026-01-12 08:00:00,8953.688546830721
2026-01-12 09:00:00,8972.813769626217
2026-01-12 10:00:00,8969.959349687357
2026-01-12 11:00:00,8976.212781261895
2026-01-12 12:00:00,8964.40789804891
2026-01-12 13:00:00,8962.86204761167
2026-01-12 14:00:00,8966.629955510667
2026-01-12 15:00:00,8950.796639480082
2026-01-12 16:00:00,8938.723056947045
2026-01-12 17:00:00,8933.676632774346
2026-01-12 18:00:00,8939.041332638959
2026-01-12 19:00:00,8938.732304645131
2026-01-12 20:00:00,8936.426748984904
2026-01-12 21:00:00,8935.887261254082
2026-01-12 22:00:00,8939.274175424294
2026-01-12 23:00:00,8949.426886350942
2026-01-13 00:00:00,8949.606412244351
2026-01-13 01:00:00,8961.975990474666
2026-01-13 02:00:00,8971.21398889285
2026-01-13 03:00:00,8970.967795394949
2026-01-13 04:00:00,8977.232652146009
2026-01-13 05:00:00,8963.177902275891
2026-01-13 06:00:00,8970.01820901027
2026-01-13 07:00:00,8941.552116329221
2026-01-13 08:00:00,8898.96109371469
2026-01-13 09:00:00,8883.648456193578
2026-01-13 10:00:00,8888.350933207334
2026-01-13 11:00:00,8883.784071856413
2026-01-13 12:00:00,8909.3966631857
2026-01-13 13:00:00,8983.185908883075
2026-01-13 14:00:00,9049.861708283635
2026-01-13 15:00:00,9094.340566700379
2026-01-13 16:00:00,9054.476781348116
2026-01-13 17:00:00,9017.987097104115
2026-01-13 18:00:00,9032.81142016903
2026-01-13 19:00:00,9017.800114044347
2026-01-13 20:00:00,8996.322917963802
2026-01-13 21:00:00,9006.072572035646
2026-01-13 22:00:00,8999.750387019521
2026-01-13 23:00:00,9047.10770190946
2026-01-14 00:00:00,9030.007118202122
2026-01-14 01:00:00,9087.17253519754
2026-01-14 02:00:00,9106.022434472688
2026-01-14 03:00:00,9103.059352825929
2026-01-14 04:00:00,9082.567551832297
2026-01-14 05:00:00,9064.16593644722
2026-01-14 06:00:00,9066.534431003167
2026-01-14 07:00:00,9099.99336961571
2026-01-14 08:00:00,9092.581400476794
2026-01-14 09:00:00,9131.275768976346
2026-01-14 10:00:00,9155.334157479754
2026-01-14 11:00:00,9243.65610985239
2026-01-14 12:00:00,9236.688990607005
2026-01-14 13:00:00,9196.389854661524
2026-01-14 14:00:00,9205.117813872146
2026-01-14 15:00:00,9185.617388898374
2026-01-14 16:00:00,9144.51348893384
2026-01-14 17:00:00,9131.502937126608
2026-01-14 18:00:00,9120.467191414924
2026-01-14 19:00:00,9153.489819608874
2026-01-14 20:00:00,9145.186793358262
2026-01-14 21:00:00,9150.914033925666
2026-01-14 22:00:00,9136.129565167554
2026-01-14 23:00:00,9150.755526206784
2026-01-15 00:00:00,9091.48591707259
2026-01-15 01:00:00,9062.934477576067
2026-01-15 02:00:00,9056.22998532004
2026-01-15 03:00:00,9001.782796553523
2026-01-15 04:00:00,8993.273562811404
2026-01-15 05:00:00,8993.60378644059
2026-01-15 06:00:00,9020.79749163943
2026-01-15 07:00:00,8992.513795904655
2026-01-15 08:00:00,8994.005586524461
2026-01-15 09:00:00,8943.6819347858
2026-01-15 10:00:00,8928.854370061392
2026-01-15 11:00:00,8930.296563890526
2026-01-15 12:00:00,8935.397829995636
2026-01-15 13:00:00,8942.822185126699
2026-01-15 14:00:00,8944.302912812027
2026-01-15 15:00:00,8917.175453907006
2026-01-15 16:00:00,8925.437072770424
2026-01-15 17:00:00,8907.35964198405
2026-01-15 18:00:00,8929.258866483679
2026-01-15 19:00:00,8949.503573952637
2026-01-15 20:00:00,8928.853746572295
2026-01-15 21:00:00,8922.61132469712
2026-01-15 22:00:00,8925.669614542083
2026-01-15 23:00:00,8922.091017258925
2026-01-16 00:00:00,8865.028521993554
2026-01-16 01:00:00,8866.73090299276
2026-01-16 02:00:00,8862.573707951504
2026-01-16 03:00:00,8858.583827842996
2026-01-16 04:00:00,8845.364491993176
2026-01-16 05:00:00,8853.904469617668
2026-01-16 06:00:00,8855.753134193641
2026-01-16 07:00:00,8860.78093083877
2026-01-16 08:00:00,8853.450917319175
2026-01-16 09:00:00,8872.449396083555
2026-01-16 10:00:00,8870.916899048092
2026-01-16 11:00:00,8877.937557197743
2026-01-16 12:00:00,8873.073884665653
2026-01-16 13:00:00,8894.258390763986
2026-01-16 14:00:00,8885.036157359496
2026-01-16 15:00:00,8878.984015725993
2026-01-16 16:00:00,8879.3898268549
2026-01-16 17:00:00,8878.941683259716
2026-01-16 18:00:00,8868.013056763848
2026-01-16 19:00:00,8868.501092901948
2026-01-16 20:00:00,8842.196050820621
2026-01-16 21:00:00,8840.966196279598
2026-01-16 22:00:00,8830.06810825107
2026-01-16 23:00:00,8834.052335288108
2026-01-17 00:00:00,8780.157209653267
2026-01-17 01:00:00,8788.99547039776
2026-01-17 02:00:00,8799.841083050074
2026-01-17 03:00:00,8813.638387059253
2026-01-17 04:00:00,8805.92326917743
2026-01-17 05:00:00,8848.614593387914
2026-01-17 06:00:00,8865.140462398425
2026-01-17 07:00:00,8894.36043405392
2026-01-17 08:00:00,8901.580199546184
2026-01-17 09:00:00,8894.138081845236
2026-01-17 10:00:00,8914.743671682905
2026-01-17 11:00:00,8902.207414009144
2026-01-17 12:00:00,8934.866617854568
2026-01-17 13:00:00,9002.919044382961
2026-01-17 14:00:00,8989.173130173624
2026-01-17 15:00:00,8957.997107925172
2026-01-17 16:00:00,8939.548087100145
2026-01-17 17:00:00,8927.748233581753
2026-01-17 18:00:00,8945.653060242246
2026-01-17 19:00:00,8933.864723792283
2026-01-17 20:00:00,8905.859054149832
2026-01-17 21:00:00,8889.208274996687
2026-01-17 22:00:00,8871.607533216733
2026-01-17 23:00:00,8870.7879514191
2026-01-18 00:00:00,8849.766512626298
2026-01-18 01:00:00,8952.449850165007
2026-01-18 02:00:00,9042.115432024748
2026-01-18 03:00:00,9015.169720425263
2026-01-18 04:00:00,9027.434261951894
2026-01-18 05:00:00,9001.620939993312
2026-01-18 06:00:00,9010.331867546587
2026-01-18 07:00:00,8999.063755551759
2026-01-18 08:00:00,8983.656787080632
2026-01-18 09:00:00,8962.525795261312
2026-01-18 10:00:00,8903.075753539997
2026-01-18 11:00:00,8914.90329542468
2026-01-18 12:00:00,8935.376897879776
2026-01-18 13:00:00,8879.6738227582
2026-01-18 14:00:00,8878.69868779448
2026-01-18 15:00:00,8851.84618721624
2026-01-18 16:00:00,8871.759037368349
2026-01-18 17:00:00,8827.727785354855
2026-01-18 18:00:00,8820.993853333865
2026-01-18 19:00:00,8805.85079774394
2026-01-18 20:00:00,8822.686701054568
2026-01-18 21:00:00,8804.397424909082
2026-01-18 22:00:00,8808.354625629821
2026-01-18 23:00:00,8819.811284737592
2026-01-19 00:00:00,8793.377056939764
2026-01-19 01:00:00,8812.319651434578
2026-01-19 02:00:00,8785.25457955042
2026-01-19 03:00:00,8782.907778732178
2026-01-19 04:00:00,8720.928121433213
2026-01-19 05:00:00,8721.61829362062
2026-01-19 06:00:00,8733.771586738309
2026-01-19 07:00:00,8739.177229286453
2026-01-19 08:00:00,8733.950921622461
2026-01-19 09:00:00,8734.843146873416
2026-01-19 10:00:00,8741.267757349815
2026-01-19 11:00:00,8744.82448891279
2026-01-19 12:00:00,8729.121166525634
2026-01-19 13:00:00,8728.797525276475
2026-01-19 14:00:00,8704.804859400454
2026-01-19 15:00:00,8729.938581064653
2026-01-19 16:00:00,8693.058581813963
2026-01-19 17:00:00,8720.30242677408
2026-01-19 18:00:00,8716.32176353808
2026-01-19 19:00:00,8731.086596238549
2026-01-19 20:00:00,8706.892280884133
2026-01-19 21:00:00,8706.452235137966
2026-01-19 22:00:00,8713.228826747436
2026-01-19 23:00:00,8711.016376704805
2026-01-20 00:00:00,8736.087603223667
2026-01-20 01:00:00,8714.922225750453
2026-01-20 02:00:00,8677.348792902969
2026-01-20 03:00:00,8741.358999612734
2026-01-20 04:00:00,8772.728049599562
2026-01-20 05:00:00,8842.243096828903
2026-01-20 06:00:00,8809.717613157605
2026-01-20 07:00:00,8842.692070759134
2026-01-20 08:00:00,8791.165291058189
2026-01-20 09:00:00,8817.76379602558
2026-01-20 10:00:00,8805.36713585417
2026-01-20 11:00:00,8808.96544168951
2026-01-20 12:00:00,8813.812467520791
2026-01-20 13:00:00,8867.624943675617
2026-01-20 14:00:00,8833.248218341125
2026-01-20 15:00:00,8788.434446224292
2026-01-20 16:00:00,8781.718479494019
2026-01-20 17:00:00,8715.431666254044
2026-01-20 18:00:00,8782.69693215816
2026-01-20 19:00:00,8806.593143087302
2026-01-20 20:00:00,8795.409110683859
2026-01-20 21:00:00,8794.235273176413
2026-01-20 22:00:00,8799.08782426332
2026-01-20 23:00:00,8774.000746814534
2026-01-21 00:00:00,8757.60623952079
2026-01-21 01:00:00,8787.821479895005
2026-01-21 02:00:00,8828.657415190664
2026-01-21 03:00:00,8915.016171024054
2026-01-21 04:00:00,8895.649867705413
2026-01-21 05:00:00,8861.019836128482
2026-01-21 06:00:00,8871.078924370919
2026-01-21 07:00:00,8854.828128300176
2026-01-21 08:00:00,8862.356616661596
2026-01-21 09:00:00,8904.941344267434
2026-01-21 10:00:00,8898.23396377121
2026-01-21 11:00:00,8877.598200221715
2026-01-21 12:00:00,8879.716876243554
2026-01-21 13:00:00,8887.482280992032
2026-01-21 14:00:00,8854.946713611473
2026-01-21 15:00:00,8851.32101198577
2026-01-21 16:00:00,8843.62486337886
2026-01-21 17:00:00,8798.43738518826
2026-01-21 18:00:00,8796.087350889879
2026-01-21 19:00:00,8818.191430831894
2026-01-21 20:00:00,8841.552543705593
2026-01-21 21:00:00,8837.47739322246
2026-01-21 22:00:00,8836.725022348553
2026-01-21 23:00:00,8828.738063127035
2026-01-22 00:00:00,8841.76466813646
2026-01-22 01:00:00,8891.310729307032
2026-01-22 02:00:00,8946.131175828263
2026-01-22 03:00:00,8928.127133745093
2026-01-22 04:00:00,8736.09607560278
2026-01-22 05:00:00,8601.673169762556
2026-01-22 06:00:00,8593.765575766232
2026-01-22 07:00:00,8595.348391807966
2026-01-22 08:00:00,8569.345312485764
2026-01-22 09:00:00,8532.77035966352
2026-01-22 10:00:00,8553.693124460135
2026-01-22 11:00:00,8578.721164558212
2026-01-22 12:00:00,8572.368472952918
2026-01-22 13:00:00,8557.651680356646
2026-01-22 14:00:00,8558.03048183713
2026-01-22 15:00:00,8557.313645560333
2026-01-22 16:00:00,8552.1654152925
2026-01-22 17:00:00,8528.91334547522
2026-01-22 18:00:00,8537.32465500302
2026-01-22 19:00:00,8528.703188646337
2026-01-22 20:00:00,8535.420242522989
2026-01-22 21:00:00,8535.824560723882
2026-01-22 22:00:00,8568.553928958438
2026-01-22 23:00:00,8558.814974820187
2026-01-23 00:00:00,8596.80569947002
2026-01-23 01:00:00,8632.587402380206
2026-01-23 02:00:00,8612.550524241224
2026-01-23 03:00:00,8599.322414621032
2026-01-23 04:00:00,8588.034137071687
2026-01-23 05:00:00,8600.43049807269
2026-01-23 06:00:00,8571.796989044178
2026-01-23 07:00:00,8562.319830988834
2026-01-23 08:00:00,8560.020505186627
2026-01-23 09:00:00,8579.507621425877
2026-01-23 10:00:00,8552.896871143541
2026-01-23 11:00:00,8553.89034356309
2026-01-23 12:00:00,8537.863459284652
2026-01-23 13:00:00,8542.267146350074
2026-01-23 14:00:00,8556.173035342797
2026-01-23 15:00:00,8546.325858636774
2026-01-23 16:00:00,8551.269420252002
2026-01-23 17:00:00,8554.014862759495
2026-01-23 18:00:00,8558.496679583805
2026-01-23 19:00:00,8582.382399537075
2026-01-23 20:00:00,8585.268842654132
2026-01-23 21:00:00,8584.508233444965
2026-01-23 22:00:00,8614.294927099376
2026-01-23 23:00:00,8597.114934248513
2026-01-24 00:00:00,8611.858422212801
2026-01-24 01:00:00,8646.226054991854
2026-01-24 02:00:00,8660.092888228608
2026-01-24 03:00:00,8656.684881286044
2026-01-24 04:00:00,8737.554984784574
2026-01-24 05:00:00,8671.658434558696
2026-01-24 06:00:00,8690.34478907577
2026-01-24 07:00:00,8710.76491205138
2026-01-24 08:00:00,8669.124927648292
2026-01-24 09:00:00,8655.58487222944
2026-01-24 10:00:00,8678.011060829174
2026-01-24 11:00:00,8675.459655603097
2026-01-24 12:00:00,8706.997739091312
2026-01-24 13:00:00,8715.02737626294
2026-01-24 14:00:00,8704.82454869714
2026-01-24 15:00:00,8676.4612518854
2026-01-24 16:00:00,8676.726738876167
2026-01-24 17:00:00,8671.280706101872
2026-01-24 18:00:00,8666.081376656864
2026-01-24 19:00:00,8669.84967262162
2026-01-24 20:00:00,8666.727155250142
2026-01-24 21:00:00,8627.50807986378
2026-01-24 22:00:00,8629.450817065595
2026-01-24 23:00:00,8636.654215438597
2026-01-25 00:00:00,8599.651200605287
2026-01-25 01:00:00,8591.272049173747
2026-01-25 02:00:00,8597.54439856812
2026-01-25 03:00:00,8607.700129174347
2026-01-25 04:00:00,8602.658410498112
2026-01-25 05:00:00,8638.267354816035
2026-01-25 06:00:00,8664.429988198937
2026-01-25 07:00:00,8658.627721709327
2026-01-25 08:00:00,8703.447158079623
2026-01-25 09:00:00,8692.058546690108
2026-01-25 10:00:00,8638.786951960892
2026-01-25 11:00:00,8634.216423751122
2026-01-25 12:00:00,8626.270544360397
2026-01-25 13:00:00,8629.658071976773
2026-01-25 14:00:00,8644.350532430322
2026-01-25 15:00:00,8677.698737239107
2026-01-25 16:00:00,8619.226507989571
2026-01-25 17:00:00,8534.295320964917
2026-01-25 18:00:00,8521.521114490575
2026-01-25 19:00:00,8531.069985295646
2026-01-25 20:00:00,8527.665606828688
2026-01-25 21:00:00,8527.415563915061
2026-01-25 22:00:00,8528.335834804531
2026-01-25 23:00:00,8521.22184463486
2026-01-26 00:00:00,8540.833521260292
2026-01-26 01:00:00,8463.417081975946
2026-01-26 02:00:00,8471.813818337256
2026-01-26 03:00:00,8449.096486257784
2026-01-26 04:00:00,8426.306922457528
2026-01-26 05:00:00,8430.09621711924
2026-01-26 06:00:00,8409.767555903854
2026-01-26 07:00:00,8428.130419627492
2026-01-26 08:00:00,8420.424367526271
2026-01-26 09:00:00,8443.695289535215
2026-01-26 10:00:00,8471.292022975676
2026-01-26 11:00:00,8529.38928856327
2026-01-26 12:00:00,8516.564739375877
2026-01-26 13:00:00,8484.70714599303
2026-01-26 14:00:00,8382.594930802748
2026-01-26 15:00:00,8418.50970965143
2026-01-26 16:00:00,8398.015170584682
2026-01-26 17:00:00,8347.026228517052
2026-01-26 18:00:00,8366.011990383871
2026-01-26 19:00:00,8358.421168783796
2026-01-26 20:00:00,8375.550343462297
2026-01-26 21:00:00,8366.663997644997
2026-01-26 22:00:00,8371.454725859587
2026-01-26 23:00:00,8340.085681052087
2026-01-27 00:00:00,8295.627217034194
2026-01-27 01:00:00,8269.999944497285
2026-01-27 02:00:00,8259.228855680516
2026-01-27 03:00:00,8262.557851399913
2026-01-27 04:00:00,8294.644636247303
2026-01-27 05:00:00,8273.695609556531
2026-01-27 06:00:00,8266.885199078848
2026-01-27 07:00:00,8263.790249382662
2026-01-27 08:00:00,8262.138650491868
2026-01-27 09:00:00,8240.595266436512
2026-01-27 10:00:00,8229.924792264143
2026-01-27 11:00:00,8236.778174356661
2026-01-27 12:00:00,8234.997721607218
2026-01-27 13:00:00,8210.865002986937
2026-01-27 14:00:00,8193.197516709995
2026-01-27 15:00:00,8186.672247657519
2026-01-27 16:00:00,8175.822818825029
2026-01-27 17:00:00,8160.625894442978
2026-01-27 18:00:00,8128.154433720463
2026-01-27 19:00:00,8168.749190159208
2026-01-27 20:00:00,8169.462152885805
2026-01-27 21:00:00,8171.049388800132
2026-01-27 22:00:00,8164.452732512718
2026-01-27 23:00:00,8175.178024638083
2026-01-28 00:00:00,8179.812234351545
2026-01-28 01:00:00,8132.5533705357875
2026-01-28 02:00:00,8129.417271260781
2026-01-28 03:00:00,8130.797797412386
2026-01-28 04:00:00,8119.388819409549
2026-01-28 05:00:00,8103.636381870766
2026-01-28 06:00:00,8111.118929341357
2026-01-28 07:00:00,8107.438767347103
2026-01-28 08:00:00,8093.541270181978
2026-01-28 09:00:00,8076.563219977658
2026-01-28 10:00:00,8072.795060154847
2026-01-28 11:00:00,8074.472358141055
2026-01-28 12:00:00,8060.037829449884
2026-01-28 13:00:00,7998.838226983411
2026-01-28 14:00:00,8041.495967061306
