coin,timestamp,price
0G,2025-12-29 08:00:00,1.0497
ANIME,2025-12-29 08:00:00,0.007902
BTC,2025-12-29 08:00:00,89513.0
KAITO,2025-12-29 08:00:00,0.54682
0G,2025-12-29 09:00:00,1.0637
ANIME,2025-12-29 09:00:00,0.007967
BTC,2025-12-29 09:00:00,88084.0
KAITO,2025-12-29 09:00:00,0.53559
0G,2025-12-29 10:00:00,1.0643
ANIME,2025-12-29 10:00:00,0.008001
BTC,2025-12-29 10:00:00,87742.0
KAITO,2025-12-29 10:00:00,0.53864
RESOLV,2025-12-29 10:00:00,0.072977
0G,2025-12-29 11:00:00,1.0686
ANIME,2025-12-29 11:00:00,0.008076
BTC,2025-12-29 11:00:00,87527.0
RESOLV,2025-12-29 11:00:00,0.072839
0G,2025-12-29 12:00:00,1.0448
ANIME,2025-12-29 12:00:00,0.007952
BTC,2025-12-29 12:00:00,87336.0
RESOLV,2025-12-29 12:00:00,0.074356
0G,2025-12-29 13:00:00,1.0415
ANIME,2025-12-29 13:00:00,0.007909
BTC,2025-12-29 13:00:00,87352.0
RESOLV,2025-12-29 13:00:00,0.073827
0G,2025-12-29 14:00:00,1.0201
ANIME,2025-12-29 14:00:00,0.007861
BTC,2025-12-29 14:00:00,87411.0
LAYER,2025-12-29 14:00:00,0.17206
RESOLV,2025-12-29 14:00:00,0.073025
0G,2025-12-29 15:00:00,1.0187
ANIME,2025-12-29 15:00:00,0.007883
BTC,2025-12-29 15:00:00,87667.0
LAYER,2025-12-29 15:00:00,0.17529
SOPH,2025-12-29 15:00:00,0.012715
0G,2025-12-29 16:00:00,1.0228
ANIME,2025-12-29 16:00:00,0.008245
BTC,2025-12-29 16:00:00,87609.0
LAYER,2025-12-29 16:00:00,0.17203
SOPH,2025-12-29 16:00:00,0.012723
0G,2025-12-29 17:00:00,1.0186
ANIME,2025-12-29 17:00:00,0.008061
BTC,2025-12-29 17:00:00,87835.0
LAYER,2025-12-29 17:00:00,0.17219
0G,2025-12-29 18:00:00,1.0081
ANIME,2025-12-29 18:00:00,0.007972
BTC,2025-12-29 18:00:00,87428.0
LAYER,2025-12-29 18:00:00,0.17036
RESOLV,2025-12-29 18:00:00,0.072259
0G,2025-12-29 19:00:00,1.0145
ANIME,2025-12-29 19:00:00,0.007893
BTC,2025-12-29 19:00:00,87337.0
RESOLV,2025-12-29 19:00:00,0.072696
0G,2025-12-29 20:00:00,1.0065
ANIME,2025-12-29 20:00:00,0.007859
BTC,2025-12-29 20:00:00,87215.0
RESOLV,2025-12-29 20:00:00,0.072121
0G,2025-12-29 21:00:00,1.0025
ANIME,2025-12-29 21:00:00,0.007907
BLAST,2025-12-29 21:00:00,0.000703
BTC,2025-12-29 21:00:00,87337.0
RESOLV,2025-12-29 21:00:00,0.072544
0G,2025-12-29 22:00:00,1.0099
ANIME,2025-12-29 22:00:00,0.008015
BLAST,2025-12-29 22:00:00,0.000701
BTC,2025-12-29 22:00:00,87343.0
KAITO,2025-12-29 22:00:00,0.53722
0G,2025-12-29 23:00:00,1.0017
ANIME,2025-12-29 23:00:00,0.007833
BTC,2025-12-29 23:00:00,87228.0
KAITO,2025-12-29 23:00:00,0.54102
0G,2025-12-30 00:00:00,0.99885
ANIME,2025-12-30 00:00:00,0.00759
BTC,2025-12-30 00:00:00,87250.0
KAITO,2025-12-30 00:00:00,0.5341
0G,2025-12-30 01:00:00,1.0066
ANIME,2025-12-30 01:00:00,0.007487
BTC,2025-12-30 01:00:00,87298.0
KAITO,2025-12-30 01:00:00,0.52932
0G,2025-12-30 02:00:00,0.98068
ANIME,2025-12-30 02:00:00,0.007431
BTC,2025-12-30 02:00:00,87094.0
KAITO,2025-12-30 02:00:00,0.53411
SOPH,2025-12-30 02:00:00,0.01286
0G,2025-12-30 03:00:00,0.98385
BTC,2025-12-30 03:00:00,87356.0
KAITO,2025-12-30 03:00:00,0.5249
SOPH,2025-12-30 03:00:00,0.012996
TST,2025-12-30 03:00:00,0.0194
0G,2025-12-30 04:00:00,0.97659
BTC,2025-12-30 04:00:00,87287.0
SOPH,2025-12-30 04:00:00,0.012824
TST,2025-12-30 04:00:00,0.01927
0G,2025-12-30 05:00:00,0.96197
BLAST,2025-12-30 05:00:00,0.000687
BTC,2025-12-30 05:00:00,87240.0
SOPH,2025-12-30 05:00:00,0.012606
TST,2025-12-30 05:00:00,0.0194
0G,2025-12-30 06:00:00,0.95998
BLAST,2025-12-30 06:00:00,0.000687
BTC,2025-12-30 06:00:00,87433.0
TST,2025-12-30 06:00:00,0.019289
0G,2025-12-30 07:00:00,0.96642
BLAST,2025-12-30 07:00:00,0.000688
BTC,2025-12-30 07:00:00,87482.0
TST,2025-12-30 07:00:00,0.0193
0G,2025-12-30 08:00:00,0.97551
BLAST,2025-12-30 08:00:00,0.000694
BTC,2025-12-30 08:00:00,87849.0
TST,2025-12-30 08:00:00,0.019424
0G,2025-12-30 09:00:00,1.0023
BLAST,2025-12-30 09:00:00,0.000697
BTC,2025-12-30 09:00:00,87982.0
SOPH,2025-12-30 09:00:00,0.012743
TST,2025-12-30 09:00:00,0.019466
0G,2025-12-30 10:00:00,0.98213
BLAST,2025-12-30 10:00:00,0.000694
BTC,2025-12-30 10:00:00,87940.0
SOPH,2025-12-30 10:00:00,0.012778
TST,2025-12-30 10:00:00,0.01945
0G,2025-12-30 11:00:00,0.98386
BLAST,2025-12-30 11:00:00,0.000699
BTC,2025-12-30 11:00:00,87874.0
TST,2025-12-30 11:00:00,0.01943
WCT,2025-12-30 11:00:00,0.090918
0G,2025-12-30 12:00:00,0.97847
BTC,2025-12-30 12:00:00,87999.0
TST,2025-12-30 12:00:00,0.019434
WCT,2025-12-30 12:00:00,0.095067
0G,2025-12-30 13:00:00,0.97703
BTC,2025-12-30 13:00:00,88096.0
TST,2025-12-30 13:00:00,0.019432
WCT,2025-12-30 13:00:00,0.09406
0G,2025-12-30 14:00:00,0.97977
BTC,2025-12-30 14:00:00,88845.0
TST,2025-12-30 14:00:00,0.019295
WCT,2025-12-30 14:00:00,0.09527
0G,2025-12-30 15:00:00,0.98675
BTC,2025-12-30 15:00:00,88973.0
TST,2025-12-30 15:00:00,0.019399
WCT,2025-12-30 15:00:00,0.093604
0G,2025-12-30 16:00:00,0.98604
BTC,2025-12-30 16:00:00,88721.0
TST,2025-12-30 16:00:00,0.019382
WCT,2025-12-30 16:00:00,0.089746
0G,2025-12-30 17:00:00,0.98736
BTC,2025-12-30 17:00:00,88338.0
TST,2025-12-30 17:00:00,0.019382
WCT,2025-12-30 17:00:00,0.094194
0G,2025-12-30 18:00:00,0.99799
BTC,2025-12-30 18:00:00,88273.0
TST,2025-12-30 18:00:00,0.019301
WCT,2025-12-30 18:00:00,0.093971
0G,2025-12-30 19:00:00,1.0127
BTC,2025-12-30 19:00:00,88184.0
TST,2025-12-30 19:00:00,0.01929
WCT,2025-12-30 19:00:00,0.093158
0G,2025-12-30 20:00:00,0.99897
BTC,2025-12-30 20:00:00,87894.0
TST,2025-12-30 20:00:00,0.019248
WCT,2025-12-30 20:00:00,0.091726
0G,2025-12-30 21:00:00,1.0075
BTC,2025-12-30 21:00:00,88251.0
TST,2025-12-30 21:00:00,0.019249
WCT,2025-12-30 21:00:00,0.091895
0G,2025-12-30 22:00:00,1.0111
BTC,2025-12-30 22:00:00,88412.0
TST,2025-12-30 22:00:00,0.019227
WCT,2025-12-30 22:00:00,0.090544
0G,2025-12-30 23:00:00,1.009
BTC,2025-12-30 23:00:00,88466.0
TST,2025-12-30 23:00:00,0.019221
WCT,2025-12-30 23:00:00,0.095206
0G,2025-12-31 00:00:00,1.0021
BTC,2025-12-31 00:00:00,88239.0
TST,2025-12-31 00:00:00,0.019091
WCT,2025-12-31 00:00:00,0.090244
0G,2025-12-31 01:00:00,0.9798
BTC,2025-12-31 01:00:00,88629.0
TST,2025-12-31 01:00:00,0.01959
VVV,2025-12-31 01:00:00,1.6593
WCT,2025-12-31 01:00:00,0.088073
0G,2025-12-31 02:00:00,0.98637
BTC,2025-12-31 02:00:00,88644.0
TST,2025-12-31 02:00:00,0.020066
VVV,2025-12-31 02:00:00,1.6689
0G,2025-12-31 03:00:00,0.98129
BTC,2025-12-31 03:00:00,88422.0
TST,2025-12-31 03:00:00,0.020498
VVV,2025-12-31 03:00:00,1.6662
0G,2025-12-31 04:00:00,0.97415
BTC,2025-12-31 04:00:00,88307.0
TST,2025-12-31 04:00:00,0.020698
VVV,2025-12-31 04:00:00,1.6716
0G,2025-12-31 05:00:00,0.97681
BTC,2025-12-31 05:00:00,88431.0
TST,2025-12-31 05:00:00,0.020349
VVV,2025-12-31 05:00:00,1.6686
0G,2025-12-31 06:00:00,0.98519
BTC,2025-12-31 06:00:00,88486.0
TST,2025-12-31 06:00:00,0.016931
VVV,2025-12-31 06:00:00,1.6792
WCT,2025-12-31 06:00:00,0.086545
0G,2025-12-31 07:00:00,0.98718
BTC,2025-12-31 07:00:00,88578.0
TST,2025-12-31 07:00:00,0.015291
VVV,2025-12-31 07:00:00,1.6632
WCT,2025-12-31 07:00:00,0.086508
0G,2025-12-31 08:00:00,0.97801
BTC,2025-12-31 08:00:00,88404.0
TST,2025-12-31 08:00:00,0.015621
VVV,2025-12-31 08:00:00,1.6489
0G,2025-12-31 09:00:00,0.98053
BTC,2025-12-31 09:00:00,88640.0
RESOLV,2025-12-31 09:00:00,0.070241
TST,2025-12-31 09:00:00,0.01561
VVV,2025-12-31 09:00:00,1.6545
0G,2025-12-31 10:00:00,0.97334
BTC,2025-12-31 10:00:00,88809.0
RESOLV,2025-12-31 10:00:00,0.069892
TST,2025-12-31 10:00:00,0.015339
VVV,2025-12-31 10:00:00,1.6733
0G,2025-12-31 11:00:00,0.97862
BTC,2025-12-31 11:00:00,88985.0
RESOLV,2025-12-31 11:00:00,0.07009
VVV,2025-12-31 11:00:00,1.6664
0G,2025-12-31 12:00:00,0.97074
BTC,2025-12-31 12:00:00,88746.0
RESOLV,2025-12-31 12:00:00,0.069548
VVV,2025-12-31 12:00:00,1.6617
0G,2025-12-31 13:00:00,0.97518
BTC,2025-12-31 13:00:00,88957.0
RESOLV,2025-12-31 13:00:00,0.069739
VVV,2025-12-31 13:00:00,1.6572
0G,2025-12-31 14:00:00,0.9767
BTC,2025-12-31 14:00:00,88445.0
RESOLV,2025-12-31 14:00:00,0.06973
VVV,2025-12-31 14:00:00,1.666
ZORA,2025-12-31 14:00:00,0.035949
0G,2025-12-31 15:00:00,0.97978
BLAST,2025-12-31 15:00:00,0.000698
BTC,2025-12-31 15:00:00,87927.0
RESOLV,2025-12-31 15:00:00,0.07016
ZORA,2025-12-31 15:00:00,0.035967
0G,2025-12-31 16:00:00,0.97071
BLAST,2025-12-31 16:00:00,0.000688
BTC,2025-12-31 16:00:00,87630.0
RESOLV,2025-12-31 16:00:00,0.069718
0G,2025-12-31 17:00:00,0.95976
BLAST,2025-12-31 17:00:00,0.000685
BTC,2025-12-31 17:00:00,87599.0
RESOLV,2025-12-31 17:00:00,0.06945
ZORA,2025-12-31 17:00:00,0.034978
0G,2025-12-31 18:00:00,0.96285
BTC,2025-12-31 18:00:00,87673.0
RESOLV,2025-12-31 18:00:00,0.069591
USUAL,2025-12-31 18:00:00,0.02401
ZORA,2025-12-31 18:00:00,0.034943
0G,2025-12-31 19:00:00,0.97607
BTC,2025-12-31 19:00:00,87534.0
RESOLV,2025-12-31 19:00:00,0.069644
USUAL,2025-12-31 19:00:00,0.0245
ZORA,2025-12-31 19:00:00,0.034543
0G,2025-12-31 20:00:00,0.97064
BTC,2025-12-31 20:00:00,87660.0
RESOLV,2025-12-31 20:00:00,0.069166
USUAL,2025-12-31 20:00:00,0.02456
ZORA,2025-12-31 20:00:00,0.034703
0G,2025-12-31 21:00:00,0.96794
BTC,2025-12-31 21:00:00,87794.0
RESOLV,2025-12-31 21:00:00,0.069187
USUAL,2025-12-31 21:00:00,0.02451
0G,2025-12-31 22:00:00,0.97078
BTC,2025-12-31 22:00:00,87727.0
RESOLV,2025-12-31 22:00:00,0.068957
USUAL,2025-12-31 22:00:00,0.0246
ZORA,2025-12-31 22:00:00,0.035638
0G,2025-12-31 23:00:00,0.97735
BTC,2025-12-31 23:00:00,87632.0
RESOLV,2025-12-31 23:00:00,0.069149
USUAL,2025-12-31 23:00:00,0.02449
ZORA,2025-12-31 23:00:00,0.035886
0G,2026-01-01 00:00:00,0.96472
BTC,2026-01-01 00:00:00,87807.0
CELO,2026-01-01 00:00:00,0.11002
RESOLV,2026-01-01 00:00:00,0.069654
ZORA,2026-01-01 00:00:00,0.035661
0G,2026-01-01 01:00:00,0.96004
BTC,2026-01-01 01:00:00,87955.0
CELO,2026-01-01 01:00:00,0.10994
RESOLV,2026-01-01 01:00:00,0.069686
ZORA,2026-01-01 01:00:00,0.035393
0G,2026-01-01 02:00:00,0.97817
BTC,2026-01-01 02:00:00,87902.0
RESOLV,2026-01-01 02:00:00,0.069583
ZORA,2026-01-01 02:00:00,0.035359
0G,2026-01-01 03:00:00,0.97333
BTC,2026-01-01 03:00:00,87839.0
RESOLV,2026-01-01 03:00:00,0.06945
ZORA,2026-01-01 03:00:00,0.035064
0G,2026-01-01 04:00:00,0.96669
BTC,2026-01-01 04:00:00,87597.0
RESOLV,2026-01-01 04:00:00,0.06962
TRUMP,2026-01-01 04:00:00,4.7076
ZORA,2026-01-01 04:00:00,0.034669
0G,2026-01-01 05:00:00,0.96508
BTC,2026-01-01 05:00:00,87718.0
CELO,2026-01-01 05:00:00,0.11036
TRUMP,2026-01-01 05:00:00,4.7131
ZORA,2026-01-01 05:00:00,0.035058
0G,2026-01-01 06:00:00,0.96038
BTC,2026-01-01 06:00:00,87664.0
CELO,2026-01-01 06:00:00,0.10958
TRUMP,2026-01-01 06:00:00,4.7171
ZORA,2026-01-01 06:00:00,0.034611
0G,2026-01-01 07:00:00,0.95763
BTC,2026-01-01 07:00:00,87642.0
TRUMP,2026-01-01 07:00:00,4.7234
ZORA,2026-01-01 07:00:00,0.034961
kNEIRO,2026-01-01 07:00:00,0.10466
0G,2026-01-01 08:00:00,0.95494
BTC,2026-01-01 08:00:00,87774.0
TRUMP,2026-01-01 08:00:00,4.7181
ZORA,2026-01-01 08:00:00,0.034873
kNEIRO,2026-01-01 08:00:00,0.10503
0G,2026-01-01 09:00:00,0.95411
BTC,2026-01-01 09:00:00,87878.0
MOODENG,2026-01-01 09:00:00,0.068974
TRUMP,2026-01-01 09:00:00,4.7346
ZORA,2026-01-01 09:00:00,0.034806
0G,2026-01-01 10:00:00,0.96422
BTC,2026-01-01 10:00:00,87860.0
MOODENG,2026-01-01 10:00:00,0.069179
RESOLV,2026-01-01 10:00:00,0.069381
TRUMP,2026-01-01 10:00:00,4.711
0G,2026-01-01 11:00:00,0.96514
BTC,2026-01-01 11:00:00,88022.0
IP,2026-01-01 11:00:00,1.9067
RESOLV,2026-01-01 11:00:00,0.069651
TRUMP,2026-01-01 11:00:00,4.7266
ZORA,2026-01-01 11:00:00,0.034934
0G,2026-01-01 12:00:00,0.96803
BTC,2026-01-01 12:00:00,87947.0
IP,2026-01-01 12:00:00,2.064
RESOLV,2026-01-01 12:00:00,0.069555
ZORA,2026-01-01 12:00:00,0.034946
0G,2026-01-01 13:00:00,0.96865
BTC,2026-01-01 13:00:00,87899.0
IP,2026-01-01 13:00:00,2.0751
RESOLV,2026-01-01 13:00:00,0.069531
USUAL,2026-01-01 13:00:00,0.02473
0G,2026-01-01 14:00:00,0.96851
BTC,2026-01-01 14:00:00,87936.0
IP,2026-01-01 14:00:00,2.013
USUAL,2026-01-01 14:00:00,0.02481
0G,2026-01-01 15:00:00,0.96781
BTC,2026-01-01 15:00:00,88011.0
IP,2026-01-01 15:00:00,1.912
USUAL,2026-01-01 15:00:00,0.02506
0G,2026-01-01 16:00:00,0.9828
BTC,2026-01-01 16:00:00,87968.0
IP,2026-01-01 16:00:00,1.8866
RESOLV,2026-01-01 16:00:00,0.069159
USUAL,2026-01-01 16:00:00,0.02566
kNEIRO,2026-01-01 16:00:00,0.10862
0G,2026-01-01 17:00:00,0.98403
BLAST,2026-01-01 17:00:00,0.0007
BTC,2026-01-01 17:00:00,88293.0
RESOLV,2026-01-01 17:00:00,0.069515
kNEIRO,2026-01-01 17:00:00,0.11704
0G,2026-01-01 18:00:00,0.98222
BLAST,2026-01-01 18:00:00,0.000704
BTC,2026-01-01 18:00:00,88169.0
RESOLV,2026-01-01 18:00:00,0.069644
0G,2026-01-01 19:00:00,0.97598
ANIME,2026-01-01 19:00:00,0.007165
BLAST,2026-01-01 19:00:00,0.000705
BTC,2026-01-01 19:00:00,88377.0
RESOLV,2026-01-01 19:00:00,0.069741
ANIME,2026-01-01 20:00:00,0.007152
BLAST,2026-01-01 20:00:00,0.000705
BTC,2026-01-01 20:00:00,88238.0
RESOLV,2026-01-01 20:00:00,0.069709
ANIME,2026-01-01 21:00:00,0.007172
BLAST,2026-01-01 21:00:00,0.000706
BTC,2026-01-01 21:00:00,88365.0
IP,2026-01-01 21:00:00,2.0015
RESOLV,2026-01-01 21:00:00,0.069604
BLAST,2026-01-01 22:00:00,0.000707
BTC,2026-01-01 22:00:00,88637.0
IP,2026-01-01 22:00:00,1.9819
RESOLV,2026-01-01 22:00:00,0.070557
BLAST,2026-01-01 23:00:00,0.000707
BTC,2026-01-01 23:00:00,88809.0
IP,2026-01-01 23:00:00,1.9661
RESOLV,2026-01-01 23:00:00,0.07048
0G,2026-01-02 00:00:00,0.96677
BLAST,2026-01-02 00:00:00,0.000706
BTC,2026-01-02 00:00:00,88802.0
IP,2026-01-02 00:00:00,1.914
RESOLV,2026-01-02 00:00:00,0.070107
0G,2026-01-02 01:00:00,0.96806
BLAST,2026-01-02 01:00:00,0.000715
BTC,2026-01-02 01:00:00,88618.0
DOOD,2026-01-02 01:00:00,0.005969
IP,2026-01-02 01:00:00,2.0329
RESOLV,2026-01-02 01:00:00,0.0699
BTC,2026-01-02 02:00:00,88606.0
DOOD,2026-01-02 02:00:00,0.005921
IP,2026-01-02 02:00:00,2.172
RESOLV,2026-01-02 02:00:00,0.069824
BTC,2026-01-02 03:00:00,88910.0
DOOD,2026-01-02 03:00:00,0.005914
IP,2026-01-02 03:00:00,2.2429
RESOLV,2026-01-02 03:00:00,0.070234
BTC,2026-01-02 04:00:00,88599.0
DOOD,2026-01-02 04:00:00,0.005968
IP,2026-01-02 04:00:00,2.1934
RESOLV,2026-01-02 04:00:00,0.069991
ANIME,2026-01-02 05:00:00,0.007166
BTC,2026-01-02 05:00:00,88724.0
DOOD,2026-01-02 05:00:00,0.005887
IP,2026-01-02 05:00:00,2.1266
RESOLV,2026-01-02 05:00:00,0.070577
ANIME,2026-01-02 06:00:00,0.007164
BTC,2026-01-02 06:00:00,88906.0
DOOD,2026-01-02 06:00:00,0.005839
IP,2026-01-02 06:00:00,2.1364
RESOLV,2026-01-02 06:00:00,0.070725
BTC,2026-01-02 07:00:00,88827.0
DOOD,2026-01-02 07:00:00,0.005913
IP,2026-01-02 07:00:00,2.1081
RESOLV,2026-01-02 07:00:00,0.071466
ANIME,2026-01-02 08:00:00,0.007166
BTC,2026-01-02 08:00:00,89149.0
DOOD,2026-01-02 08:00:00,0.005818
IP,2026-01-02 08:00:00,2.0924
RESOLV,2026-01-02 08:00:00,0.071076
ANIME,2026-01-02 09:00:00,0.007195
BTC,2026-01-02 09:00:00,89436.0
IP,2026-01-02 09:00:00,2.0871
RESOLV,2026-01-02 09:00:00,0.070925
ANIME,2026-01-02 10:00:00,0.007218
BTC,2026-01-02 10:00:00,89618.0
IP,2026-01-02 10:00:00,2.0862
RESOLV,2026-01-02 10:00:00,0.070793
ANIME,2026-01-02 11:00:00,0.007159
BTC,2026-01-02 11:00:00,89459.0
IP,2026-01-02 11:00:00,2.0597
RESOLV,2026-01-02 11:00:00,0.070227
ANIME,2026-01-02 12:00:00,0.007211
BTC,2026-01-02 12:00:00,89361.0
IP,2026-01-02 12:00:00,2.0574
RESOLV,2026-01-02 12:00:00,0.070183
ZORA,2026-01-02 12:00:00,0.036869
ANIME,2026-01-02 13:00:00,0.007153
BTC,2026-01-02 13:00:00,89297.0
IP,2026-01-02 13:00:00,2.1158
RESOLV,2026-01-02 13:00:00,0.06978
ZORA,2026-01-02 13:00:00,0.036684
ANIME,2026-01-02 14:00:00,0.007236
BTC,2026-01-02 14:00:00,89530.0
IP,2026-01-02 14:00:00,2.1436
RESOLV,2026-01-02 14:00:00,0.07017
ANIME,2026-01-02 15:00:00,0.007225
BTC,2026-01-02 15:00:00,89366.0
IP,2026-01-02 15:00:00,2.1
RESOLV,2026-01-02 15:00:00,0.069996
ANIME,2026-01-02 16:00:00,0.007271
BLAST,2026-01-02 16:00:00,0.00072
BTC,2026-01-02 16:00:00,90340.0
IP,2026-01-02 16:00:00,2.089
RESOLV,2026-01-02 16:00:00,0.070885
ANIME,2026-01-02 17:00:00,0.007281
BLAST,2026-01-02 17:00:00,0.000723
BTC,2026-01-02 17:00:00,90310.0
IP,2026-01-02 17:00:00,2.069
RESOLV,2026-01-02 17:00:00,0.07099
ANIME,2026-01-02 18:00:00,0.007332
BLAST,2026-01-02 18:00:00,0.000717
BTC,2026-01-02 18:00:00,89740.0
IP,2026-01-02 18:00:00,2.1092
RESOLV,2026-01-02 18:00:00,0.071102
ANIME,2026-01-02 19:00:00,0.007328
BLAST,2026-01-02 19:00:00,0.00072
BTC,2026-01-02 19:00:00,89849.0
IP,2026-01-02 19:00:00,2.089
RESOLV,2026-01-02 19:00:00,0.071575
ANIME,2026-01-02 20:00:00,0.007321
BTC,2026-01-02 20:00:00,89735.0
IP,2026-01-02 20:00:00,2.0678
RESOLV,2026-01-02 20:00:00,0.07128
ANIME,2026-01-02 21:00:00,0.007343
BLAST,2026-01-02 21:00:00,0.000722
BTC,2026-01-02 21:00:00,90027.0
IP,2026-01-02 21:00:00,2.069
KAITO,2026-01-02 21:00:00,0.53336
RESOLV,2026-01-02 21:00:00,0.071312
ANIME,2026-01-02 22:00:00,0.007349
BLAST,2026-01-02 22:00:00,0.000722
BTC,2026-01-02 22:00:00,90149.0
IP,2026-01-02 22:00:00,2.1032
KAITO,2026-01-02 22:00:00,0.53563
ANIME,2026-01-02 23:00:00,0.007331
BLAST,2026-01-02 23:00:00,0.000723
BTC,2026-01-02 23:00:00,89932.0
IP,2026-01-02 23:00:00,2.1
LAYER,2026-01-02 23:00:00,0.17717
ANIME,2026-01-03 00:00:00,0.007371
BLAST,2026-01-03 00:00:00,0.000734
BTC,2026-01-03 00:00:00,90112.0
HYPER,2026-01-03 00:00:00,0.12533
IP,2026-01-03 00:00:00,2.1111
LAYER,2026-01-03 00:00:00,0.17707
BLAST,2026-01-03 01:00:00,0.000732
BTC,2026-01-03 01:00:00,90236.0
HYPER,2026-01-03 01:00:00,0.1258
IP,2026-01-03 01:00:00,2.1702
KAITO,2026-01-03 01:00:00,0.5725
BLAST,2026-01-03 02:00:00,0.000735
BTC,2026-01-03 02:00:00,90300.0
IP,2026-01-03 02:00:00,2.1379
KAITO,2026-01-03 02:00:00,0.5697
RESOLV,2026-01-03 02:00:00,0.074511
BLAST,2026-01-03 03:00:00,0.000735
BTC,2026-01-03 03:00:00,90274.0
IP,2026-01-03 03:00:00,2.1159
KAITO,2026-01-03 03:00:00,0.5648
RESOLV,2026-01-03 03:00:00,0.074687
BLAST,2026-01-03 04:00:00,0.000734
BTC,2026-01-03 04:00:00,90119.0
IP,2026-01-03 04:00:00,2.1779
KAITO,2026-01-03 04:00:00,0.56409
RESOLV,2026-01-03 04:00:00,0.073303
BLAST,2026-01-03 05:00:00,0.000732
BTC,2026-01-03 05:00:00,90000.0
IP,2026-01-03 05:00:00,2.1511
KAITO,2026-01-03 05:00:00,0.5571
MELANIA,2026-01-03 05:00:00,0.12317
RESOLV,2026-01-03 05:00:00,0.073349
BLAST,2026-01-03 06:00:00,0.000727
BTC,2026-01-03 06:00:00,89836.0
KAITO,2026-01-03 06:00:00,0.54947
MELANIA,2026-01-03 06:00:00,0.12168
MON,2026-01-03 06:00:00,0.027693
BLAST,2026-01-03 07:00:00,0.000723
BTC,2026-01-03 07:00:00,89528.0
IP,2026-01-03 07:00:00,2.0748
KAITO,2026-01-03 07:00:00,0.54783
MON,2026-01-03 07:00:00,0.027828
BLAST,2026-01-03 08:00:00,0.000724
BTC,2026-01-03 08:00:00,89637.0
IP,2026-01-03 08:00:00,2.0792
KAITO,2026-01-03 08:00:00,0.5508
BLAST,2026-01-03 09:00:00,0.000725
BTC,2026-01-03 09:00:00,89751.0
IP,2026-01-03 09:00:00,2.0875
KAITO,2026-01-03 09:00:00,0.55957
BLAST,2026-01-03 10:00:00,0.000725
BTC,2026-01-03 10:00:00,89724.0
IP,2026-01-03 10:00:00,2.1018
KAITO,2026-01-03 10:00:00,0.5705
RESOLV,2026-01-03 10:00:00,0.071831
BTC,2026-01-03 11:00:00,89720.0
IP,2026-01-03 11:00:00,2.1274
KAITO,2026-01-03 11:00:00,0.55258
RESOLV,2026-01-03 11:00:00,0.071508
BTC,2026-01-03 12:00:00,90006.0
IP,2026-01-03 12:00:00,2.113
KAITO,2026-01-03 12:00:00,0.5539
RESOLV,2026-01-03 12:00:00,0.072556
BTC,2026-01-03 13:00:00,89980.0
IP,2026-01-03 13:00:00,2.1119
KAITO,2026-01-03 13:00:00,0.55705
RESOLV,2026-01-03 13:00:00,0.072524
BLAST,2026-01-03 14:00:00,0.000732
BTC,2026-01-03 14:00:00,90093.0
IP,2026-01-03 14:00:00,2.0976
KAITO,2026-01-03 14:00:00,0.55784
RESOLV,2026-01-03 14:00:00,0.072001
BLAST,2026-01-03 15:00:00,0.000733
BTC,2026-01-03 15:00:00,89934.0
KAITO,2026-01-03 15:00:00,0.55642
RESOLV,2026-01-03 15:00:00,0.071595
BLAST,2026-01-03 16:00:00,0.000737
BTC,2026-01-03 16:00:00,90069.0
KAITO,2026-01-03 16:00:00,0.55741
RESOLV,2026-01-03 16:00:00,0.072132
SOPH,2026-01-03 16:00:00,0.013131
0G,2026-01-03 17:00:00,0.99085
BLAST,2026-01-03 17:00:00,0.000737
BTC,2026-01-03 17:00:00,90060.0
KAITO,2026-01-03 17:00:00,0.5574
SOPH,2026-01-03 17:00:00,0.013081
0G,2026-01-03 18:00:00,0.98761
BLAST,2026-01-03 18:00:00,0.000736
BTC,2026-01-03 18:00:00,90099.0
KAITO,2026-01-03 18:00:00,0.55694
MELANIA,2026-01-03 18:00:00,0.13644
RESOLV,2026-01-03 18:00:00,0.072926
0G,2026-01-03 19:00:00,0.9872
BLAST,2026-01-03 19:00:00,0.000742
BTC,2026-01-03 19:00:00,90079.0
KAITO,2026-01-03 19:00:00,0.55497
MELANIA,2026-01-03 19:00:00,0.13958
RESOLV,2026-01-03 19:00:00,0.073006
0G,2026-01-03 20:00:00,0.98556
BLAST,2026-01-03 20:00:00,0.000736
BTC,2026-01-03 20:00:00,90340.0
KAITO,2026-01-03 20:00:00,0.5543
0G,2026-01-03 21:00:00,0.98923
BLAST,2026-01-03 21:00:00,0.000735
BTC,2026-01-03 21:00:00,90527.0
KAITO,2026-01-03 21:00:00,0.55573
MELANIA,2026-01-03 21:00:00,0.13832
0G,2026-01-03 22:00:00,0.99185
BLAST,2026-01-03 22:00:00,0.000739
BTC,2026-01-03 22:00:00,90546.0
KAITO,2026-01-03 22:00:00,0.55987
MELANIA,2026-01-03 22:00:00,0.13685
0G,2026-01-03 23:00:00,0.99591
BLAST,2026-01-03 23:00:00,0.000743
BTC,2026-01-03 23:00:00,90600.0
KAITO,2026-01-03 23:00:00,0.56119
MELANIA,2026-01-03 23:00:00,0.13707
0G,2026-01-04 00:00:00,1.0033
BLAST,2026-01-04 00:00:00,0.000745
BTC,2026-01-04 00:00:00,91308.0
KAITO,2026-01-04 00:00:00,0.5547
PROVE,2026-01-04 00:00:00,0.43623
0G,2026-01-04 01:00:00,0.99486
BTC,2026-01-04 01:00:00,91182.0
KAITO,2026-01-04 01:00:00,0.55488
MELANIA,2026-01-04 01:00:00,0.13844
PROVE,2026-01-04 01:00:00,0.43415
0G,2026-01-04 02:00:00,0.98886
BTC,2026-01-04 02:00:00,91091.0
KAITO,2026-01-04 02:00:00,0.55518
MELANIA,2026-01-04 02:00:00,0.13772
SOPH,2026-01-04 02:00:00,0.014179
0G,2026-01-04 03:00:00,0.99051
BLAST,2026-01-04 03:00:00,0.000757
BTC,2026-01-04 03:00:00,91190.0
KAITO,2026-01-04 03:00:00,0.55575
SOPH,2026-01-04 03:00:00,0.014107
0G,2026-01-04 04:00:00,0.98714
BLAST,2026-01-04 04:00:00,0.000758
BTC,2026-01-04 04:00:00,91370.0
PROVE,2026-01-04 04:00:00,0.43667
SOPH,2026-01-04 04:00:00,0.014041
0G,2026-01-04 05:00:00,0.98852
BLAST,2026-01-04 05:00:00,0.000756
BTC,2026-01-04 05:00:00,91443.0
PROVE,2026-01-04 05:00:00,0.43815
SOPH,2026-01-04 05:00:00,0.013989
0G,2026-01-04 06:00:00,0.97955
BLAST,2026-01-04 06:00:00,0.000745
BTC,2026-01-04 06:00:00,91180.0
CELO,2026-01-04 06:00:00,0.12446
SOPH,2026-01-04 06:00:00,0.013799
0G,2026-01-04 07:00:00,0.98396
BLAST,2026-01-04 07:00:00,0.000748
BTC,2026-01-04 07:00:00,91494.0
CELO,2026-01-04 07:00:00,0.12619
SOPH,2026-01-04 07:00:00,0.013911
0G,2026-01-04 08:00:00,0.97628
BLAST,2026-01-04 08:00:00,0.000746
BTC,2026-01-04 08:00:00,91331.0
CELO,2026-01-04 08:00:00,0.12815
KAITO,2026-01-04 08:00:00,0.55144
SOPH,2026-01-04 08:00:00,0.013853
0G,2026-01-04 09:00:00,0.97855
ANIME,2026-01-04 09:00:00,0.007345
BTC,2026-01-04 09:00:00,91419.0
CELO,2026-01-04 09:00:00,0.12756
KAITO,2026-01-04 09:00:00,0.55302
ZORA,2026-01-04 09:00:00,0.042791
0G,2026-01-04 10:00:00,0.98055
ANIME,2026-01-04 10:00:00,0.007358
BTC,2026-01-04 10:00:00,91559.0
PROVE,2026-01-04 10:00:00,0.43604
ZORA,2026-01-04 10:00:00,0.043346
0G,2026-01-04 11:00:00,0.98351
BTC,2026-01-04 11:00:00,91256.0
CELO,2026-01-04 11:00:00,0.12745
KAITO,2026-01-04 11:00:00,0.55348
PROVE,2026-01-04 11:00:00,0.44
ZORA,2026-01-04 11:00:00,0.043168
0G,2026-01-04 12:00:00,0.98551
BTC,2026-01-04 12:00:00,91101.0
CELO,2026-01-04 12:00:00,0.12704
DOOD,2026-01-04 12:00:00,0.006567
KAITO,2026-01-04 12:00:00,0.5534
0G,2026-01-04 13:00:00,0.97965
BTC,2026-01-04 13:00:00,91226.0
CELO,2026-01-04 13:00:00,0.12833
DOOD,2026-01-04 13:00:00,0.006564
KAITO,2026-01-04 13:00:00,0.55363
0G,2026-01-04 14:00:00,0.9791
BTC,2026-01-04 14:00:00,91301.0
CELO,2026-01-04 14:00:00,0.12841
DOOD,2026-01-04 14:00:00,0.006488
KAITO,2026-01-04 14:00:00,0.552
0G,2026-01-04 15:00:00,0.98727
BTC,2026-01-04 15:00:00,91294.0
CELO,2026-01-04 15:00:00,0.1306
DOOD,2026-01-04 15:00:00,0.006426
KAITO,2026-01-04 15:00:00,0.5503
0G,2026-01-04 16:00:00,0.9835
BTC,2026-01-04 16:00:00,91283.0
CELO,2026-01-04 16:00:00,0.13156
KAITO,2026-01-04 16:00:00,0.54912
SOPH,2026-01-04 16:00:00,0.013738
ZORA,2026-01-04 16:00:00,0.043512
0G,2026-01-04 17:00:00,0.98393
ATOM,2026-01-04 17:00:00,2.3245
BTC,2026-01-04 17:00:00,91301.0
SOPH,2026-01-04 17:00:00,0.013664
ZORA,2026-01-04 17:00:00,0.043521
0G,2026-01-04 18:00:00,0.98247
ATOM,2026-01-04 18:00:00,2.3254
BTC,2026-01-04 18:00:00,91176.0
SOPH,2026-01-04 18:00:00,0.013527
0G,2026-01-04 19:00:00,0.98697
ATOM,2026-01-04 19:00:00,2.3062
BTC,2026-01-04 19:00:00,91101.0
SOPH,2026-01-04 19:00:00,0.013417
0G,2026-01-04 20:00:00,0.98327
ATOM,2026-01-04 20:00:00,2.3078
BERA,2026-01-04 20:00:00,0.6553
BTC,2026-01-04 20:00:00,91270.0
LAYER,2026-01-04 20:00:00,0.18045
SOPH,2026-01-04 20:00:00,0.013449
0G,2026-01-04 21:00:00,0.97881
ATOM,2026-01-04 21:00:00,2.3263
BERA,2026-01-04 21:00:00,0.6563
BTC,2026-01-04 21:00:00,91242.0
DOOD,2026-01-04 21:00:00,0.006393
LAYER,2026-01-04 21:00:00,0.17991
ZORA,2026-01-04 21:00:00,0.042829
ANIME,2026-01-04 22:00:00,0.007374
ATOM,2026-01-04 22:00:00,2.3235
BTC,2026-01-04 22:00:00,91184.0
DOOD,2026-01-04 22:00:00,0.006393
KAITO,2026-01-04 22:00:00,0.5412
SOPH,2026-01-04 22:00:00,0.013403
ZORA,2026-01-04 22:00:00,0.042966
0G,2026-01-04 23:00:00,0.98986
ANIME,2026-01-04 23:00:00,0.007378
BTC,2026-01-04 23:00:00,91511.0
KAITO,2026-01-04 23:00:00,0.54091
SOPH,2026-01-04 23:00:00,0.013497
0G,2026-01-05 00:00:00,0.98038
ANIME,2026-01-05 00:00:00,0.007395
BTC,2026-01-05 00:00:00,92373.0
KAITO,2026-01-05 00:00:00,0.5411
SOPH,2026-01-05 00:00:00,0.013373
ANIME,2026-01-05 01:00:00,0.007461
BTC,2026-01-05 01:00:00,92921.0
DOOD,2026-01-05 01:00:00,0.006482
IP,2026-01-05 01:00:00,2.2541
KAITO,2026-01-05 01:00:00,0.55095
SOPH,2026-01-05 01:00:00,0.013549
ANIME,2026-01-05 02:00:00,0.007401
BTC,2026-01-05 02:00:00,93004.0
DOOD,2026-01-05 02:00:00,0.006413
IP,2026-01-05 02:00:00,2.1902
KAITO,2026-01-05 02:00:00,0.5469
ANIME,2026-01-05 03:00:00,0.007371
BTC,2026-01-05 03:00:00,92844.0
IP,2026-01-05 03:00:00,2.1955
KAITO,2026-01-05 03:00:00,0.55123
SOPH,2026-01-05 03:00:00,0.013356
ANIME,2026-01-05 04:00:00,0.00726
BTC,2026-01-05 04:00:00,92579.0
IP,2026-01-05 04:00:00,2.151
SOPH,2026-01-05 04:00:00,0.013183
ANIME,2026-01-05 05:00:00,0.007225
BTC,2026-01-05 05:00:00,92318.0
IP,2026-01-05 05:00:00,2.111
SOPH,2026-01-05 05:00:00,0.013139
ANIME,2026-01-05 06:00:00,0.007242
BTC,2026-01-05 06:00:00,92456.0
IP,2026-01-05 06:00:00,2.133
SOPH,2026-01-05 06:00:00,0.013124
ANIME,2026-01-05 07:00:00,0.00727
BTC,2026-01-05 07:00:00,92497.0
IP,2026-01-05 07:00:00,2.1403
SOPH,2026-01-05 07:00:00,0.013166
ANIME,2026-01-05 08:00:00,0.007225
BLAST,2026-01-05 08:00:00,0.000766
BTC,2026-01-05 08:00:00,92430.0
IP,2026-01-05 08:00:00,2.114
SOPH,2026-01-05 08:00:00,0.013132
ANIME,2026-01-05 09:00:00,0.007186
BLAST,2026-01-05 09:00:00,0.000766
BTC,2026-01-05 09:00:00,92660.0
IP,2026-01-05 09:00:00,2.0892
SOPH,2026-01-05 09:00:00,0.013073
ANIME,2026-01-05 10:00:00,0.007218
BTC,2026-01-05 10:00:00,93054.0
IP,2026-01-05 10:00:00,2.0805
SOPH,2026-01-05 10:00:00,0.013228
VVV,2026-01-05 10:00:00,1.8744
ANIME,2026-01-05 11:00:00,0.007288
BTC,2026-01-05 11:00:00,93114.0
IP,2026-01-05 11:00:00,2.0951
SOPH,2026-01-05 11:00:00,0.013131
VVV,2026-01-05 11:00:00,1.8775
ANIME,2026-01-05 12:00:00,0.00728
BTC,2026-01-05 12:00:00,92851.0
IP,2026-01-05 12:00:00,2.0999
SOPH,2026-01-05 12:00:00,0.013167
ANIME,2026-01-05 13:00:00,0.007235
BTC,2026-01-05 13:00:00,92716.0
IP,2026-01-05 13:00:00,2.0981
SOPH,2026-01-05 13:00:00,0.01311
ANIME,2026-01-05 14:00:00,0.007262
BTC,2026-01-05 14:00:00,93398.0
IP,2026-01-05 14:00:00,2.094
SOPH,2026-01-05 14:00:00,0.013245
ANIME,2026-01-05 15:00:00,0.007318
BTC,2026-01-05 15:00:00,93929.0
IP,2026-01-05 15:00:00,2.1078
SOPH,2026-01-05 15:00:00,0.013252
ANIME,2026-01-05 16:00:00,0.007256
BLAST,2026-01-05 16:00:00,0.000771
BTC,2026-01-05 16:00:00,93655.0
IP,2026-01-05 16:00:00,2.0928
SOPH,2026-01-05 16:00:00,0.013272
ANIME,2026-01-05 17:00:00,0.007313
BLAST,2026-01-05 17:00:00,0.000776
BTC,2026-01-05 17:00:00,94257.0
IP,2026-01-05 17:00:00,2.0915
SOPH,2026-01-05 17:00:00,0.013322
ANIME,2026-01-05 18:00:00,0.007346
BLAST,2026-01-05 18:00:00,0.000779
BTC,2026-01-05 18:00:00,94404.0
SOPH,2026-01-05 18:00:00,0.013415
ANIME,2026-01-05 19:00:00,0.007333
BLAST,2026-01-05 19:00:00,0.000777
BTC,2026-01-05 19:00:00,94263.0
LAYER,2026-01-05 19:00:00,0.17936
SOPH,2026-01-05 19:00:00,0.013366
ANIME,2026-01-05 20:00:00,0.007328
BLAST,2026-01-05 20:00:00,0.000779
BTC,2026-01-05 20:00:00,94128.0
LAYER,2026-01-05 20:00:00,0.17949
ANIME,2026-01-05 21:00:00,0.007345
BLAST,2026-01-05 21:00:00,0.000777
BTC,2026-01-05 21:00:00,94045.0
IP,2026-01-05 21:00:00,2.0955
LAYER,2026-01-05 21:00:00,0.17937
ANIME,2026-01-05 22:00:00,0.007381
BERA,2026-01-05 22:00:00,0.65649
BLAST,2026-01-05 22:00:00,0.000781
BTC,2026-01-05 22:00:00,94125.0
IP,2026-01-05 22:00:00,2.1207
ANIME,2026-01-05 23:00:00,0.007358
BERA,2026-01-05 23:00:00,0.65585
BLAST,2026-01-05 23:00:00,0.000786
BTC,2026-01-05 23:00:00,93832.0
IP,2026-01-05 23:00:00,2.1546
ANIME,2026-01-06 00:00:00,0.007326
BERA,2026-01-06 00:00:00,0.64823
BLAST,2026-01-06 00:00:00,0.000778
BTC,2026-01-06 00:00:00,93778.0
IP,2026-01-06 00:00:00,2.1245
ANIME,2026-01-06 01:00:00,0.007277
BERA,2026-01-06 01:00:00,0.64566
BLAST,2026-01-06 01:00:00,0.00078
BTC,2026-01-06 01:00:00,93743.0
IP,2026-01-06 01:00:00,2.1218
VVV,2026-01-06 01:00:00,1.9879
ANIME,2026-01-06 02:00:00,0.007257
BLAST,2026-01-06 02:00:00,0.000778
BTC,2026-01-06 02:00:00,93590.0
IP,2026-01-06 02:00:00,2.0969
VVV,2026-01-06 02:00:00,2.0459
ANIME,2026-01-06 03:00:00,0.007305
BLAST,2026-01-06 03:00:00,0.000778
BTC,2026-01-06 03:00:00,93725.0
IP,2026-01-06 03:00:00,2.1
ANIME,2026-01-06 04:00:00,0.00732
BLAST,2026-01-06 04:00:00,0.000779
BTC,2026-01-06 04:00:00,93776.0
IP,2026-01-06 04:00:00,2.0942
VVV,2026-01-06 04:00:00,2.0651
BLAST,2026-01-06 05:00:00,0.000776
BTC,2026-01-06 05:00:00,93559.0
IP,2026-01-06 05:00:00,2.0841
VVV,2026-01-06 05:00:00,2.0436
BLAST,2026-01-06 06:00:00,0.00079
BTC,2026-01-06 06:00:00,93747.0
IP,2026-01-06 06:00:00,2.0946
VVV,2026-01-06 06:00:00,2.0525
BLAST,2026-01-06 07:00:00,0.000769
BTC,2026-01-06 07:00:00,93234.0
IP,2026-01-06 07:00:00,2.0832
VVV,2026-01-06 07:00:00,2.0503
BLAST,2026-01-06 08:00:00,0.000774
BTC,2026-01-06 08:00:00,93211.0
IP,2026-01-06 08:00:00,2.0788
VVV,2026-01-06 08:00:00,2.0363
BLAST,2026-01-06 09:00:00,0.000776
BTC,2026-01-06 09:00:00,93443.0
IP,2026-01-06 09:00:00,2.0785
VVV,2026-01-06 09:00:00,2.0685
BLAST,2026-01-06 10:00:00,0.000779
BTC,2026-01-06 10:00:00,93560.0
IP,2026-01-06 10:00:00,2.0905
VVV,2026-01-06 10:00:00,2.0522
ANIME,2026-01-06 11:00:00,0.007315
BLAST,2026-01-06 11:00:00,0.000785
BTC,2026-01-06 11:00:00,93825.0
IP,2026-01-06 11:00:00,2.1069
VVV,2026-01-06 11:00:00,2.1358
ANIME,2026-01-06 12:00:00,0.007384
BLAST,2026-01-06 12:00:00,0.000793
BTC,2026-01-06 12:00:00,93855.0
IP,2026-01-06 12:00:00,2.0945
VVV,2026-01-06 12:00:00,2.1372
BLAST,2026-01-06 13:00:00,0.000789
BTC,2026-01-06 13:00:00,93709.0
IP,2026-01-06 13:00:00,2.1026
VVV,2026-01-06 13:00:00,2.1524
BLAST,2026-01-06 14:00:00,0.000787
BTC,2026-01-06 14:00:00,93823.0
IP,2026-01-06 14:00:00,2.0865
USUAL,2026-01-06 14:00:00,0.0293
VVV,2026-01-06 14:00:00,2.1609
ANIME,2026-01-06 15:00:00,0.007418
BLAST,2026-01-06 15:00:00,0.000777
BTC,2026-01-06 15:00:00,93644.0
USUAL,2026-01-06 15:00:00,0.02893
VVV,2026-01-06 15:00:00,2.2474
ANIME,2026-01-06 16:00:00,0.007269
BLAST,2026-01-06 16:00:00,0.000763
BTC,2026-01-06 16:00:00,92706.0
IP,2026-01-06 16:00:00,2.0372
VVV,2026-01-06 16:00:00,2.2198
0G,2026-01-06 17:00:00,0.93494
BLAST,2026-01-06 17:00:00,0.00075
BTC,2026-01-06 17:00:00,91604.0
IP,2026-01-06 17:00:00,1.9922
VVV,2026-01-06 17:00:00,2.2095
0G,2026-01-06 18:00:00,0.94061
BLAST,2026-01-06 18:00:00,0.000758
BTC,2026-01-06 18:00:00,92090.0
IP,2026-01-06 18:00:00,2.0167
VVV,2026-01-06 18:00:00,2.1779
0G,2026-01-06 19:00:00,0.93691
BLAST,2026-01-06 19:00:00,0.000759
BTC,2026-01-06 19:00:00,92153.0
IP,2026-01-06 19:00:00,2.034
VVV,2026-01-06 19:00:00,2.1345
0G,2026-01-06 20:00:00,0.95786
BLAST,2026-01-06 20:00:00,0.000772
BTC,2026-01-06 20:00:00,92548.0
IP,2026-01-06 20:00:00,2.1434
VVV,2026-01-06 20:00:00,2.1407
0G,2026-01-06 21:00:00,0.97289
BLAST,2026-01-06 21:00:00,0.000782
BTC,2026-01-06 21:00:00,93285.0
IP,2026-01-06 21:00:00,2.1211
0G,2026-01-06 22:00:00,0.97272
BLAST,2026-01-06 22:00:00,0.000784
BTC,2026-01-06 22:00:00,93409.0
IP,2026-01-06 22:00:00,2.128
0G,2026-01-06 23:00:00,0.97491
BLAST,2026-01-06 23:00:00,0.000789
BTC,2026-01-06 23:00:00,93801.0
IP,2026-01-06 23:00:00,2.1349
SNX,2026-01-06 23:00:00,0.5328
0G,2026-01-07 00:00:00,0.95321
BLAST,2026-01-07 00:00:00,0.00078
BTC,2026-01-07 00:00:00,92750.0
SNX,2026-01-07 00:00:00,0.5154
VVV,2026-01-07 00:00:00,2.1134
0G,2026-01-07 01:00:00,0.946
BLAST,2026-01-07 01:00:00,0.000791
BTC,2026-01-07 01:00:00,92495.0
IP,2026-01-07 01:00:00,2.1362
VVV,2026-01-07 01:00:00,2.1025
0G,2026-01-07 02:00:00,0.95342
BLAST,2026-01-07 02:00:00,0.000804
BTC,2026-01-07 02:00:00,93024.0
IP,2026-01-07 02:00:00,2.1848
0G,2026-01-07 03:00:00,0.95105
BLAST,2026-01-07 03:00:00,0.000802
BTC,2026-01-07 03:00:00,92889.0
IP,2026-01-07 03:00:00,2.1776
VVV,2026-01-07 03:00:00,2.0697
BLAST,2026-01-07 04:00:00,0.000812
BTC,2026-01-07 04:00:00,92724.0
IP,2026-01-07 04:00:00,2.1397
VVV,2026-01-07 04:00:00,2.0679
0G,2026-01-07 05:00:00,0.94432
BLAST,2026-01-07 05:00:00,0.000801
BTC,2026-01-07 05:00:00,92576.0
IP,2026-01-07 05:00:00,2.1199
VVV,2026-01-07 05:00:00,2.0586
0G,2026-01-07 06:00:00,0.94407
ANIME,2026-01-07 06:00:00,0.00787
BLAST,2026-01-07 06:00:00,0.000797
BTC,2026-01-07 06:00:00,92656.0
IP,2026-01-07 06:00:00,2.1144
ANIME,2026-01-07 07:00:00,0.007715
BLAST,2026-01-07 07:00:00,0.0008
BTC,2026-01-07 07:00:00,92944.0
IP,2026-01-07 07:00:00,2.1312
ANIME,2026-01-07 08:00:00,0.007684
BLAST,2026-01-07 08:00:00,0.000799
BTC,2026-01-07 08:00:00,92768.0
IP,2026-01-07 08:00:00,2.1187
USUAL,2026-01-07 08:00:00,0.02965
0G,2026-01-07 09:00:00,0.94465
ANIME,2026-01-07 09:00:00,0.00758
BTC,2026-01-07 09:00:00,91771.0
IP,2026-01-07 09:00:00,2.0772
USUAL,2026-01-07 09:00:00,0.02857
0G,2026-01-07 10:00:00,0.95248
ANIME,2026-01-07 10:00:00,0.007578
BLAST,2026-01-07 10:00:00,0.000787
BTC,2026-01-07 10:00:00,92039.0
USUAL,2026-01-07 10:00:00,0.02862
0G,2026-01-07 11:00:00,0.9643
ANIME,2026-01-07 11:00:00,0.007628
BLAST,2026-01-07 11:00:00,0.000801
BTC,2026-01-07 11:00:00,92162.0
IP,2026-01-07 11:00:00,2.1057
ANIME,2026-01-07 12:00:00,0.007601
BLAST,2026-01-07 12:00:00,0.000828
BTC,2026-01-07 12:00:00,92057.0
IP,2026-01-07 12:00:00,2.0896
VVV,2026-01-07 12:00:00,2.0725
0G,2026-01-07 13:00:00,0.9512
ANIME,2026-01-07 13:00:00,0.007492
BLAST,2026-01-07 13:00:00,0.000788
BTC,2026-01-07 13:00:00,92106.0
VVV,2026-01-07 13:00:00,2.0551
0G,2026-01-07 14:00:00,0.96363
ANIME,2026-01-07 14:00:00,0.007425
BABY,2026-01-07 14:00:00,0.018838
BLAST,2026-01-07 14:00:00,0.000784
BTC,2026-01-07 14:00:00,92051.0
0G,2026-01-07 15:00:00,0.95677
ANIME,2026-01-07 15:00:00,0.007454
BABY,2026-01-07 15:00:00,0.019177
BLAST,2026-01-07 15:00:00,0.000778
BTC,2026-01-07 15:00:00,91409.0
0G,2026-01-07 16:00:00,0.95091
ANIME,2026-01-07 16:00:00,0.007468
BABY,2026-01-07 16:00:00,0.018611
BTC,2026-01-07 16:00:00,91304.0
0G,2026-01-07 17:00:00,0.95027
ANIME,2026-01-07 17:00:00,0.007544
BABY,2026-01-07 17:00:00,0.018648
BERA,2026-01-07 17:00:00,0.61366
BTC,2026-01-07 17:00:00,91336.0
ANIME,2026-01-07 18:00:00,0.007522
BABY,2026-01-07 18:00:00,0.018759
BERA,2026-01-07 18:00:00,0.61732
BTC,2026-01-07 18:00:00,90919.0
ANIME,2026-01-07 19:00:00,0.00753
BABY,2026-01-07 19:00:00,0.018828
BERA,2026-01-07 19:00:00,0.6173
BTC,2026-01-07 19:00:00,91219.0
IP,2026-01-07 19:00:00,2.0161
0G,2026-01-07 20:00:00,0.96169
ANIME,2026-01-07 20:00:00,0.007512
BABY,2026-01-07 20:00:00,0.018523
BTC,2026-01-07 20:00:00,91096.0
IP,2026-01-07 20:00:00,2.0148
0G,2026-01-07 21:00:00,0.95457
ANIME,2026-01-07 21:00:00,0.007493
BABY,2026-01-07 21:00:00,0.019051
BTC,2026-01-07 21:00:00,91086.0
0G,2026-01-07 22:00:00,0.96225
ANIME,2026-01-07 22:00:00,0.007571
BABY,2026-01-07 22:00:00,0.019193
BLAST,2026-01-07 22:00:00,0.000779
BTC,2026-01-07 22:00:00,91199.0
0G,2026-01-07 23:00:00,0.9625
ANIME,2026-01-07 23:00:00,0.007596
BABY,2026-01-07 23:00:00,0.020347
BLAST,2026-01-07 23:00:00,0.000781
BTC,2026-01-07 23:00:00,91373.0
0G,2026-01-08 00:00:00,0.9493
ANIME,2026-01-08 00:00:00,0.00751
BABY,2026-01-08 00:00:00,0.020686
BLAST,2026-01-08 00:00:00,0.000809
BTC,2026-01-08 00:00:00,91386.0
0G,2026-01-08 01:00:00,0.95119
ANIME,2026-01-08 01:00:00,0.007584
BABY,2026-01-08 01:00:00,0.020355
BLAST,2026-01-08 01:00:00,0.000839
BTC,2026-01-08 01:00:00,91437.0
IP,2026-01-08 01:00:00,1.9979
ANIME,2026-01-08 02:00:00,0.007573
BABY,2026-01-08 02:00:00,0.021281
BLAST,2026-01-08 02:00:00,0.000816
BTC,2026-01-08 02:00:00,90967.0
IP,2026-01-08 02:00:00,1.9777
ANIME,2026-01-08 03:00:00,0.007648
BABY,2026-01-08 03:00:00,0.020647
BERA,2026-01-08 03:00:00,0.61103
BLAST,2026-01-08 03:00:00,0.000819
BTC,2026-01-08 03:00:00,90812.0
ANIME,2026-01-08 04:00:00,0.007685
BABY,2026-01-08 04:00:00,0.020113
BERA,2026-01-08 04:00:00,0.61
BLAST,2026-01-08 04:00:00,0.000807
BTC,2026-01-08 04:00:00,91033.0
ANIME,2026-01-08 05:00:00,0.007719
BABY,2026-01-08 05:00:00,0.020125
BLAST,2026-01-08 05:00:00,0.000811
BTC,2026-01-08 05:00:00,90824.0
ANIME,2026-01-08 06:00:00,0.00777
BABY,2026-01-08 06:00:00,0.019941
BLAST,2026-01-08 06:00:00,0.000797
BTC,2026-01-08 06:00:00,89848.0
ANIME,2026-01-08 07:00:00,0.008231
BABY,2026-01-08 07:00:00,0.019769
BLAST,2026-01-08 07:00:00,0.000796
BTC,2026-01-08 07:00:00,90515.0
ANIME,2026-01-08 08:00:00,0.007883
BABY,2026-01-08 08:00:00,0.019294
BLAST,2026-01-08 08:00:00,0.000786
BTC,2026-01-08 08:00:00,90199.0
ANIME,2026-01-08 09:00:00,0.007784
BABY,2026-01-08 09:00:00,0.019411
BLAST,2026-01-08 09:00:00,0.000779
BTC,2026-01-08 09:00:00,89978.0
IP,2026-01-08 09:00:00,2.023
ANIME,2026-01-08 10:00:00,0.007947
BABY,2026-01-08 10:00:00,0.019476
BTC,2026-01-08 10:00:00,90386.0
IP,2026-01-08 10:00:00,2.0001
AIXBT,2026-01-08 11:00:00,0.037058
ANIME,2026-01-08 11:00:00,0.008015
BABY,2026-01-08 11:00:00,0.02004
BTC,2026-01-08 11:00:00,90198.0
IP,2026-01-08 11:00:00,2.0186
AIXBT,2026-01-08 12:00:00,0.03627
ANIME,2026-01-08 12:00:00,0.008275
BABY,2026-01-08 12:00:00,0.019113
BTC,2026-01-08 12:00:00,89964.0
IP,2026-01-08 12:00:00,1.9982
ANIME,2026-01-08 13:00:00,0.008102
BABY,2026-01-08 13:00:00,0.019825
BLAST,2026-01-08 13:00:00,0.00078
BTC,2026-01-08 13:00:00,89956.0
IP,2026-01-08 13:00:00,1.9914
ANIME,2026-01-08 14:00:00,0.008333
BABY,2026-01-08 14:00:00,0.019141
BLAST,2026-01-08 14:00:00,0.000786
BTC,2026-01-08 14:00:00,90031.0
ANIME,2026-01-08 15:00:00,0.008218
BABY,2026-01-08 15:00:00,0.01933
BLAST,2026-01-08 15:00:00,0.0008
BTC,2026-01-08 15:00:00,90795.0
ANIME,2026-01-08 16:00:00,0.007927
BABY,2026-01-08 16:00:00,0.019041
BLAST,2026-01-08 16:00:00,0.000792
BTC,2026-01-08 16:00:00,90956.0
IP,2026-01-08 16:00:00,1.9913
0G,2026-01-08 17:00:00,0.92475
ANIME,2026-01-08 17:00:00,0.007906
BLAST,2026-01-08 17:00:00,0.000799
BTC,2026-01-08 17:00:00,91380.0
IP,2026-01-08 17:00:00,2.0145
0G,2026-01-08 18:00:00,0.91675
ANIME,2026-01-08 18:00:00,0.007898
BLAST,2026-01-08 18:00:00,0.000799
BTC,2026-01-08 18:00:00,91104.0
IP,2026-01-08 18:00:00,2.0091
ANIME,2026-01-08 19:00:00,0.007868
BLAST,2026-01-08 19:00:00,0.000796
BTC,2026-01-08 19:00:00,90928.0
IP,2026-01-08 19:00:00,2.0137
0G,2026-01-08 20:00:00,0.90148
ANIME,2026-01-08 20:00:00,0.007805
BLAST,2026-01-08 20:00:00,0.000795
BTC,2026-01-08 20:00:00,90924.0
IP,2026-01-08 20:00:00,2.0059
0G,2026-01-08 21:00:00,0.90874
BLAST,2026-01-08 21:00:00,0.000801
BTC,2026-01-08 21:00:00,91254.0
IP,2026-01-08 21:00:00,2.0132
0G,2026-01-08 22:00:00,0.90788
BLAST,2026-01-08 22:00:00,0.000802
BTC,2026-01-08 22:00:00,91210.0
IP,2026-01-08 22:00:00,2.0091
0G,2026-01-08 23:00:00,0.90914
ANIME,2026-01-08 23:00:00,0.007876
BLAST,2026-01-08 23:00:00,0.000801
BTC,2026-01-08 23:00:00,91079.0
IP,2026-01-08 23:00:00,2.0115
0G,2026-01-09 00:00:00,0.89926
ANIME,2026-01-09 00:00:00,0.007785
BTC,2026-01-09 00:00:00,91270.0
IP,2026-01-09 00:00:00,1.9972
0G,2026-01-09 01:00:00,0.88949
ANIME,2026-01-09 01:00:00,0.00777
BLAST,2026-01-09 01:00:00,0.000804
BTC,2026-01-09 01:00:00,91039.0
IP,2026-01-09 01:00:00,1.9838
0G,2026-01-09 02:00:00,0.89438
ANIME,2026-01-09 02:00:00,0.007801
BLAST,2026-01-09 02:00:00,0.000813
BTC,2026-01-09 02:00:00,91023.0
0G,2026-01-09 03:00:00,0.90407
ANIME,2026-01-09 03:00:00,0.007854
BLAST,2026-01-09 03:00:00,0.00084
BTC,2026-01-09 03:00:00,91207.0
0G,2026-01-09 04:00:00,0.90089
ANIME,2026-01-09 04:00:00,0.007918
BLAST,2026-01-09 04:00:00,0.000831
BTC,2026-01-09 04:00:00,91010.0
IP,2026-01-09 04:00:00,1.9901
0G,2026-01-09 05:00:00,0.90514
ANIME,2026-01-09 05:00:00,0.007929
BLAST,2026-01-09 05:00:00,0.000833
BTC,2026-01-09 05:00:00,91085.0
IP,2026-01-09 05:00:00,2.0034
0G,2026-01-09 06:00:00,0.90499
ANIME,2026-01-09 06:00:00,0.007989
BLAST,2026-01-09 06:00:00,0.000849
BTC,2026-01-09 06:00:00,91137.0
IP,2026-01-09 06:00:00,2.0
0G,2026-01-09 07:00:00,0.90154
ANIME,2026-01-09 07:00:00,0.007941
BTC,2026-01-09 07:00:00,90733.0
IP,2026-01-09 07:00:00,1.9943
VVV,2026-01-09 07:00:00,2.2373
0G,2026-01-09 08:00:00,0.89167
ANIME,2026-01-09 08:00:00,0.00779
BTC,2026-01-09 08:00:00,90012.0
VVV,2026-01-09 08:00:00,2.2317
0G,2026-01-09 09:00:00,0.89754
ANIME,2026-01-09 09:00:00,0.007775
BTC,2026-01-09 09:00:00,90326.0
IP,2026-01-09 09:00:00,1.9908
VVV,2026-01-09 09:00:00,2.2728
0G,2026-01-09 10:00:00,0.8954
ANIME,2026-01-09 10:00:00,0.007784
BTC,2026-01-09 10:00:00,90478.0
IP,2026-01-09 10:00:00,1.9986
VVV,2026-01-09 10:00:00,2.2873
0G,2026-01-09 11:00:00,0.89427
ANIME,2026-01-09 11:00:00,0.007786
BTC,2026-01-09 11:00:00,90434.0
VVV,2026-01-09 11:00:00,2.3317
0G,2026-01-09 12:00:00,0.88459
ANIME,2026-01-09 12:00:00,0.00769
BTC,2026-01-09 12:00:00,90438.0
VVV,2026-01-09 12:00:00,2.324
0G,2026-01-09 13:00:00,0.89074
ANIME,2026-01-09 13:00:00,0.007727
BTC,2026-01-09 13:00:00,90585.0
VVV,2026-01-09 13:00:00,2.3045
0G,2026-01-09 14:00:00,0.8803
ANIME,2026-01-09 14:00:00,0.007731
BTC,2026-01-09 14:00:00,90137.0
VVV,2026-01-09 14:00:00,2.2887
0G,2026-01-09 15:00:00,0.89658
ANIME,2026-01-09 15:00:00,0.007764
BTC,2026-01-09 15:00:00,91185.0
VVV,2026-01-09 15:00:00,2.3897
0G,2026-01-09 16:00:00,0.89987
ANIME,2026-01-09 16:00:00,0.007784
BTC,2026-01-09 16:00:00,91621.0
IP,2026-01-09 16:00:00,2.018
VVV,2026-01-09 16:00:00,2.4067
0G,2026-01-09 17:00:00,0.89548
ANIME,2026-01-09 17:00:00,0.007837
BTC,2026-01-09 17:00:00,91428.0
IP,2026-01-09 17:00:00,2.0155
0G,2026-01-09 18:00:00,0.88917
ANIME,2026-01-09 18:00:00,0.007799
BTC,2026-01-09 18:00:00,90821.0
IP,2026-01-09 18:00:00,2.0143
VVV,2026-01-09 18:00:00,2.4104
0G,2026-01-09 19:00:00,0.88056
ANIME,2026-01-09 19:00:00,0.007769
BLAST,2026-01-09 19:00:00,0.000837
BTC,2026-01-09 19:00:00,90336.0
VVV,2026-01-09 19:00:00,2.4376
0G,2026-01-09 20:00:00,0.88287
BLAST,2026-01-09 20:00:00,0.00084
BTC,2026-01-09 20:00:00,90307.0
IP,2026-01-09 20:00:00,1.9991
VVV,2026-01-09 20:00:00,2.4191
0G,2026-01-09 21:00:00,0.88591
BLAST,2026-01-09 21:00:00,0.000853
BTC,2026-01-09 21:00:00,90540.0
IP,2026-01-09 21:00:00,2.0159
0G,2026-01-09 22:00:00,0.88997
BLAST,2026-01-09 22:00:00,0.00085
BTC,2026-01-09 22:00:00,90629.0
FOGO,2026-01-09 22:00:00,0.11
IP,2026-01-09 22:00:00,2.0168
VVV,2026-01-09 22:00:00,2.5431
0G,2026-01-09 23:00:00,0.89307
BLAST,2026-01-09 23:00:00,0.000871
BTC,2026-01-09 23:00:00,90650.0
FOGO,2026-01-09 23:00:00,0.12413
VVV,2026-01-09 23:00:00,2.5606
0G,2026-01-10 00:00:00,0.88626
BLAST,2026-01-10 00:00:00,0.000843
BTC,2026-01-10 00:00:00,90585.0
VVV,2026-01-10 00:00:00,2.6147
0G,2026-01-10 01:00:00,0.88724
BLAST,2026-01-10 01:00:00,0.000856
BTC,2026-01-10 01:00:00,90682.0
IP,2026-01-10 01:00:00,1.9938
VVV,2026-01-10 01:00:00,2.5264
0G,2026-01-10 02:00:00,0.87975
ANIME,2026-01-10 02:00:00,0.007731
BTC,2026-01-10 02:00:00,90692.0
IP,2026-01-10 02:00:00,1.9924
VVV,2026-01-10 02:00:00,2.5638
0G,2026-01-10 03:00:00,0.88278
ANIME,2026-01-10 03:00:00,0.007722
BTC,2026-01-10 03:00:00,90631.0
IP,2026-01-10 03:00:00,1.9909
VVV,2026-01-10 03:00:00,2.5345
0G,2026-01-10 04:00:00,0.87625
ANIME,2026-01-10 04:00:00,0.007582
BTC,2026-01-10 04:00:00,90442.0
IP,2026-01-10 04:00:00,1.9769
0G,2026-01-10 05:00:00,0.87868
ANIME,2026-01-10 05:00:00,0.007524
BTC,2026-01-10 05:00:00,90592.0
IP,2026-01-10 05:00:00,1.9743
MON,2026-01-10 05:00:00,0.025162
0G,2026-01-10 06:00:00,0.8795
BTC,2026-01-10 06:00:00,90498.0
IP,2026-01-10 06:00:00,1.9804
MON,2026-01-10 06:00:00,0.025223
0G,2026-01-10 07:00:00,0.8897
BTC,2026-01-10 07:00:00,90657.0
IP,2026-01-10 07:00:00,1.9853
MON,2026-01-10 07:00:00,0.0253
0G,2026-01-10 08:00:00,0.88214
BLAST,2026-01-10 08:00:00,0.000842
BTC,2026-01-10 08:00:00,90646.0
IP,2026-01-10 08:00:00,1.9943
MON,2026-01-10 08:00:00,0.025165
0G,2026-01-10 09:00:00,0.8858
ANIME,2026-01-10 09:00:00,0.007563
BLAST,2026-01-10 09:00:00,0.000846
BTC,2026-01-10 09:00:00,90754.0
IP,2026-01-10 09:00:00,1.9947
0G,2026-01-10 10:00:00,0.88873
ANIME,2026-01-10 10:00:00,0.007551
BTC,2026-01-10 10:00:00,90800.0
IP,2026-01-10 10:00:00,2.0004
MON,2026-01-10 10:00:00,0.02514
0G,2026-01-10 11:00:00,0.88639
ANIME,2026-01-10 11:00:00,0.007561
BLAST,2026-01-10 11:00:00,0.000849
BTC,2026-01-10 11:00:00,90715.0
CELO,2026-01-10 11:00:00,0.12741
MON,2026-01-10 11:00:00,0.024894
ANIME,2026-01-10 12:00:00,0.00755
BLAST,2026-01-10 12:00:00,0.00085
BTC,2026-01-10 12:00:00,90730.0
CELO,2026-01-10 12:00:00,0.12862
0G,2026-01-10 13:00:00,0.88473
ANIME,2026-01-10 13:00:00,0.007512
BLAST,2026-01-10 13:00:00,0.000847
BTC,2026-01-10 13:00:00,90648.0
CELO,2026-01-10 13:00:00,0.12935
0G,2026-01-10 14:00:00,0.88224
ANIME,2026-01-10 14:00:00,0.007497
BLAST,2026-01-10 14:00:00,0.000845
BTC,2026-01-10 14:00:00,90585.0
CELO,2026-01-10 14:00:00,0.132
0G,2026-01-10 15:00:00,0.8842
ANIME,2026-01-10 15:00:00,0.007427
BLAST,2026-01-10 15:00:00,0.000843
BTC,2026-01-10 15:00:00,90646.0
CELO,2026-01-10 15:00:00,0.12957
FOGO,2026-01-10 15:00:00,0.084535
ANIME,2026-01-10 16:00:00,0.007388
BLAST,2026-01-10 16:00:00,0.000839
BTC,2026-01-10 16:00:00,90651.0
FOGO,2026-01-10 16:00:00,0.08
0G,2026-01-10 17:00:00,0.87935
ANIME,2026-01-10 17:00:00,0.007343
BLAST,2026-01-10 17:00:00,0.000831
BTC,2026-01-10 17:00:00,90515.0
FOGO,2026-01-10 17:00:00,0.072799
0G,2026-01-10 18:00:00,0.88525
ANIME,2026-01-10 18:00:00,0.007363
BTC,2026-01-10 18:00:00,90566.0
FOGO,2026-01-10 18:00:00,0.07282
0G,2026-01-10 19:00:00,0.89001
ANIME,2026-01-10 19:00:00,0.00741
BTC,2026-01-10 19:00:00,90603.0
FOGO,2026-01-10 19:00:00,0.078021
0G,2026-01-10 20:00:00,0.8821
ANIME,2026-01-10 20:00:00,0.007409
BTC,2026-01-10 20:00:00,90544.0
FOGO,2026-01-10 20:00:00,0.074471
0G,2026-01-10 21:00:00,0.87894
ANIME,2026-01-10 21:00:00,0.007352
BLAST,2026-01-10 21:00:00,0.000832
BTC,2026-01-10 21:00:00,90473.0
FOGO,2026-01-10 21:00:00,0.072584
0G,2026-01-10 22:00:00,0.86134
ANIME,2026-01-10 22:00:00,0.007293
BLAST,2026-01-10 22:00:00,0.000826
BTC,2026-01-10 22:00:00,90391.0
FOGO,2026-01-10 22:00:00,0.071505
0G,2026-01-10 23:00:00,0.86413
ANIME,2026-01-10 23:00:00,0.007326
BLAST,2026-01-10 23:00:00,0.000832
BTC,2026-01-10 23:00:00,90485.0
FOGO,2026-01-10 23:00:00,0.069707
0G,2026-01-11 00:00:00,0.85776
ANIME,2026-01-11 00:00:00,0.007288
BLAST,2026-01-11 00:00:00,0.000829
BTC,2026-01-11 00:00:00,90625.0
0G,2026-01-11 01:00:00,0.86193
ANIME,2026-01-11 01:00:00,0.007276
BLAST,2026-01-11 01:00:00,0.00082
BTC,2026-01-11 01:00:00,90622.0
HYPER,2026-01-11 01:00:00,0.15514
0G,2026-01-11 02:00:00,0.86281
ANIME,2026-01-11 02:00:00,0.007305
BTC,2026-01-11 02:00:00,90676.0
HYPER,2026-01-11 02:00:00,0.15676
0G,2026-01-11 03:00:00,0.86464
ANIME,2026-01-11 03:00:00,0.007316
BTC,2026-01-11 03:00:00,90712.0
HYPER,2026-01-11 03:00:00,0.15737
INIT,2026-01-11 03:00:00,0.093488
ANIME,2026-01-11 04:00:00,0.007306
BTC,2026-01-11 04:00:00,90784.0
HYPER,2026-01-11 04:00:00,0.15515
INIT,2026-01-11 04:00:00,0.091708
MEW,2026-01-11 04:00:00,0.001007
ANIME,2026-01-11 05:00:00,0.007303
BLAST,2026-01-11 05:00:00,0.000823
BTC,2026-01-11 05:00:00,90761.0
HYPER,2026-01-11 05:00:00,0.15466
MEW,2026-01-11 05:00:00,0.00101
ANIME,2026-01-11 06:00:00,0.007307
BLAST,2026-01-11 06:00:00,0.000813
BTC,2026-01-11 06:00:00,90709.0
HYPER,2026-01-11 06:00:00,0.16046
ANIME,2026-01-11 07:00:00,0.007277
BLAST,2026-01-11 07:00:00,0.000812
BTC,2026-01-11 07:00:00,90676.0
HYPER,2026-01-11 07:00:00,0.15953
ANIME,2026-01-11 08:00:00,0.007295
BLAST,2026-01-11 08:00:00,0.000814
BTC,2026-01-11 08:00:00,90777.0
HYPER,2026-01-11 08:00:00,0.15616
0G,2026-01-11 09:00:00,0.88896
ANIME,2026-01-11 09:00:00,0.007281
BLAST,2026-01-11 09:00:00,0.00082
BTC,2026-01-11 09:00:00,90695.0
HYPER,2026-01-11 09:00:00,0.15542
0G,2026-01-11 10:00:00,0.88569
ANIME,2026-01-11 10:00:00,0.007256
BTC,2026-01-11 10:00:00,90708.0
HYPER,2026-01-11 10:00:00,0.15091
0G,2026-01-11 11:00:00,0.87996
ANIME,2026-01-11 11:00:00,0.007261
BLAST,2026-01-11 11:00:00,0.000812
BTC,2026-01-11 11:00:00,90703.0
HYPER,2026-01-11 11:00:00,0.15288
ANIME,2026-01-11 12:00:00,0.007272
BLAST,2026-01-11 12:00:00,0.000818
BTC,2026-01-11 12:00:00,90908.0
HYPER,2026-01-11 12:00:00,0.14834
ANIME,2026-01-11 13:00:00,0.007256
BLAST,2026-01-11 13:00:00,0.000807
BTC,2026-01-11 13:00:00,90833.0
HYPER,2026-01-11 13:00:00,0.1502
ANIME,2026-01-11 14:00:00,0.007295
BLAST,2026-01-11 14:00:00,0.00081
BTC,2026-01-11 14:00:00,91095.0
HYPER,2026-01-11 14:00:00,0.15185
ANIME,2026-01-11 15:00:00,0.00725
BLAST,2026-01-11 15:00:00,0.000789
BTC,2026-01-11 15:00:00,90837.0
HYPER,2026-01-11 15:00:00,0.15133
VVV,2026-01-11 15:00:00,3.0992
ANIME,2026-01-11 16:00:00,0.007249
BTC,2026-01-11 16:00:00,90996.0
HYPER,2026-01-11 16:00:00,0.14978
VVV,2026-01-11 16:00:00,3.1432
ANIME,2026-01-11 17:00:00,0.007353
BTC,2026-01-11 17:00:00,90953.0
HYPER,2026-01-11 17:00:00,0.15017
VVV,2026-01-11 17:00:00,3.2385
ANIME,2026-01-11 18:00:00,0.007367
BTC,2026-01-11 18:00:00,90851.0
HYPER,2026-01-11 18:00:00,0.1518
VVV,2026-01-11 18:00:00,3.3401
ANIME,2026-01-11 19:00:00,0.00733
BTC,2026-01-11 19:00:00,90661.0
HYPER,2026-01-11 19:00:00,0.14943
VVV,2026-01-11 19:00:00,3.5282
ANIME,2026-01-11 20:00:00,0.007251
BTC,2026-01-11 20:00:00,90679.0
HYPER,2026-01-11 20:00:00,0.15478
VVV,2026-01-11 20:00:00,3.466
ANIME,2026-01-11 21:00:00,0.00724
BLAST,2026-01-11 21:00:00,0.000789
BTC,2026-01-11 21:00:00,90732.0
HYPER,2026-01-11 21:00:00,0.15099
VVV,2026-01-11 21:00:00,3.5126
ANIME,2026-01-11 22:00:00,0.007226
BLAST,2026-01-11 22:00:00,0.000786
BTC,2026-01-11 22:00:00,90509.0
HYPER,2026-01-11 22:00:00,0.14792
VVV,2026-01-11 22:00:00,3.4774
ANIME,2026-01-11 23:00:00,0.00735
BTC,2026-01-11 23:00:00,90997.0
HYPER,2026-01-11 23:00:00,0.15018
VVV,2026-01-11 23:00:00,3.3693
ANIME,2026-01-12 00:00:00,0.00718
BLAST,2026-01-12 00:00:00,0.000767
BTC,2026-01-12 00:00:00,91246.0
HYPER,2026-01-12 00:00:00,0.14066
VVV,2026-01-12 00:00:00,3.3247
ANIME,2026-01-12 01:00:00,0.007205
BLAST,2026-01-12 01:00:00,0.00077
BTC,2026-01-12 01:00:00,91400.0
HYPER,2026-01-12 01:00:00,0.14035
IP,2026-01-12 01:00:00,2.4439
ANIME,2026-01-12 02:00:00,0.0073
BTC,2026-01-12 02:00:00,92197.0
HYPER,2026-01-12 02:00:00,0.1422
IP,2026-01-12 02:00:00,2.4418
ANIME,2026-01-12 03:00:00,0.00728
BTC,2026-01-12 03:00:00,91793.0
HYPER,2026-01-12 03:00:00,0.14115
IP,2026-01-12 03:00:00,2.5203
ANIME,2026-01-12 04:00:00,0.007318
BTC,2026-01-12 04:00:00,92158.0
HYPER,2026-01-12 04:00:00,0.14198
IP,2026-01-12 04:00:00,2.4654
ANIME,2026-01-12 05:00:00,0.007304
BTC,2026-01-12 05:00:00,92095.0
HYPER,2026-01-12 05:00:00,0.14116
IP,2026-01-12 05:00:00,2.4973
ANIME,2026-01-12 06:00:00,0.007318
BLAST,2026-01-12 06:00:00,0.000769
BTC,2026-01-12 06:00:00,91804.0
HYPER,2026-01-12 06:00:00,0.14227
IP,2026-01-12 06:00:00,2.5736
ANIME,2026-01-12 07:00:00,0.007264
BLAST,2026-01-12 07:00:00,0.000764
BTC,2026-01-12 07:00:00,91389.0
HYPER,2026-01-12 07:00:00,0.13984
IP,2026-01-12 07:00:00,2.5701
ANIME,2026-01-12 08:00:00,0.007308
BTC,2026-01-12 08:00:00,90731.0
HYPER,2026-01-12 08:00:00,0.1403
IP,2026-01-12 08:00:00,2.4891
ANIME,2026-01-12 09:00:00,0.007337
BLAST,2026-01-12 09:00:00,0.000759
BTC,2026-01-12 09:00:00,90655.0
HYPER,2026-01-12 09:00:00,0.13823
IP,2026-01-12 09:00:00,2.5391
ANIME,2026-01-12 10:00:00,0.007578
BLAST,2026-01-12 10:00:00,0.000761
BTC,2026-01-12 10:00:00,90403.0
HYPER,2026-01-12 10:00:00,0.1377
IP,2026-01-12 10:00:00,2.5545
ANIME,2026-01-12 11:00:00,0.007473
BLAST,2026-01-12 11:00:00,0.000765
BTC,2026-01-12 11:00:00,90588.0
HYPER,2026-01-12 11:00:00,0.13919
IP,2026-01-12 11:00:00,2.5803
VVV,2026-01-12 11:00:00,3.1329
ANIME,2026-01-12 12:00:00,0.007413
BTC,2026-01-12 12:00:00,90767.0
IP,2026-01-12 12:00:00,2.6021
VVV,2026-01-12 12:00:00,3.0696
ANIME,2026-01-12 13:00:00,0.007401
BTC,2026-01-12 13:00:00,90597.0
HYPER,2026-01-12 13:00:00,0.13828
IP,2026-01-12 13:00:00,2.6558
VVV,2026-01-12 13:00:00,2.9064
ANIME,2026-01-12 14:00:00,0.007465
BLAST,2026-01-12 14:00:00,0.000772
BTC,2026-01-12 14:00:00,90876.0
HYPER,2026-01-12 14:00:00,0.14082
IP,2026-01-12 14:00:00,2.7439
ANIME,2026-01-12 15:00:00,0.007423
BLAST,2026-01-12 15:00:00,0.000779
BTC,2026-01-12 15:00:00,91640.0
IP,2026-01-12 15:00:00,2.828
ZORA,2026-01-12 15:00:00,0.037628
ANIME,2026-01-12 16:00:00,0.007384
BTC,2026-01-12 16:00:00,92100.0
IP,2026-01-12 16:00:00,2.7412
ZORA,2026-01-12 16:00:00,0.037672
ANIME,2026-01-12 17:00:00,0.00731
BERA,2026-01-12 17:00:00,0.5625
BTC,2026-01-12 17:00:00,91476.0
IP,2026-01-12 17:00:00,2.7585
ZORA,2026-01-12 17:00:00,0.037322
ANIME,2026-01-12 18:00:00,0.007375
BERA,2026-01-12 18:00:00,0.56127
BTC,2026-01-12 18:00:00,91634.0
IP,2026-01-12 18:00:00,2.797
MOVE,2026-01-12 18:00:00,0.03394
ANIME,2026-01-12 19:00:00,0.0074
BTC,2026-01-12 19:00:00,91808.0
IP,2026-01-12 19:00:00,2.9534
MOVE,2026-01-12 19:00:00,0.033985
ANIME,2026-01-12 20:00:00,0.007367
BTC,2026-01-12 20:00:00,91445.0
IP,2026-01-12 20:00:00,2.98
MOVE,2026-01-12 20:00:00,0.033613
ANIME,2026-01-12 21:00:00,0.007341
BERA,2026-01-12 21:00:00,0.55124
BTC,2026-01-12 21:00:00,91007.0
IP,2026-01-12 21:00:00,2.9151
MOVE,2026-01-12 21:00:00,0.033494
0G,2026-01-12 22:00:00,0.84303
ANIME,2026-01-12 22:00:00,0.007394
BERA,2026-01-12 22:00:00,0.55453
BTC,2026-01-12 22:00:00,91192.0
IP,2026-01-12 22:00:00,2.864
VVV,2026-01-12 22:00:00,3.108
0G,2026-01-12 23:00:00,0.84422
ANIME,2026-01-12 23:00:00,0.007487
BTC,2026-01-12 23:00:00,91249.0
IP,2026-01-12 23:00:00,2.8966
MOVE,2026-01-12 23:00:00,0.0335
VVV,2026-01-12 23:00:00,3.0138
ANIME,2026-01-13 00:00:00,0.007517
BTC,2026-01-13 00:00:00,91434.0
IP,2026-01-13 00:00:00,2.8867
MOVE,2026-01-13 00:00:00,0.03344
SOPH,2026-01-13 00:00:00,0.012289
ANIME,2026-01-13 01:00:00,0.0076
BTC,2026-01-13 01:00:00,91148.0
HYPER,2026-01-13 01:00:00,0.1338
MOVE,2026-01-13 01:00:00,0.033393
SOPH,2026-01-13 01:00:00,0.012254
ANIME,2026-01-13 02:00:00,0.007561
BLAST,2026-01-13 02:00:00,0.000779
BTC,2026-01-13 02:00:00,91082.0
HYPER,2026-01-13 02:00:00,0.13518
MOVE,2026-01-13 02:00:00,0.033419
BLAST,2026-01-13 03:00:00,0.00078
BTC,2026-01-13 03:00:00,91382.0
HYPER,2026-01-13 03:00:00,0.13615
MOVE,2026-01-13 03:00:00,0.033581
BERA,2026-01-13 04:00:00,0.55387
BLAST,2026-01-13 04:00:00,0.000782
BTC,2026-01-13 04:00:00,91484.0
HYPER,2026-01-13 04:00:00,0.1374
MOVE,2026-01-13 04:00:00,0.033795
BERA,2026-01-13 05:00:00,0.55493
BLAST,2026-01-13 05:00:00,0.000781
BTC,2026-01-13 05:00:00,91906.0
HYPER,2026-01-13 05:00:00,0.13635
IP,2026-01-13 05:00:00,3.0708
MOVE,2026-01-13 05:00:00,0.03384
BERA,2026-01-13 06:00:00,0.55854
BLAST,2026-01-13 06:00:00,0.00079
BTC,2026-01-13 06:00:00,92171.0
IP,2026-01-13 06:00:00,3.0058
MOVE,2026-01-13 06:00:00,0.034151
VVV,2026-01-13 06:00:00,3.3385
ZEREBRO,2026-01-13 06:00:00,0.02147
BERA,2026-01-13 07:00:00,0.55737
BLAST,2026-01-13 07:00:00,0.000791
BTC,2026-01-13 07:00:00,91950.0
VVV,2026-01-13 07:00:00,3.4326
ZEREBRO,2026-01-13 07:00:00,0.020846
BLAST,2026-01-13 08:00:00,0.000797
BTC,2026-01-13 08:00:00,92172.0
IP,2026-01-13 08:00:00,3.0413
VVV,2026-01-13 08:00:00,3.4694
ZEREBRO,2026-01-13 08:00:00,0.020046
BLAST,2026-01-13 09:00:00,0.000787
BTC,2026-01-13 09:00:00,92261.0
IP,2026-01-13 09:00:00,3.0124
VVV,2026-01-13 09:00:00,3.5213
ZEREBRO,2026-01-13 09:00:00,0.019455
BLAST,2026-01-13 10:00:00,0.000791
BTC,2026-01-13 10:00:00,92130.0
IP,2026-01-13 10:00:00,3.0248
VVV,2026-01-13 10:00:00,3.4168
BERA,2026-01-13 11:00:00,0.56083
BLAST,2026-01-13 11:00:00,0.000794
BTC,2026-01-13 11:00:00,91992.0
IP,2026-01-13 11:00:00,3.0119
VVV,2026-01-13 11:00:00,3.3926
ATOM,2026-01-13 12:00:00,2.5339
BERA,2026-01-13 12:00:00,0.56079
BTC,2026-01-13 12:00:00,92100.0
IP,2026-01-13 12:00:00,3.098
VVV,2026-01-13 12:00:00,3.4241
ATOM,2026-01-13 13:00:00,2.5613
BTC,2026-01-13 13:00:00,92071.0
IP,2026-01-13 13:00:00,3.3312
VVV,2026-01-13 13:00:00,3.4305
ATOM,2026-01-13 14:00:00,2.5922
BTC,2026-01-13 14:00:00,92455.0
IP,2026-01-13 14:00:00,3.5732
MOVE,2026-01-13 14:00:00,0.034668
VVV,2026-01-13 14:00:00,3.327
0G,2026-01-13 15:00:00,0.88166
BTC,2026-01-13 15:00:00,93434.0
IP,2026-01-13 15:00:00,3.7764
MOVE,2026-01-13 15:00:00,0.035016
VVV,2026-01-13 15:00:00,3.4145
0G,2026-01-13 16:00:00,0.8826
ANIME,2026-01-13 16:00:00,0.007519
BTC,2026-01-13 16:00:00,93362.0
IP,2026-01-13 16:00:00,4.0421
VVV,2026-01-13 16:00:00,3.2819
ANIME,2026-01-13 17:00:00,0.007536
BTC,2026-01-13 17:00:00,93210.0
IP,2026-01-13 17:00:00,3.8953
VVV,2026-01-13 17:00:00,3.3065
ANIME,2026-01-13 18:00:00,0.007534
BTC,2026-01-13 18:00:00,93583.0
IP,2026-01-13 18:00:00,3.7036
VVV,2026-01-13 18:00:00,3.3747
ANIME,2026-01-13 19:00:00,0.007545
BTC,2026-01-13 19:00:00,94176.0
IP,2026-01-13 19:00:00,3.7034
VVV,2026-01-13 19:00:00,3.3515
ANIME,2026-01-13 20:00:00,0.007531
BTC,2026-01-13 20:00:00,94360.0
IP,2026-01-13 20:00:00,3.7826
VVV,2026-01-13 20:00:00,3.2921
ANIME,2026-01-13 21:00:00,0.007535
BTC,2026-01-13 21:00:00,94041.0
IP,2026-01-13 21:00:00,3.8135
VVV,2026-01-13 21:00:00,3.2882
ANIME,2026-01-13 22:00:00,0.007756
BTC,2026-01-13 22:00:00,95719.0
IP,2026-01-13 22:00:00,3.8643
VVV,2026-01-13 22:00:00,3.3236
ANIME,2026-01-13 23:00:00,0.007695
BTC,2026-01-13 23:00:00,95374.0
IP,2026-01-13 23:00:00,3.9381
VVV,2026-01-13 23:00:00,3.475
ANIME,2026-01-14 00:00:00,0.007722
BTC,2026-01-14 00:00:00,95203.0
CC,2026-01-14 00:00:00,0.14593
IP,2026-01-14 00:00:00,3.9017
VVV,2026-01-14 00:00:00,3.4156
BERA,2026-01-14 01:00:00,0.6879
BTC,2026-01-14 01:00:00,95189.0
CC,2026-01-14 01:00:00,0.14482
IP,2026-01-14 01:00:00,3.8346
VVV,2026-01-14 01:00:00,3.6165
ANIME,2026-01-14 02:00:00,0.007659
BERA,2026-01-14 02:00:00,0.7029
BTC,2026-01-14 02:00:00,95299.0
IP,2026-01-14 02:00:00,3.8993
VVV,2026-01-14 02:00:00,3.3693
ANIME,2026-01-14 03:00:00,0.007706
BERA,2026-01-14 03:00:00,0.7049
BTC,2026-01-14 03:00:00,95681.0
VVV,2026-01-14 03:00:00,3.4144
ANIME,2026-01-14 04:00:00,0.007688
BERA,2026-01-14 04:00:00,0.69329
BTC,2026-01-14 04:00:00,95194.0
IP,2026-01-14 04:00:00,4.0018
VVV,2026-01-14 04:00:00,3.3332
BERA,2026-01-14 05:00:00,0.70414
BTC,2026-01-14 05:00:00,94958.0
IP,2026-01-14 05:00:00,3.9342
VVV,2026-01-14 05:00:00,3.2696
BERA,2026-01-14 06:00:00,0.7054
BTC,2026-01-14 06:00:00,94992.0
IP,2026-01-14 06:00:00,3.9882
VVV,2026-01-14 06:00:00,3.2844
BERA,2026-01-14 07:00:00,0.73169
BLAST,2026-01-14 07:00:00,0.00084
BTC,2026-01-14 07:00:00,95183.0
IP,2026-01-14 07:00:00,3.8849
VVV,2026-01-14 07:00:00,3.2797
BERA,2026-01-14 08:00:00,0.72517
BLAST,2026-01-14 08:00:00,0.000839
BTC,2026-01-14 08:00:00,94869.0
IP,2026-01-14 08:00:00,3.8768
VVV,2026-01-14 08:00:00,3.2771
ANIME,2026-01-14 09:00:00,0.007653
BERA,2026-01-14 09:00:00,0.75598
BTC,2026-01-14 09:00:00,95058.0
IP,2026-01-14 09:00:00,3.8736
VVV,2026-01-14 09:00:00,3.2466
ANIME,2026-01-14 10:00:00,0.007622
BERA,2026-01-14 10:00:00,0.7756
BTC,2026-01-14 10:00:00,95067.0
VVV,2026-01-14 10:00:00,3.273
ANIME,2026-01-14 11:00:00,0.007631
BERA,2026-01-14 11:00:00,0.8431
BTC,2026-01-14 11:00:00,94773.0
VVV,2026-01-14 11:00:00,3.2074
ANIME,2026-01-14 12:00:00,0.007654
BERA,2026-01-14 12:00:00,0.84119
BTC,2026-01-14 12:00:00,95048.0
VVV,2026-01-14 12:00:00,3.2136
ANIME,2026-01-14 13:00:00,0.007577
BERA,2026-01-14 13:00:00,0.80815
BTC,2026-01-14 13:00:00,94974.0
VVV,2026-01-14 13:00:00,3.2403
ANIME,2026-01-14 14:00:00,0.007616
BERA,2026-01-14 14:00:00,0.82949
BTC,2026-01-14 14:00:00,96482.0
VVV,2026-01-14 14:00:00,3.2226
ANIME,2026-01-14 15:00:00,0.007683
BERA,2026-01-14 15:00:00,0.817
BLAST,2026-01-14 15:00:00,0.00085
BTC,2026-01-14 15:00:00,96737.0
VVV,2026-01-14 15:00:00,3.1921
ANIME,2026-01-14 16:00:00,0.007769
BERA,2026-01-14 16:00:00,0.7895
BLAST,2026-01-14 16:00:00,0.000849
BTC,2026-01-14 16:00:00,97283.0
VVV,2026-01-14 16:00:00,3.1596
ANIME,2026-01-14 17:00:00,0.007698
BERA,2026-01-14 17:00:00,0.77789
BLAST,2026-01-14 17:00:00,0.000847
BTC,2026-01-14 17:00:00,96943.0
VVV,2026-01-14 17:00:00,3.1411
BERA,2026-01-14 18:00:00,0.76951
BLAST,2026-01-14 18:00:00,0.000843
BTC,2026-01-14 18:00:00,96794.0
VVV,2026-01-14 18:00:00,3.1243
BERA,2026-01-14 19:00:00,0.79986
BLAST,2026-01-14 19:00:00,0.000836
BTC,2026-01-14 19:00:00,97241.0
VVV,2026-01-14 19:00:00,3.1617
BERA,2026-01-14 20:00:00,0.79785
BLAST,2026-01-14 20:00:00,0.000839
BTC,2026-01-14 20:00:00,97629.0
VVV,2026-01-14 20:00:00,3.1413
BERA,2026-01-14 21:00:00,0.80321
BLAST,2026-01-14 21:00:00,0.00084
BTC,2026-01-14 21:00:00,97550.0
VVV,2026-01-14 21:00:00,3.1117
BERA,2026-01-14 22:00:00,0.78705
BLAST,2026-01-14 22:00:00,0.000836
BTC,2026-01-14 22:00:00,96854.0
VVV,2026-01-14 22:00:00,3.0792
BERA,2026-01-14 23:00:00,0.80049
BLAST,2026-01-14 23:00:00,0.000844
BTC,2026-01-14 23:00:00,96917.0
VVV,2026-01-14 23:00:00,3.0879
BERA,2026-01-15 00:00:00,0.75219
BLAST,2026-01-15 00:00:00,0.000834
BTC,2026-01-15 00:00:00,96639.0
VVV,2026-01-15 00:00:00,3.1187
BERA,2026-01-15 01:00:00,0.73048
BLAST,2026-01-15 01:00:00,0.000831
BTC,2026-01-15 01:00:00,96435.0
ME,2026-01-15 01:00:00,0.24292
MOVE,2026-01-15 01:00:00,0.043866
VVV,2026-01-15 01:00:00,3.041
BERA,2026-01-15 02:00:00,0.7224
BTC,2026-01-15 02:00:00,96310.0
IP,2026-01-15 02:00:00,2.9013
ME,2026-01-15 02:00:00,0.24209
MOVE,2026-01-15 02:00:00,0.043594
BTC,2026-01-15 03:00:00,95970.0
IP,2026-01-15 03:00:00,2.7579
ME,2026-01-15 03:00:00,0.22793
MOVE,2026-01-15 03:00:00,0.041145
BTC,2026-01-15 04:00:00,96299.0
IP,2026-01-15 04:00:00,2.5974
ME,2026-01-15 04:00:00,0.229
MOVE,2026-01-15 04:00:00,0.04101
BTC,2026-01-15 05:00:00,96432.0
IP,2026-01-15 05:00:00,2.6073
ME,2026-01-15 05:00:00,0.23278
MOVE,2026-01-15 05:00:00,0.041154
BTC,2026-01-15 06:00:00,96230.0
IP,2026-01-15 06:00:00,2.617
ME,2026-01-15 06:00:00,0.23365
MOVE,2026-01-15 06:00:00,0.042261
BTC,2026-01-15 07:00:00,96629.0
IP,2026-01-15 07:00:00,2.7412
ME,2026-01-15 07:00:00,0.2322
MOVE,2026-01-15 07:00:00,0.041317
BTC,2026-01-15 08:00:00,96636.0
IP,2026-01-15 08:00:00,2.5993
ME,2026-01-15 08:00:00,0.23159
MOVE,2026-01-15 08:00:00,0.041456
BTC,2026-01-15 09:00:00,97036.0
IP,2026-01-15 09:00:00,2.6066
ME,2026-01-15 09:00:00,0.23001
MOVE,2026-01-15 09:00:00,0.039616
BTC,2026-01-15 10:00:00,96806.0
IP,2026-01-15 10:00:00,2.6019
ME,2026-01-15 10:00:00,0.22731
MOVE,2026-01-15 10:00:00,0.039006
BERA,2026-01-15 11:00:00,0.7073
BTC,2026-01-15 11:00:00,96579.0
IP,2026-01-15 11:00:00,2.6169
ME,2026-01-15 11:00:00,0.22545
MOVE,2026-01-15 11:00:00,0.039041
BERA,2026-01-15 12:00:00,0.71527
BTC,2026-01-15 12:00:00,96996.0
ME,2026-01-15 12:00:00,0.2271
MOVE,2026-01-15 12:00:00,0.039479
BERA,2026-01-15 13:00:00,0.7139
BTC,2026-01-15 13:00:00,96858.0
ME,2026-01-15 13:00:00,0.22749
MOVE,2026-01-15 13:00:00,0.039787
BERA,2026-01-15 14:00:00,0.70924
BTC,2026-01-15 14:00:00,96085.0
ME,2026-01-15 14:00:00,0.22348
MOVE,2026-01-15 14:00:00,0.0396
BERA,2026-01-15 15:00:00,0.69203
BTC,2026-01-15 15:00:00,96791.0
IP,2026-01-15 15:00:00,2.4541
ME,2026-01-15 15:00:00,0.22196
MOVE,2026-01-15 15:00:00,0.038888
BERA,2026-01-15 16:00:00,0.69774
BLAST,2026-01-15 16:00:00,0.000799
BTC,2026-01-15 16:00:00,96748.0
IP,2026-01-15 16:00:00,2.3443
MOVE,2026-01-15 16:00:00,0.039262
BERA,2026-01-15 17:00:00,0.7154
BLAST,2026-01-15 17:00:00,0.00079
BTC,2026-01-15 17:00:00,96625.0
IP,2026-01-15 17:00:00,2.3907
KAITO,2026-01-15 17:00:00,0.5574
MOVE,2026-01-15 17:00:00,0.038573
BTC,2026-01-15 18:00:00,95812.0
IP,2026-01-15 18:00:00,2.3911
KAITO,2026-01-15 18:00:00,0.56592
MOVE,2026-01-15 18:00:00,0.038062
BTC,2026-01-15 19:00:00,95486.0
IP,2026-01-15 19:00:00,2.4136
KAITO,2026-01-15 19:00:00,0.57647
LAYER,2026-01-15 19:00:00,0.16034
MOVE,2026-01-15 19:00:00,0.037929
BTC,2026-01-15 20:00:00,95227.0
IP,2026-01-15 20:00:00,2.4087
KAITO,2026-01-15 20:00:00,0.56404
LAYER,2026-01-15 20:00:00,0.16005
MOVE,2026-01-15 20:00:00,0.037256
BTC,2026-01-15 21:00:00,95569.0
IP,2026-01-15 21:00:00,2.4656
KAITO,2026-01-15 21:00:00,0.56356
LAYER,2026-01-15 21:00:00,0.16136
MOVE,2026-01-15 21:00:00,0.038652
BTC,2026-01-15 22:00:00,95549.0
IP,2026-01-15 22:00:00,2.4851
KAITO,2026-01-15 22:00:00,0.56618
LAYER,2026-01-15 22:00:00,0.16201
MOVE,2026-01-15 22:00:00,0.038674
BTC,2026-01-15 23:00:00,95588.0
IP,2026-01-15 23:00:00,2.5086
KAITO,2026-01-15 23:00:00,0.56289
MOVE,2026-01-15 23:00:00,0.038621
BTC,2026-01-16 00:00:00,95611.0
IP,2026-01-16 00:00:00,2.4821
KAITO,2026-01-16 00:00:00,0.5511
MOVE,2026-01-16 00:00:00,0.036496
BTC,2026-01-16 01:00:00,95656.0
IP,2026-01-16 01:00:00,2.5408
KAITO,2026-01-16 01:00:00,0.53764
MOVE,2026-01-16 01:00:00,0.036641
BTC,2026-01-16 02:00:00,95505.0
IP,2026-01-16 02:00:00,2.5308
KAITO,2026-01-16 02:00:00,0.54367
MOVE,2026-01-16 02:00:00,0.036776
BTC,2026-01-16 03:00:00,95333.0
IP,2026-01-16 03:00:00,2.5207
KAITO,2026-01-16 03:00:00,0.53391
MOVE,2026-01-16 03:00:00,0.03677
BTC,2026-01-16 04:00:00,95253.0
IP,2026-01-16 04:00:00,2.4898
KAITO,2026-01-16 04:00:00,0.53631
MOVE,2026-01-16 04:00:00,0.036695
BTC,2026-01-16 05:00:00,95653.0
IP,2026-01-16 05:00:00,2.526
KAITO,2026-01-16 05:00:00,0.53565
MOVE,2026-01-16 05:00:00,0.037224
BTC,2026-01-16 06:00:00,95754.0
IP,2026-01-16 06:00:00,2.5908
KAITO,2026-01-16 06:00:00,0.53817
MOVE,2026-01-16 06:00:00,0.037435
BTC,2026-01-16 07:00:00,95650.0
IP,2026-01-16 07:00:00,2.5896
KAITO,2026-01-16 07:00:00,0.54126
MOVE,2026-01-16 07:00:00,0.037138
BERA,2026-01-16 08:00:00,0.67697
BTC,2026-01-16 08:00:00,95670.0
IP,2026-01-16 08:00:00,2.5903
KAITO,2026-01-16 08:00:00,0.53838
MOVE,2026-01-16 08:00:00,0.03725
BERA,2026-01-16 09:00:00,0.69059
BTC,2026-01-16 09:00:00,95605.0
IP,2026-01-16 09:00:00,2.6051
KAITO,2026-01-16 09:00:00,0.54013
BERA,2026-01-16 10:00:00,0.69466
BTC,2026-01-16 10:00:00,95321.0
IP,2026-01-16 10:00:00,2.6266
KAITO,2026-01-16 10:00:00,0.53867
BERA,2026-01-16 11:00:00,0.69425
BTC,2026-01-16 11:00:00,95434.0
IP,2026-01-16 11:00:00,2.6179
KAITO,2026-01-16 11:00:00,0.54406
BERA,2026-01-16 12:00:00,0.69247
BTC,2026-01-16 12:00:00,95458.0
IP,2026-01-16 12:00:00,2.6024
KAITO,2026-01-16 12:00:00,0.54253
BERA,2026-01-16 13:00:00,0.68607
BTC,2026-01-16 13:00:00,95451.0
IP,2026-01-16 13:00:00,2.6079
KAITO,2026-01-16 13:00:00,0.55496
BERA,2026-01-16 14:00:00,0.68909
BTC,2026-01-16 14:00:00,95241.0
IP,2026-01-16 14:00:00,2.5881
KAITO,2026-01-16 14:00:00,0.54962
BERA,2026-01-16 15:00:00,0.68655
BTC,2026-01-16 15:00:00,94608.0
IP,2026-01-16 15:00:00,2.5892
KAITO,2026-01-16 15:00:00,0.54363
BERA,2026-01-16 16:00:00,0.69532
BTC,2026-01-16 16:00:00,94904.0
IP,2026-01-16 16:00:00,2.6415
KAITO,2026-01-16 16:00:00,0.54653
BERA,2026-01-16 17:00:00,0.69037
BTC,2026-01-16 17:00:00,95123.0
IP,2026-01-16 17:00:00,2.7199
KAITO,2026-01-16 17:00:00,0.54853
BERA,2026-01-16 18:00:00,0.68348
BTC,2026-01-16 18:00:00,95042.0
IP,2026-01-16 18:00:00,2.8047
KAITO,2026-01-16 18:00:00,0.54732
BERA,2026-01-16 19:00:00,0.6849
BTC,2026-01-16 19:00:00,95022.0
IP,2026-01-16 19:00:00,2.7832
KAITO,2026-01-16 19:00:00,0.53953
BERA,2026-01-16 20:00:00,0.68308
BTC,2026-01-16 20:00:00,95582.0
IP,2026-01-16 20:00:00,2.7314
KAITO,2026-01-16 20:00:00,0.54683
BERA,2026-01-16 21:00:00,0.68554
BTC,2026-01-16 21:00:00,95552.0
IP,2026-01-16 21:00:00,2.7321
KAITO,2026-01-16 21:00:00,0.54613
BERA,2026-01-16 22:00:00,0.68468
BTC,2026-01-16 22:00:00,95540.0
IP,2026-01-16 22:00:00,2.7069
KAITO,2026-01-16 22:00:00,0.54825
BERA,2026-01-16 23:00:00,0.68897
BTC,2026-01-16 23:00:00,95586.0
IP,2026-01-16 23:00:00,2.7938
KAITO,2026-01-16 23:00:00,0.54789
BERA,2026-01-17 00:00:00,0.74084
BTC,2026-01-17 00:00:00,95478.0
IP,2026-01-17 00:00:00,2.6451
KAITO,2026-01-17 00:00:00,0.5366
BERA,2026-01-17 01:00:00,0.72008
BTC,2026-01-17 01:00:00,95408.0
IP,2026-01-17 01:00:00,2.6713
KAITO,2026-01-17 01:00:00,0.53658
BERA,2026-01-17 02:00:00,0.72905
BTC,2026-01-17 02:00:00,95390.0
IP,2026-01-17 02:00:00,2.7667
KAITO,2026-01-17 02:00:00,0.53824
BERA,2026-01-17 03:00:00,0.74049
BTC,2026-01-17 03:00:00,95399.0
IP,2026-01-17 03:00:00,2.7362
KAITO,2026-01-17 03:00:00,0.53869
BERA,2026-01-17 04:00:00,0.73552
BTC,2026-01-17 04:00:00,95323.0
IP,2026-01-17 04:00:00,2.7105
KAITO,2026-01-17 04:00:00,0.53926
BERA,2026-01-17 05:00:00,0.76836
BTC,2026-01-17 05:00:00,95338.0
IP,2026-01-17 05:00:00,2.6979
KAITO,2026-01-17 05:00:00,0.53944
BERA,2026-01-17 06:00:00,0.78178
BTC,2026-01-17 06:00:00,95256.0
IP,2026-01-17 06:00:00,2.7105
KAITO,2026-01-17 06:00:00,0.53563
BERA,2026-01-17 07:00:00,0.80489
BTC,2026-01-17 07:00:00,95117.0
IP,2026-01-17 07:00:00,2.6911
KAITO,2026-01-17 07:00:00,0.53229
BERA,2026-01-17 08:00:00,0.81336
BTC,2026-01-17 08:00:00,95260.0
IP,2026-01-17 08:00:00,2.6646
KAITO,2026-01-17 08:00:00,0.53108
BERA,2026-01-17 09:00:00,0.80901
BTC,2026-01-17 09:00:00,95288.0
IP,2026-01-17 09:00:00,2.6848
KAITO,2026-01-17 09:00:00,0.53072
BERA,2026-01-17 10:00:00,0.82571
BTC,2026-01-17 10:00:00,95120.0
IP,2026-01-17 10:00:00,2.668
KAITO,2026-01-17 10:00:00,0.53455
BERA,2026-01-17 11:00:00,0.81872
BTC,2026-01-17 11:00:00,95336.0
IP,2026-01-17 11:00:00,2.6919
KAITO,2026-01-17 11:00:00,0.53546
BERA,2026-01-17 12:00:00,0.8464
BTC,2026-01-17 12:00:00,95274.0
IP,2026-01-17 12:00:00,2.6265
KAITO,2026-01-17 12:00:00,0.53219
BERA,2026-01-17 13:00:00,0.90706
BTC,2026-01-17 13:00:00,95447.0
IP,2026-01-17 13:00:00,2.6272
KAITO,2026-01-17 13:00:00,0.52804
BERA,2026-01-17 14:00:00,0.89669
BTC,2026-01-17 14:00:00,95496.0
IP,2026-01-17 14:00:00,2.6342
KAITO,2026-01-17 14:00:00,0.53023
BERA,2026-01-17 15:00:00,0.8711
BLAST,2026-01-17 15:00:00,0.00085
BTC,2026-01-17 15:00:00,95576.0
IP,2026-01-17 15:00:00,2.6335
KAITO,2026-01-17 15:00:00,0.53168
BERA,2026-01-17 16:00:00,0.8542
BLAST,2026-01-17 16:00:00,0.000844
BTC,2026-01-17 16:00:00,95313.0
IP,2026-01-17 16:00:00,2.5951
PURR,2026-01-17 16:00:00,0.058973
BERA,2026-01-17 17:00:00,0.84616
BTC,2026-01-17 17:00:00,95369.0
IP,2026-01-17 17:00:00,2.5805
PURR,2026-01-17 17:00:00,0.059
BERA,2026-01-17 18:00:00,0.86349
BTC,2026-01-17 18:00:00,95443.0
IP,2026-01-17 18:00:00,2.5846
KAITO,2026-01-17 18:00:00,0.52563
PURR,2026-01-17 18:00:00,0.059
BERA,2026-01-17 19:00:00,0.85349
BTC,2026-01-17 19:00:00,95291.0
IP,2026-01-17 19:00:00,2.5887
KAITO,2026-01-17 19:00:00,0.52827
PURR,2026-01-17 19:00:00,0.059552
BERA,2026-01-17 20:00:00,0.8321
BTC,2026-01-17 20:00:00,95400.0
IP,2026-01-17 20:00:00,2.5843
PURR,2026-01-17 20:00:00,0.059964
BERA,2026-01-17 21:00:00,0.81901
BTC,2026-01-17 21:00:00,95316.0
IP,2026-01-17 21:00:00,2.5974
KAITO,2026-01-17 21:00:00,0.52653
PURR,2026-01-17 21:00:00,0.059671
BERA,2026-01-17 22:00:00,0.80472
BTC,2026-01-17 22:00:00,95159.0
IP,2026-01-17 22:00:00,2.5523
KAITO,2026-01-17 22:00:00,0.52689
BERA,2026-01-17 23:00:00,0.81785
BTC,2026-01-17 23:00:00,95144.0
IP,2026-01-17 23:00:00,2.5544
KAITO,2026-01-17 23:00:00,0.53037
BERA,2026-01-18 00:00:00,0.82709
BTC,2026-01-18 00:00:00,95103.0
IP,2026-01-18 00:00:00,2.5042
KAITO,2026-01-18 00:00:00,0.52575
BERA,2026-01-18 01:00:00,0.91222
BTC,2026-01-18 01:00:00,94955.0
IP,2026-01-18 01:00:00,2.62
KAITO,2026-01-18 01:00:00,0.5262
BERA,2026-01-18 02:00:00,0.99631
BTC,2026-01-18 02:00:00,95023.0
IP,2026-01-18 02:00:00,2.5943
KAITO,2026-01-18 02:00:00,0.52225
SAND,2026-01-18 02:00:00,0.15058
BERA,2026-01-18 03:00:00,0.97305
BTC,2026-01-18 03:00:00,95194.0
IP,2026-01-18 03:00:00,2.6551
KAITO,2026-01-18 03:00:00,0.52194
SAND,2026-01-18 03:00:00,0.15381
BERA,2026-01-18 04:00:00,0.98556
BTC,2026-01-18 04:00:00,95079.0
IP,2026-01-18 04:00:00,2.7195
KAITO,2026-01-18 04:00:00,0.52168
BERA,2026-01-18 05:00:00,0.96293
BTC,2026-01-18 05:00:00,95179.0
IP,2026-01-18 05:00:00,2.759
KAITO,2026-01-18 05:00:00,0.53029
BERA,2026-01-18 06:00:00,0.97294
BTC,2026-01-18 06:00:00,95168.0
IP,2026-01-18 06:00:00,2.823
KAITO,2026-01-18 06:00:00,0.53674
BERA,2026-01-18 07:00:00,0.9993
BTC,2026-01-18 07:00:00,95024.0
IP,2026-01-18 07:00:00,2.792
KAITO,2026-01-18 07:00:00,0.53158
BERA,2026-01-18 08:00:00,0.98728
BLAST,2026-01-18 08:00:00,0.000876
BTC,2026-01-18 08:00:00,95174.0
IP,2026-01-18 08:00:00,2.7883
KAITO,2026-01-18 08:00:00,0.53697
BERA,2026-01-18 09:00:00,0.96917
BLAST,2026-01-18 09:00:00,0.000873
BTC,2026-01-18 09:00:00,95268.0
IP,2026-01-18 09:00:00,2.7277
BERA,2026-01-18 10:00:00,0.91228
BLAST,2026-01-18 10:00:00,0.000914
BTC,2026-01-18 10:00:00,95168.0
IP,2026-01-18 10:00:00,2.6527
KAITO,2026-01-18 10:00:00,0.53412
BERA,2026-01-18 11:00:00,0.92453
BTC,2026-01-18 11:00:00,95149.0
IP,2026-01-18 11:00:00,2.7063
KAITO,2026-01-18 11:00:00,0.52803
ME,2026-01-18 11:00:00,0.29
BERA,2026-01-18 12:00:00,0.88082
BTC,2026-01-18 12:00:00,95100.0
IP,2026-01-18 12:00:00,2.686
ME,2026-01-18 12:00:00,0.29631
MOVE,2026-01-18 12:00:00,0.041343
BERA,2026-01-18 13:00:00,0.85625
BTC,2026-01-18 13:00:00,95152.0
ME,2026-01-18 13:00:00,0.2805
MOVE,2026-01-18 13:00:00,0.039645
BERA,2026-01-18 14:00:00,0.8484
BTC,2026-01-18 14:00:00,94948.0
ME,2026-01-18 14:00:00,0.28013
MOVE,2026-01-18 14:00:00,0.040301
BERA,2026-01-18 15:00:00,0.87221
BTC,2026-01-18 15:00:00,95110.0
LAYER,2026-01-18 15:00:00,0.15852
ME,2026-01-18 15:00:00,0.27359
MOVE,2026-01-18 15:00:00,0.040328
BERA,2026-01-18 16:00:00,0.8639
BTC,2026-01-18 16:00:00,95162.0
LAYER,2026-01-18 16:00:00,0.15812
ME,2026-01-18 16:00:00,0.27968
BERA,2026-01-18 17:00:00,0.87339
BTC,2026-01-18 17:00:00,95263.0
IP,2026-01-18 17:00:00,2.6573
LAYER,2026-01-18 17:00:00,0.15842
ME,2026-01-18 17:00:00,0.27895
BERA,2026-01-18 18:00:00,0.87345
BTC,2026-01-18 18:00:00,95438.0
IP,2026-01-18 18:00:00,2.6766
KAITO,2026-01-18 18:00:00,0.52629
ME,2026-01-18 18:00:00,0.27887
BERA,2026-01-18 19:00:00,0.8732
BTC,2026-01-18 19:00:00,95387.0
KAITO,2026-01-18 19:00:00,0.52342
ME,2026-01-18 19:00:00,0.275
BERA,2026-01-18 20:00:00,0.87767
BTC,2026-01-18 20:00:00,95309.0
KAITO,2026-01-18 20:00:00,0.52314
ME,2026-01-18 20:00:00,0.2799
BERA,2026-01-18 21:00:00,0.88603
BTC,2026-01-18 21:00:00,95430.0
KAITO,2026-01-18 21:00:00,0.52516
ME,2026-01-18 21:00:00,0.27564
MOVE,2026-01-18 21:00:00,0.041116
BERA,2026-01-18 22:00:00,0.88811
BTC,2026-01-18 22:00:00,95483.0
ME,2026-01-18 22:00:00,0.27738
MOVE,2026-01-18 22:00:00,0.041209
BERA,2026-01-18 23:00:00,0.84799
BTC,2026-01-18 23:00:00,93621.0
ME,2026-01-18 23:00:00,0.27365
MOVE,2026-01-18 23:00:00,0.039407
BERA,2026-01-19 00:00:00,0.85996
BTC,2026-01-19 00:00:00,92704.0
KAITO,2026-01-19 00:00:00,0.4983
ME,2026-01-19 00:00:00,0.2619
MOVE,2026-01-19 00:00:00,0.037217
BERA,2026-01-19 01:00:00,0.91976
BTC,2026-01-19 01:00:00,92551.0
KAITO,2026-01-19 01:00:00,0.49902
ME,2026-01-19 01:00:00,0.26376
MOODENG,2026-01-19 01:00:00,0.068538
BERA,2026-01-19 02:00:00,0.90111
BTC,2026-01-19 02:00:00,92540.0
ME,2026-01-19 02:00:00,0.26234
MOODENG,2026-01-19 02:00:00,0.068928
BERA,2026-01-19 03:00:00,0.902
BTC,2026-01-19 03:00:00,92682.0
ME,2026-01-19 03:00:00,0.25979
MOODENG,2026-01-19 03:00:00,0.069045
BERA,2026-01-19 04:00:00,0.84728
BTC,2026-01-19 04:00:00,92637.0
ME,2026-01-19 04:00:00,0.25258
MOODENG,2026-01-19 04:00:00,0.068136
XMR,2026-01-19 04:00:00,610.07
BTC,2026-01-19 05:00:00,92465.0
XMR,2026-01-19 05:00:00,623.12
BTC,2026-01-19 06:00:00,92545.0
XMR,2026-01-19 06:00:00,622.87
BTC,2026-01-19 07:00:00,92783.0
XMR,2026-01-19 07:00:00,639.8
BTC,2026-01-19 08:00:00,93212.0
XMR,2026-01-19 08:00:00,640.95
BTC,2026-01-19 09:00:00,93005.0
XMR,2026-01-19 09:00:00,648.48
BTC,2026-01-19 10:00:00,93029.0
XMR,2026-01-19 10:00:00,637.01
BTC,2026-01-19 11:00:00,93152.0
XMR,2026-01-19 11:00:00,640.05
BTC,2026-01-19 12:00:00,93036.0
XMR,2026-01-19 12:00:00,628.87
BTC,2026-01-19 13:00:00,92981.0
XMR,2026-01-19 13:00:00,627.81
BTC,2026-01-19 14:00:00,92778.0
XMR,2026-01-19 14:00:00,630.29
BTC,2026-01-19 15:00:00,93010.0
XMR,2026-01-19 15:00:00,615.28
BTC,2026-01-19 16:00:00,93260.0
XMR,2026-01-19 16:00:00,618.02
BTC,2026-01-19 17:00:00,93199.0
XMR,2026-01-19 17:00:00,621.93
BTC,2026-01-19 18:00:00,93011.0
XMR,2026-01-19 18:00:00,608.86
BTC,2026-01-19 19:00:00,93065.0
XMR,2026-01-19 19:00:00,610.36
BTC,2026-01-19 20:00:00,93099.0
XMR,2026-01-19 20:00:00,613.68
BTC,2026-01-19 21:00:00,92952.0
XMR,2026-01-19 21:00:00,619.59
BTC,2026-01-19 22:00:00,92497.0
XMR,2026-01-19 22:00:00,630.26
BTC,2026-01-19 23:00:00,92581.0
XMR,2026-01-19 23:00:00,624.54
BTC,2026-01-20 00:00:00,92671.0
XMR,2026-01-20 00:00:00,610.9
BTC,2026-01-20 01:00:00,92664.0
XMR,2026-01-20 01:00:00,605.98
BTC,2026-01-20 02:00:00,92500.0
XMR,2026-01-20 02:00:00,610.84
BTC,2026-01-20 03:00:00,92379.0
XMR,2026-01-20 03:00:00,605.97
BTC,2026-01-20 04:00:00,92007.0
XMR,2026-01-20 04:00:00,610.3
BTC,2026-01-20 05:00:00,91561.0
XMR,2026-01-20 05:00:00,619.58
BTC,2026-01-20 06:00:00,90869.0
XMR,2026-01-20 06:00:00,595.47
BTC,2026-01-20 07:00:00,91122.0
XMR,2026-01-20 07:00:00,580.47
BTC,2026-01-20 08:00:00,91049.0
XMR,2026-01-20 08:00:00,591.36
BTC,2026-01-20 09:00:00,90980.0
XMR,2026-01-20 09:00:00,589.86
BTC,2026-01-20 10:00:00,91208.0
XMR,2026-01-20 10:00:00,566.35
BTC,2026-01-20 11:00:00,91162.0
XMR,2026-01-20 11:00:00,569.57
BTC,2026-01-20 12:00:00,91222.0
XMR,2026-01-20 12:00:00,557.81
BTC,2026-01-20 13:00:00,90894.0
XMR,2026-01-20 13:00:00,543.57
BTC,2026-01-20 14:00:00,90478.0
XMR,2026-01-20 14:00:00,549.96
BTC,2026-01-20 15:00:00,90633.0
XMR,2026-01-20 15:00:00,540.91
BTC,2026-01-20 16:00:00,90122.0
XMR,2026-01-20 16:00:00,527.15
BTC,2026-01-20 17:00:00,89746.0
XMR,2026-01-20 17:00:00,522.27
BTC,2026-01-20 18:00:00,89457.0
XMR,2026-01-20 18:00:00,508.59
BTC,2026-01-20 19:00:00,89704.0
XMR,2026-01-20 19:00:00,505.81
BTC,2026-01-20 20:00:00,89701.0
XMR,2026-01-20 20:00:00,511.38
BTC,2026-01-20 21:00:00,89469.0
XMR,2026-01-20 21:00:00,501.84
BTC,2026-01-20 22:00:00,88496.0
XMR,2026-01-20 22:00:00,519.39
BTC,2026-01-20 23:00:00,88404.0
XMR,2026-01-20 23:00:00,503.09
BTC,2026-01-21 00:00:00,88907.0
XMR,2026-01-21 00:00:00,507.39
BTC,2026-01-21 01:00:00,88992.0
XMR,2026-01-21 01:00:00,493.02
BTC,2026-01-21 02:00:00,89009.0
XMR,2026-01-21 02:00:00,503.0
BTC,2026-01-21 03:00:00,89395.0
XMR,2026-01-21 03:00:00,491.85
BTC,2026-01-21 04:00:00,89410.0
XMR,2026-01-21 04:00:00,496.14
BTC,2026-01-21 05:00:00,89919.0
XMR,2026-01-21 05:00:00,506.21
BTC,2026-01-21 06:00:00,89602.0
XMR,2026-01-21 06:00:00,500.17
BTC,2026-01-21 07:00:00,89174.0
XMR,2026-01-21 07:00:00,496.63
BTC,2026-01-21 08:00:00,89152.0
XMR,2026-01-21 08:00:00,488.84
BTC,2026-01-21 09:00:00,89068.0
XMR,2026-01-21 09:00:00,486.08
BTC,2026-01-21 10:00:00,89217.0
XMR,2026-01-21 10:00:00,496.78
BTC,2026-01-21 11:00:00,88741.0
XMR,2026-01-21 11:00:00,498.27
BTC,2026-01-21 12:00:00,88677.0
XMR,2026-01-21 12:00:00,501.61
BTC,2026-01-21 13:00:00,88639.0
XMR,2026-01-21 13:00:00,493.0
BTC,2026-01-21 14:00:00,89762.0
XMR,2026-01-21 14:00:00,513.26
BTC,2026-01-21 15:00:00,90230.0
XMR,2026-01-21 15:00:00,516.27
BTC,2026-01-21 16:00:00,87534.0
XMR,2026-01-21 16:00:00,505.29
BTC,2026-01-21 17:00:00,87894.0
XMR,2026-01-21 17:00:00,514.2
BTC,2026-01-21 18:00:00,88429.0
XMR,2026-01-21 18:00:00,523.85
BTC,2026-01-21 19:00:00,90312.0
XMR,2026-01-21 19:00:00,535.86
BTC,2026-01-21 20:00:00,90145.0
XMR,2026-01-21 20:00:00,538.6
BTC,2026-01-21 21:00:00,90207.0
XMR,2026-01-21 21:00:00,537.08
BTC,2026-01-21 22:00:00,89721.0
XMR,2026-01-21 22:00:00,522.63
BTC,2026-01-21 23:00:00,89401.0
XMR,2026-01-21 23:00:00,522.91
BTC,2026-01-22 00:00:00,89860.0
XMR,2026-01-22 00:00:00,527.53
BTC,2026-01-22 01:00:00,90061.0
XMR,2026-01-22 01:00:00,525.36
BTC,2026-01-22 02:00:00,89889.0
XMR,2026-01-22 02:00:00,526.6
BTC,2026-01-22 03:00:00,89842.0
SKR,2026-01-22 03:00:00,0.052198
XMR,2026-01-22 03:00:00,511.47
BTC,2026-01-22 04:00:00,89943.0
SKR,2026-01-22 04:00:00,0.042327
XMR,2026-01-22 04:00:00,517.8
BTC,2026-01-22 05:00:00,89976.0
SKR,2026-01-22 05:00:00,0.036729
XMR,2026-01-22 05:00:00,510.12
BTC,2026-01-22 06:00:00,90136.0
SKR,2026-01-22 06:00:00,0.03703
XMR,2026-01-22 06:00:00,508.01
BTC,2026-01-22 07:00:00,89764.0
SKR,2026-01-22 07:00:00,0.043004
XMR,2026-01-22 07:00:00,504.65
BTC,2026-01-22 08:00:00,89878.0
SKR,2026-01-22 08:00:00,0.044804
XMR,2026-01-22 08:00:00,505.5
BTC,2026-01-22 09:00:00,89978.0
SKR,2026-01-22 09:00:00,0.041433
XMR,2026-01-22 09:00:00,512.77
BTC,2026-01-22 10:00:00,90033.0
SKR,2026-01-22 10:00:00,0.041037
XMR,2026-01-22 10:00:00,520.42
BTC,2026-01-22 11:00:00,89897.0
SKR,2026-01-22 11:00:00,0.038605
XMR,2026-01-22 11:00:00,506.31
BTC,2026-01-22 12:00:00,89979.0
SKR,2026-01-22 12:00:00,0.042596
XMR,2026-01-22 12:00:00,513.76
BTC,2026-01-22 13:00:00,89551.0
SKR,2026-01-22 13:00:00,0.045769
XMR,2026-01-22 13:00:00,499.28
BTC,2026-01-22 14:00:00,89059.0
SKR,2026-01-22 14:00:00,0.047608
XMR,2026-01-22 14:00:00,502.14
BTC,2026-01-22 15:00:00,88956.0
SKR,2026-01-22 15:00:00,0.047279
XMR,2026-01-22 15:00:00,509.65
BTC,2026-01-22 16:00:00,89033.0
SKR,2026-01-22 16:00:00,0.044481
XMR,2026-01-22 16:00:00,513.73
BTC,2026-01-22 17:00:00,89513.0
SKR,2026-01-22 17:00:00,0.044974
XMR,2026-01-22 17:00:00,509.25
BTC,2026-01-22 18:00:00,89309.0
SKR,2026-01-22 18:00:00,0.042424
XMR,2026-01-22 18:00:00,509.61
BTC,2026-01-22 19:00:00,89738.0
SKR,2026-01-22 19:00:00,0.044565
XMR,2026-01-22 19:00:00,520.55
BTC,2026-01-22 20:00:00,89362.0
SKR,2026-01-22 20:00:00,0.040776
XMR,2026-01-22 20:00:00,520.27
BTC,2026-01-22 21:00:00,89201.0
SKR,2026-01-22 21:00:00,0.039901
XMR,2026-01-22 21:00:00,521.22
BTC,2026-01-22 22:00:00,89284.0
SKR,2026-01-22 22:00:00,0.04391
XMR,2026-01-22 22:00:00,521.26
BTC,2026-01-22 23:00:00,89500.0
SKR,2026-01-22 23:00:00,0.042664
XMR,2026-01-22 23:00:00,517.24
BTC,2026-01-23 00:00:00,89458.0
SKR,2026-01-23 00:00:00,0.045903
XMR,2026-01-23 00:00:00,522.32
BTC,2026-01-23 01:00:00,89891.0
SKR,2026-01-23 01:00:00,0.043014
XMR,2026-01-23 01:00:00,521.46
BTC,2026-01-23 02:00:00,89616.0
SKR,2026-01-23 02:00:00,0.043647
XMR,2026-01-23 02:00:00,518.47
BTC,2026-01-23 03:00:00,89878.0
SKR,2026-01-23 03:00:00,0.041567
XMR,2026-01-23 03:00:00,525.46
BTC,2026-01-23 04:00:00,89921.0
SKR,2026-01-23 04:00:00,0.040631
XMR,2026-01-23 04:00:00,522.09
BTC,2026-01-23 05:00:00,89550.0
SKR,2026-01-23 05:00:00,0.037988
XMR,2026-01-23 05:00:00,526.22
BTC,2026-01-23 06:00:00,89454.0
SKR,2026-01-23 06:00:00,0.039
XMR,2026-01-23 06:00:00,533.04
BTC,2026-01-23 07:00:00,89490.0
SKR,2026-01-23 07:00:00,0.036351
XMR,2026-01-23 07:00:00,517.12
BTC,2026-01-23 08:00:00,89171.0
SKR,2026-01-23 08:00:00,0.03518
XMR,2026-01-23 08:00:00,521.33
BTC,2026-01-23 09:00:00,88918.0
SKR,2026-01-23 09:00:00,0.034213
XMR,2026-01-23 09:00:00,520.7
BTC,2026-01-23 10:00:00,88994.0
SKR,2026-01-23 10:00:00,0.03608
XMR,2026-01-23 10:00:00,516.81
BTC,2026-01-23 11:00:00,89160.0
SKR,2026-01-23 11:00:00,0.037633
XMR,2026-01-23 11:00:00,513.5
BTC,2026-01-23 12:00:00,89227.0
SKR,2026-01-23 12:00:00,0.035055
XMR,2026-01-23 12:00:00,510.0
BTC,2026-01-23 13:00:00,89292.0
SKR,2026-01-23 13:00:00,0.035486
XMR,2026-01-23 13:00:00,512.66
BTC,2026-01-23 14:00:00,88946.0
SKR,2026-01-23 14:00:00,0.03456
XMR,2026-01-23 14:00:00,512.88
BTC,2026-01-23 15:00:00,89706.0
SKR,2026-01-23 15:00:00,0.032919
XMR,2026-01-23 15:00:00,522.52
BTC,2026-01-23 16:00:00,90065.0
SKR,2026-01-23 16:00:00,0.031266
XMR,2026-01-23 16:00:00,520.44
BTC,2026-01-23 17:00:00,90566.0
SKR,2026-01-23 17:00:00,0.031884
XMR,2026-01-23 17:00:00,524.36
BTC,2026-01-23 18:00:00,90484.0
SKR,2026-01-23 18:00:00,0.031937
XMR,2026-01-23 18:00:00,520.92
BTC,2026-01-23 19:00:00,89935.0
SKR,2026-01-23 19:00:00,0.032103
XMR,2026-01-23 19:00:00,517.96
BTC,2026-01-23 20:00:00,89439.0
SKR,2026-01-23 20:00:00,0.028827
XMR,2026-01-23 20:00:00,515.7
BTC,2026-01-23 21:00:00,89299.0
SKR,2026-01-23 21:00:00,0.02941
XMR,2026-01-23 21:00:00,515.15
BTC,2026-01-23 22:00:00,89576.0
SKR,2026-01-23 22:00:00,0.030677
XMR,2026-01-23 22:00:00,513.88
BTC,2026-01-23 23:00:00,89552.0
SKR,2026-01-23 23:00:00,0.03086
XMR,2026-01-23 23:00:00,513.47
BTC,2026-01-24 00:00:00,89414.0
SKR,2026-01-24 00:00:00,0.02959
XMR,2026-01-24 00:00:00,506.95
BTC,2026-01-24 01:00:00,89506.0
SKR,2026-01-24 01:00:00,0.031168
XMR,2026-01-24 01:00:00,501.45
BTC,2026-01-24 02:00:00,89658.0
SKR,2026-01-24 02:00:00,0.031224
XMR,2026-01-24 02:00:00,509.86
BTC,2026-01-24 03:00:00,89719.0
SKR,2026-01-24 03:00:00,0.030731
XMR,2026-01-24 03:00:00,512.26
BTC,2026-01-24 04:00:00,89791.0
SKR,2026-01-24 04:00:00,0.029189
XMR,2026-01-24 04:00:00,515.25
BTC,2026-01-24 05:00:00,89729.0
SKR,2026-01-24 05:00:00,0.029823
XMR,2026-01-24 05:00:00,522.86
BTC,2026-01-24 06:00:00,89601.0
SKR,2026-01-24 06:00:00,0.028391
XMR,2026-01-24 06:00:00,519.46
BTC,2026-01-24 07:00:00,89584.0
SKR,2026-01-24 07:00:00,0.028301
XMR,2026-01-24 07:00:00,520.47
BTC,2026-01-24 08:00:00,89622.0
SKR,2026-01-24 08:00:00,0.029933
XMR,2026-01-24 08:00:00,524.32
BTC,2026-01-24 09:00:00,89566.0
SKR,2026-01-24 09:00:00,0.031696
XMR,2026-01-24 09:00:00,526.29
BTC,2026-01-24 10:00:00,89589.0
SKR,2026-01-24 10:00:00,0.031177
XMR,2026-01-24 10:00:00,524.92
BTC,2026-01-24 11:00:00,89559.0
SKR,2026-01-24 11:00:00,0.030801
XMR,2026-01-24 11:00:00,519.95
BTC,2026-01-24 12:00:00,89495.0
SKR,2026-01-24 12:00:00,0.034663
XMR,2026-01-24 12:00:00,521.19
BTC,2026-01-24 13:00:00,89330.0
SKR,2026-01-24 13:00:00,0.033598
XMR,2026-01-24 13:00:00,520.18
BTC,2026-01-24 14:00:00,89404.0
SKR,2026-01-24 14:00:00,0.033124
XMR,2026-01-24 14:00:00,516.22
BTC,2026-01-24 15:00:00,89222.0
SKR,2026-01-24 15:00:00,0.034
XMR,2026-01-24 15:00:00,509.92
BTC,2026-01-24 16:00:00,89240.0
SKR,2026-01-24 16:00:00,0.033474
XMR,2026-01-24 16:00:00,512.83
BTC,2026-01-24 17:00:00,89359.0
SKR,2026-01-24 17:00:00,0.032758
XMR,2026-01-24 17:00:00,511.61
BTC,2026-01-24 18:00:00,89346.0
SKR,2026-01-24 18:00:00,0.032491
XMR,2026-01-24 18:00:00,512.16
BTC,2026-01-24 19:00:00,89275.0
SKR,2026-01-24 19:00:00,0.032572
XMR,2026-01-24 19:00:00,507.7
BTC,2026-01-24 20:00:00,89335.0
SKR,2026-01-24 20:00:00,0.032592
XMR,2026-01-24 20:00:00,508.16
BTC,2026-01-24 21:00:00,89331.0
SKR,2026-01-24 21:00:00,0.033321
XMR,2026-01-24 21:00:00,508.84
BTC,2026-01-24 22:00:00,89381.0
SKR,2026-01-24 22:00:00,0.032987
XMR,2026-01-24 22:00:00,505.93
BTC,2026-01-24 23:00:00,89171.0
SKR,2026-01-24 23:00:00,0.030861
XMR,2026-01-24 23:00:00,504.57
BTC,2026-01-25 00:00:00,89268.0
SKR,2026-01-25 00:00:00,0.029081
XMR,2026-01-25 00:00:00,505.38
BTC,2026-01-25 01:00:00,89132.0
SKR,2026-01-25 01:00:00,0.029072
XMR,2026-01-25 01:00:00,504.01
BTC,2026-01-25 02:00:00,89100.0
SKR,2026-01-25 02:00:00,0.029202
XMR,2026-01-25 02:00:00,503.0
BTC,2026-01-25 03:00:00,88913.0
SKR,2026-01-25 03:00:00,0.029428
XMR,2026-01-25 03:00:00,494.79
BTC,2026-01-25 04:00:00,88974.0
SKR,2026-01-25 04:00:00,0.029076
XMR,2026-01-25 04:00:00,494.66
BTC,2026-01-25 05:00:00,88958.0
SKR,2026-01-25 05:00:00,0.029205
XMR,2026-01-25 05:00:00,487.08
BTC,2026-01-25 06:00:00,88803.0
SKR,2026-01-25 06:00:00,0.028214
XMR,2026-01-25 06:00:00,488.3
BTC,2026-01-25 07:00:00,88615.0
SKR,2026-01-25 07:00:00,0.028156
XMR,2026-01-25 07:00:00,490.12
BTC,2026-01-25 08:00:00,88272.0
SKR,2026-01-25 08:00:00,0.028399
XMR,2026-01-25 08:00:00,489.62
BTC,2026-01-25 09:00:00,88365.0
SKR,2026-01-25 09:00:00,0.028134
XMR,2026-01-25 09:00:00,489.32
BTC,2026-01-25 10:00:00,88616.0
SKR,2026-01-25 10:00:00,0.028045
XMR,2026-01-25 10:00:00,488.42
BTC,2026-01-25 11:00:00,88525.0
SKR,2026-01-25 11:00:00,0.027635
XMR,2026-01-25 11:00:00,483.8
BTC,2026-01-25 12:00:00,88771.0
SKR,2026-01-25 12:00:00,0.026876
XMR,2026-01-25 12:00:00,484.58
BTC,2026-01-25 13:00:00,88893.0
SKR,2026-01-25 13:00:00,0.026578
XMR,2026-01-25 13:00:00,484.58
BTC,2026-01-25 14:00:00,88672.0
SKR,2026-01-25 14:00:00,0.026136
XMR,2026-01-25 14:00:00,467.04
BTC,2026-01-25 15:00:00,88417.0
SKR,2026-01-25 15:00:00,0.024789
XMR,2026-01-25 15:00:00,472.62
BTC,2026-01-25 16:00:00,88052.0
SKR,2026-01-25 16:00:00,0.022786
XMR,2026-01-25 16:00:00,467.86
BTC,2026-01-25 17:00:00,87851.0
SKR,2026-01-25 17:00:00,0.022654
XMR,2026-01-25 17:00:00,463.98
BTC,2026-01-25 18:00:00,87390.0
SKR,2026-01-25 18:00:00,0.022864
XMR,2026-01-25 18:00:00,461.38
BTC,2026-01-25 19:00:00,86449.0
SKR,2026-01-25 19:00:00,0.022766
XMR,2026-01-25 19:00:00,456.85
BTC,2026-01-25 20:00:00,86630.0
SKR,2026-01-25 20:00:00,0.022434
XMR,2026-01-25 20:00:00,454.38
BTC,2026-01-25 21:00:00,86543.0
SKR,2026-01-25 21:00:00,0.022696
XMR,2026-01-25 21:00:00,453.23
BTC,2026-01-25 22:00:00,86499.0
SKR,2026-01-25 22:00:00,0.0223
XMR,2026-01-25 22:00:00,447.81
BTC,2026-01-25 23:00:00,86637.0
SKR,2026-01-25 23:00:00,0.022296
XMR,2026-01-25 23:00:00,450.25
BTC,2026-01-26 00:00:00,86821.0
SKR,2026-01-26 00:00:00,0.024203
XMR,2026-01-26 00:00:00,451.39
BTC,2026-01-26 01:00:00,87654.0
SKR,2026-01-26 01:00:00,0.023626
XMR,2026-01-26 01:00:00,451.71
BTC,2026-01-26 02:00:00,87517.0
SKR,2026-01-26 02:00:00,0.022937
XMR,2026-01-26 02:00:00,451.6
BTC,2026-01-26 03:00:00,87235.0
SKR,2026-01-26 03:00:00,0.022135
XMR,2026-01-26 03:00:00,453.1
BTC,2026-01-26 04:00:00,87706.0
SKR,2026-01-26 04:00:00,0.021782
XMR,2026-01-26 04:00:00,461.11
BTC,2026-01-26 05:00:00,87772.0
SKR,2026-01-26 05:00:00,0.02163
XMR,2026-01-26 05:00:00,458.08
BTC,2026-01-26 06:00:00,87901.0
SKR,2026-01-26 06:00:00,0.022251
XMR,2026-01-26 06:00:00,462.37
BTC,2026-01-26 07:00:00,87961.0
SKR,2026-01-26 07:00:00,0.023178
XMR,2026-01-26 07:00:00,460.4
BTC,2026-01-26 08:00:00,87953.0
SKR,2026-01-26 08:00:00,0.022931
XMR,2026-01-26 08:00:00,469.73
BTC,2026-01-26 09:00:00,87634.0
SKR,2026-01-26 09:00:00,0.023762
XMR,2026-01-26 09:00:00,463.35
BTC,2026-01-26 10:00:00,87858.0
SKR,2026-01-26 10:00:00,0.023531
XMR,2026-01-26 10:00:00,464.0
BTC,2026-01-26 11:00:00,87804.0
SKR,2026-01-26 11:00:00,0.023113
XMR,2026-01-26 11:00:00,456.89
BTC,2026-01-26 12:00:00,87768.0
SKR,2026-01-26 12:00:00,0.023428
XMR,2026-01-26 12:00:00,460.62
BTC,2026-01-26 13:00:00,87911.0
SKR,2026-01-26 13:00:00,0.023634
XMR,2026-01-26 13:00:00,463.75
BTC,2026-01-26 14:00:00,88157.0
SKR,2026-01-26 14:00:00,0.023602
XMR,2026-01-26 14:00:00,462.37
BTC,2026-01-26 15:00:00,87602.0
SKR,2026-01-26 15:00:00,0.023188
XMR,2026-01-26 15:00:00,459.92
BTC,2026-01-26 16:00:00,87556.0
SKR,2026-01-26 16:00:00,0.02646
XMR,2026-01-26 16:00:00,460.99
BTC,2026-01-26 17:00:00,87649.0
SKR,2026-01-26 17:00:00,0.02561
XMR,2026-01-26 17:00:00,464.61
BTC,2026-01-26 18:00:00,88365.0
SKR,2026-01-26 18:00:00,0.027396
XMR,2026-01-26 18:00:00,472.19
BTC,2026-01-26 19:00:00,87968.0
SKR,2026-01-26 19:00:00,0.027142
XMR,2026-01-26 19:00:00,472.01
BTC,2026-01-26 20:00:00,87584.0
SKR,2026-01-26 20:00:00,0.02647
XMR,2026-01-26 20:00:00,465.04
BTC,2026-01-26 21:00:00,88017.0
SKR,2026-01-26 21:00:00,0.028931
XMR,2026-01-26 21:00:00,476.7
BTC,2026-01-26 22:00:00,88091.0
SKR,2026-01-26 22:00:00,0.029146
XMR,2026-01-26 22:00:00,470.97
BTC,2026-01-26 23:00:00,88299.0
SKR,2026-01-26 23:00:00,0.028353
XMR,2026-01-26 23:00:00,461.96
BTC,2026-01-27 00:00:00,88313.0
SKR,2026-01-27 00:00:00,0.027148
XMR,2026-01-27 00:00:00,462.33
BTC,2026-01-27 01:00:00,88524.0
SKR,2026-01-27 01:00:00,0.026566
XMR,2026-01-27 01:00:00,462.04
BTC,2026-01-27 02:00:00,88785.0
SKR,2026-01-27 02:00:00,0.026406
XMR,2026-01-27 02:00:00,469.66
BTC,2026-01-27 03:00:00,88751.0
SKR,2026-01-27 03:00:00,0.02572
XMR,2026-01-27 03:00:00,468.64
BTC,2026-01-27 04:00:00,88542.0
SKR,2026-01-27 04:00:00,0.026531
XMR,2026-01-27 04:00:00,465.96
BTC,2026-01-27 05:00:00,88422.0
SKR,2026-01-27 05:00:00,0.025987
XMR,2026-01-27 05:00:00,468.79
BTC,2026-01-27 06:00:00,88290.0
SKR,2026-01-27 06:00:00,0.025818
XMR,2026-01-27 06:00:00,471.23
BTC,2026-01-27 07:00:00,88290.0
SKR,2026-01-27 07:00:00,0.025193
XMR,2026-01-27 07:00:00,477.91
BTC,2026-01-27 08:00:00,88136.0
SKR,2026-01-27 08:00:00,0.024766
XMR,2026-01-27 08:00:00,473.89
BTC,2026-01-27 09:00:00,87851.0
SKR,2026-01-27 09:00:00,0.024072
XMR,2026-01-27 09:00:00,473.93
BTC,2026-01-27 10:00:00,87743.0
SKR,2026-01-27 10:00:00,0.024025
XMR,2026-01-27 10:00:00,477.19
BTC,2026-01-27 11:00:00,87955.0
SKR,2026-01-27 11:00:00,0.024364
XMR,2026-01-27 11:00:00,480.03
BTC,2026-01-27 12:00:00,87943.0
SKR,2026-01-27 12:00:00,0.023989
XMR,2026-01-27 12:00:00,479.51
BTC,2026-01-27 13:00:00,87940.0
SKR,2026-01-27 13:00:00,0.02409
XMR,2026-01-27 13:00:00,472.63
BTC,2026-01-27 14:00:00,87702.0
SKR,2026-01-27 14:00:00,0.024458
XMR,2026-01-27 14:00:00,467.51
BTC,2026-01-27 15:00:00,88006.0
SKR,2026-01-27 15:00:00,0.025171
XMR,2026-01-27 15:00:00,469.7
BTC,2026-01-27 16:00:00,88602.0
SKR,2026-01-27 16:00:00,0.02463
XMR,2026-01-27 16:00:00,473.38
BTC,2026-01-27 17:00:00,87514.0
SKR,2026-01-27 17:00:00,0.024187
XMR,2026-01-27 17:00:00,457.42
BTC,2026-01-27 18:00:00,88247.0
SKR,2026-01-27 18:00:00,0.024159
XMR,2026-01-27 18:00:00,469.96
BTC,2026-01-27 19:00:00,88372.0
SKR,2026-01-27 19:00:00,0.024289
XMR,2026-01-27 19:00:00,471.11
BTC,2026-01-27 20:00:00,89367.0
SKR,2026-01-27 20:00:00,0.025212
XMR,2026-01-27 20:00:00,472.44
BTC,2026-01-27 21:00:00,89039.0
SKR,2026-01-27 21:00:00,0.024922
XMR,2026-01-27 21:00:00,476.58
BTC,2026-01-27 22:00:00,89216.0
SKR,2026-01-27 22:00:00,0.024852
XMR,2026-01-27 22:00:00,471.92
BTC,2026-01-27 23:00:00,89215.0
SKR,2026-01-27 23:00:00,0.025163
XMR,2026-01-27 23:00:00,470.8
BTC,2026-01-28 00:00:00,89428.0
SKR,2026-01-28 00:00:00,0.025523
XMR,2026-01-28 00:00:00,473.0
BTC,2026-01-28 01:00:00,89380.0
SKR,2026-01-28 01:00:00,0.025274
XMR,2026-01-28 01:00:00,470.81
BTC,2026-01-28 02:00:00,89254.0
SKR,2026-01-28 02:00:00,0.025544
XMR,2026-01-28 02:00:00,471.23
BTC,2026-01-28 03:00:00,89093.0
SKR,2026-01-28 03:00:00,0.025393
XMR,2026-01-28 03:00:00,468.14
BTC,2026-01-28 04:00:00,88944.0
SKR,2026-01-28 04:00:00,0.025116
XMR,2026-01-28 04:00:00,467.09
BTC,2026-01-28 05:00:00,89061.0
SKR,2026-01-28 05:00:00,0.025103
XMR,2026-01-28 05:00:00,470.52
BTC,2026-01-28 06:00:00,89293.0
SKR,2026-01-28 06:00:00,0.024368
XMR,2026-01-28 06:00:00,479.0
BTC,2026-01-28 07:00:00,89110.0
SKR,2026-01-28 07:00:00,0.023888
XMR,2026-01-28 07:00:00,483.16
BTC,2026-01-28 08:00:00,88899.0
SKR,2026-01-28 08:00:00,0.023548
XMR,2026-01-28 08:00:00,474.75
