coin,entry_hour,exit_hour,entry_price,exit_price,entry_fr,exit_fr,hold_hours,price_return,funding_paid,gross_pnl,net_pnl,exit_reason,fr_bucket,month
INJ,2023-05-12 08:00:00,2023-05-12 09:00:00,5.95,5.99,-0.0011414931,0.0,1,-0.006722689075630258,0.0011414931,-0.007864182175630258,-0.008764182175630257,normalized,-0.20% to -0.10%,2023-05
INJ,2023-05-12 16:00:00,2023-05-12 17:00:00,5.767,5.733,-0.0014033931,0.0,1,0.005895612970348655,0.0014033931,0.0044922198703486555,0.003592219870348656,normalized,-0.20% to -0.10%,2023-05
INJ,2023-05-13 00:00:00,2023-05-13 01:00:00,6.006,5.989,-0.0016208803,0.0,1,0.002830502830502888,0.0016208803,0.0012096225305028882,0.0003096225305028882,normalized,-0.20% to -0.10%,2023-05
INJ,2023-05-13 08:00:00,2023-05-13 09:00:00,6.085,6.138,-0.002066332,0.0,1,-0.008709942481511903,0.002066332,-0.010776274481511904,-0.011676274481511904,normalized,-0.30% to -0.20%,2023-05
OP,2023-05-13 08:00:00,2023-05-13 09:00:00,1.6488,1.6592,-0.0013074397,0.0,1,-0.00630761766132943,0.0013074397,-0.0076150573613294305,-0.008515057361329431,normalized,-0.20% to -0.10%,2023-05
INJ,2023-05-13 16:00:00,2023-05-13 17:00:00,6.056,5.991,-0.0018899542,0.0,1,0.010733157199471663,0.0018899542,0.008843202999471663,0.007943202999471663,normalized,-0.20% to -0.10%,2023-05
OP,2023-05-13 16:00:00,2023-05-13 17:00:00,1.6393,1.6381,-0.0012215588,0.0,1,0.0007320197645336973,0.0012215588,-0.0004895390354663027,-0.0013895390354663026,normalized,-0.20% to -0.10%,2023-05
INJ,2023-05-14 00:00:00,2023-05-14 01:00:00,5.994,5.906,-0.0014118121,0.0,1,0.014681348014681362,0.0014118121,0.013269535914681363,0.012369535914681363,normalized,-0.20% to -0.10%,2023-05
OP,2023-05-14 00:00:00,2023-05-14 01:00:00,1.623,1.6083,-0.0012820483,0.0,1,0.009057301293900146,0.0012820483,0.007775252993900146,0.006875252993900146,normalized,-0.20% to -0.10%,2023-05
OP,2023-05-14 08:00:00,2023-05-14 09:00:00,1.6483,1.6415,-0.0012361181,0.0,1,0.00412546259782815,0.0012361181,0.0028893444978281497,0.00198934449782815,normalized,-0.20% to -0.10%,2023-05
OP,2023-05-14 16:00:00,2023-05-14 17:00:00,1.6461,1.6449,-0.0012555717,0.0,1,0.0007289958082740222,0.0012555717,-0.0005265758917259778,-0.0014265758917259778,normalized,-0.20% to -0.10%,2023-05
OP,2023-05-15 00:00:00,2023-05-15 01:00:00,1.6113,1.6541,-0.0010207031,0.0,1,-0.026562403028610408,0.0010207031,-0.027583106128610407,-0.028483106128610408,normalized,-0.20% to -0.10%,2023-05
INJ,2023-05-20 00:00:00,2023-05-20 01:00:00,6.941,6.977,-0.0014232667,0.0,1,-0.005186572539979899,0.0014232667,-0.006609839239979899,-0.007509839239979899,normalized,-0.20% to -0.10%,2023-05
INJ,2023-05-20 16:00:00,2023-05-20 17:00:00,7.238,7.346,-0.0014712976,0.0,1,-0.014921248963802106,0.0014712976,-0.016392546563802107,-0.017292546563802108,normalized,-0.20% to -0.10%,2023-05
APE,2023-05-25 00:00:00,2023-05-25 01:00:00,3.303,3.23,-0.0011029491,0.0,1,0.022101120193763233,0.0011029491,0.020998171093763233,0.02009817109376323,normalized,-0.20% to -0.10%,2023-05
APE,2023-05-25 08:00:00,2023-05-25 09:00:00,3.222,3.231,-0.0012202699,0.0,1,-0.002793296089385443,0.0012202699,-0.004013565989385443,-0.0049135659893854424,normalized,-0.20% to -0.10%,2023-05
APE,2023-05-25 16:00:00,2023-05-25 17:00:00,3.238,3.246,-0.0011159333,0.0,1,-0.0024706609017912315,0.0011159333,-0.0035865942017912315,-0.004486594201791231,normalized,-0.20% to -0.10%,2023-05
APE,2023-05-26 00:00:00,2023-05-26 01:00:00,3.204,3.225,-0.0011408703,0.0,1,-0.00655430711610484,0.0011408703,-0.00769517741610484,-0.00859517741610484,normalized,-0.20% to -0.10%,2023-05
CRV,2023-05-31 00:00:00,2023-05-31 01:00:00,0.838,0.836,-0.0010200016,0.0,1,0.0023866348448687374,0.0010200016,0.0013666332448687374,0.0004666332448687374,normalized,-0.20% to -0.10%,2023-05
APE,2023-05-31 16:00:00,2023-05-31 17:00:00,3.125,3.144,-0.0010125628,0.0,1,-0.006080000000000041,0.0010125628,-0.007092562800000041,-0.007992562800000042,normalized,-0.20% to -0.10%,2023-05
CRV,2023-05-31 16:00:00,2023-05-31 17:00:00,0.81,0.814,-0.0010283701,0.0,1,-0.004938271604938139,0.0010283701,-0.005966641704938139,-0.006866641704938139,normalized,-0.20% to -0.10%,2023-05
APE,2023-06-01 00:00:00,2023-06-01 01:00:00,3.156,3.158,-0.0010896553,0.0,1,-0.0006337135614701456,0.0010896553,-0.0017233688614701455,-0.0026233688614701453,normalized,-0.20% to -0.10%,2023-06
APE,2023-06-06 00:00:00,2023-06-06 01:00:00,2.871,2.861,-0.00229366,0.0,1,0.0034831069313827193,0.00229366,0.0011894469313827195,0.0002894469313827195,normalized,-0.30% to -0.20%,2023-06
CRV,2023-06-06 00:00:00,2023-06-06 01:00:00,0.773,0.767,-0.0012796177,0.0,1,0.007761966364812425,0.0012796177,0.006482348664812425,0.005582348664812426,normalized,-0.20% to -0.10%,2023-06
APE,2023-06-06 08:00:00,2023-06-06 09:00:00,3.006,3.087,-0.001511535,0.0,1,-0.026946107784431274,0.001511535,-0.028457642784431275,-0.029357642784431277,normalized,-0.20% to -0.10%,2023-06
INJ,2023-06-06 08:00:00,2023-06-06 09:00:00,7.135,7.154,-0.0014267224,0.0,1,-0.0026629292221443768,0.0014267224,-0.0040896516221443765,-0.004989651622144376,normalized,-0.20% to -0.10%,2023-06
APE,2023-06-06 16:00:00,2023-06-06 17:00:00,3.187,3.182,-0.0010728399,0.0,1,0.001568873548791934,0.0010728399,0.0004960336487919339,-0.00040396635120806606,normalized,-0.20% to -0.10%,2023-06
SNX,2023-06-06 16:00:00,2023-06-06 17:00:00,2.243,2.274,-0.0011912125,0.0,1,-0.013820775746767783,0.0011912125,-0.015011988246767784,-0.015911988246767785,normalized,-0.20% to -0.10%,2023-06
FTM,2023-06-06 16:00:00,2023-06-06 17:00:00,0.302,0.3031,-0.0012258818,0.0,1,-0.0036423841059602313,0.0012258818,-0.004868265905960231,-0.005768265905960231,normalized,-0.20% to -0.10%,2023-06
APE,2023-06-07 08:00:00,2023-06-07 09:00:00,2.972,2.925,-0.0016805698,0.0,1,0.015814266487214047,0.0016805698,0.014133696687214047,0.013233696687214047,normalized,-0.20% to -0.10%,2023-06
APE,2023-06-07 16:00:00,2023-06-07 17:00:00,2.879,2.885,-0.0015865591,0.0,1,-0.0020840569642236136,0.0015865591,-0.0036706160642236136,-0.004570616064223614,normalized,-0.20% to -0.10%,2023-06
APE,2023-06-08 00:00:00,2023-06-09 06:00:00,2.885,2.893,-0.0011449636,-8.98095e-05,30,-0.002772963604852689,0.005449382000000001,-0.00822234560485269,-0.00912234560485269,normalized,-0.20% to -0.10%,2023-06
APE,2023-06-10 05:00:00,2023-06-12 11:00:00,2.334,2.285,-0.0010865877,-8.63978e-05,54,0.020994001713796027,0.012983711699999996,0.008010290013796032,0.007110290013796032,normalized,-0.20% to -0.10%,2023-06
COMP,2023-07-31 20:00:00,2023-07-31 23:00:00,67.2,66.27,-0.0010996452,-7.48057e-05,3,0.013839285714285816,0.0036035977,0.010235688014285815,0.009335688014285816,normalized,-0.20% to -0.10%,2023-07
SEI,2023-08-30 10:00:00,2023-08-30 15:00:00,0.1592,0.1553,-0.0018225418,-7.04245e-05,5,0.02449748743718602,0.006377007099999999,0.01812048033718602,0.01722048033718602,normalized,-0.20% to -0.10%,2023-08
SEI,2023-08-31 05:00:00,2023-08-31 08:00:00,0.145,0.1436,-0.0010528522,-4.30686e-05,3,0.009655172413792998,0.0015882841000000002,0.008066888313792998,0.007166888313792998,normalized,-0.20% to -0.10%,2023-08
TRB,2023-09-17 04:00:00,2023-09-17 19:00:00,38.912,31.381,-0.0039556609,-8.37582e-05,15,0.19353926809210523,0.047153345799999996,0.14638592229210523,0.14548592229210522,normalized,-0.50% to -0.30%,2023-09
TRB,2023-09-17 22:00:00,2023-09-20 22:00:00,27.209,37.335,-0.0013184782,-0.0004833497,72,-0.3721562718218237,0.1060422007,-0.4781984725218237,-0.4790984725218237,timeout,-0.20% to -0.10%,2023-09
TRB,2023-09-21 01:00:00,2023-09-23 16:00:00,35.845,34.871,-0.0019757452,-5.03633e-05,63,0.027172548472590225,0.03629378340000001,-0.009121234927409783,-0.010021234927409783,normalized,-0.20% to -0.10%,2023-09
TRB,2023-09-26 14:00:00,2023-09-29 14:00:00,40.488,52.044,-0.0027936155,-0.0006369037,72,-0.28541790160047414,0.18879111519999994,-0.4742090168004741,-0.4751090168004741,timeout,-0.30% to -0.20%,2023-09
OGN,2023-10-01 04:00:00,2023-10-02 03:00:00,0.131,0.1416,-0.0050334677,-9.92351e-05,23,-0.08091603053435113,0.0575863464,-0.13850237693435113,-0.13940237693435115,normalized,< -0.50%,2023-10
TRB,2023-09-29 20:00:00,2023-10-02 20:00:00,50.646,50.49,-0.001064907,-0.0007057127,72,0.0030802037673261225,0.05504046920000001,-0.05196026543267389,-0.052860265432673886,timeout,-0.20% to -0.10%,2023-09
POLYX,2023-10-25 08:00:00,2023-10-25 21:00:00,0.2117,0.2139,-0.0023537463,-6.12919e-05,13,-0.010392064241851712,0.010107726299999998,-0.02049979054185171,-0.02139979054185171,normalized,-0.30% to -0.20%,2023-10
MINA,2023-10-24 16:00:00,2023-10-25 23:00:00,0.727,0.6818,-0.0036457831,1.25e-05,31,0.062173314993122446,0.0315169837,0.030656331293122445,0.029756331293122443,normalized,-0.50% to -0.30%,2023-10
POLYX,2023-10-31 11:00:00,2023-10-31 18:00:00,0.375,0.2623,-0.0013968235,-5.26282e-05,7,0.3005333333333334,0.022527399099999998,0.27800593423333336,0.27710593423333335,normalized,-0.20% to -0.10%,2023-10
GAS,2023-11-04 15:00:00,2023-11-05 18:00:00,12.561,10.006,-0.005901422,-5.69087e-05,27,0.2034073720245203,0.035636931699999985,0.16777044032452032,0.1668704403245203,normalized,< -0.50%,2023-11
GAS,2023-11-05 21:00:00,2023-11-06 14:00:00,11.225,11.651,-0.0019322465,-6.08197e-05,17,-0.03795100222717151,0.017016769600000006,-0.05496777182717151,-0.05586777182717151,normalized,-0.20% to -0.10%,2023-11
TRB,2023-11-07 03:00:00,2023-11-10 03:00:00,126.495,96.97,-0.0012134615,-0.0004288299,72,0.23340843511601253,0.05449246330000001,0.17891597181601251,0.1780159718160125,timeout,-0.20% to -0.10%,2023-11
GAS,2023-11-09 16:00:00,2023-11-11 12:00:00,20.542,12.625,-0.0010626753,4.42729e-05,44,0.38540551066108464,0.21360992210000004,0.1717955885610846,0.17089558856108458,normalized,-0.20% to -0.10%,2023-11
FTT,2023-11-21 20:00:00,2023-11-21 21:00:00,1.59,1.59,-0.0014185749,1.25e-05,1,-0.0,0.0014185749,-0.0014185749,-0.0023185749,normalized,-0.20% to -0.10%,2023-11
ARK,2023-11-25 22:00:00,2023-11-27 12:00:00,1.5701,1.1877,-0.0010006104,-9.02563e-05,38,0.24355136615502201,0.0461803712,0.19737099495502203,0.19647099495502202,normalized,-0.20% to -0.10%,2023-11
SUPER,2023-11-28 02:00:00,2023-11-28 19:00:00,0.3621,0.3936,-0.0010404458,-9.2332e-06,17,-0.08699254349627183,0.0152860994,-0.10227864289627184,-0.10317864289627184,normalized,-0.20% to -0.10%,2023-11
UMA,2024-01-19 05:00:00,2024-01-21 19:00:00,3.36,5.729,-0.0047604176,-8.04567e-05,62,-0.7050595238095239,0.153508326,-0.8585678498095238,-0.8594678498095238,normalized,-0.50% to -0.30%,2024-01
UMA,2024-01-23 08:00:00,2024-01-24 23:00:00,6.604,5.299,-0.0010609705,-7.47592e-05,39,0.19760751059963655,0.015514323499999998,0.18209318709963654,0.18119318709963653,normalized,-0.20% to -0.10%,2024-01
UMA,2024-01-25 23:00:00,2024-01-26 15:00:00,5.276,5.29,-0.0014745686,-8.53227e-05,16,-0.002653525398028854,0.011672889900000002,-0.014326415298028857,-0.015226415298028857,normalized,-0.20% to -0.10%,2024-01
WIF,2024-02-01 17:00:00,2024-02-02 17:00:00,0.2327,0.2247,-0.0014008521,-1.4967e-05,24,0.034379028792436525,-0.0032771104999999986,0.037656139292436525,0.03675613929243653,normalized,-0.20% to -0.10%,2024-02
WIF,2024-02-02 22:00:00,2024-02-03 05:00:00,0.2666,0.2566,-0.0017442287,-7.9455e-06,7,0.03750937734433612,0.0040461616,0.03346321574433612,0.03256321574433612,normalized,-0.20% to -0.10%,2024-02
WIF,2024-02-06 12:00:00,2024-02-06 21:00:00,0.1982,0.196,-0.0033253729,8.9283e-06,9,0.011099899091826336,0.0106327247,0.000467174391826336,-0.00043282560817366395,normalized,-0.50% to -0.30%,2024-02
WIF,2024-02-07 22:00:00,2024-02-08 02:00:00,0.2187,0.2122,-0.0018487502,1.25e-05,4,0.029721079103795178,0.0046943305,0.02502674860379518,0.024126748603795177,normalized,-0.20% to -0.10%,2024-02
ZEN,2024-02-11 11:00:00,2024-02-11 13:00:00,8.026,7.945,-0.0032611088,4.69259e-05,2,0.010092200348866124,0.0034187252999999997,0.006673475048866125,0.005773475048866125,normalized,-0.50% to -0.30%,2024-02
TRB,2024-02-11 09:00:00,2024-02-11 16:00:00,120.004,118.429,-0.0021914427,7.36565e-05,7,0.01312456251458287,0.0014345015999999997,0.01169006091458287,0.01079006091458287,normalized,-0.30% to -0.20%,2024-02
STRK,2024-02-28 18:00:00,2024-02-28 19:00:00,1.8303,1.834,-0.0013284146,-4.47794e-05,1,-0.0020215265257061883,0.0013284146,-0.003349941125706188,-0.004249941125706188,normalized,-0.20% to -0.10%,2024-02
ZETA,2024-05-03 08:00:00,2024-05-03 17:00:00,1.8134,1.5711,-0.0018880284,7.883e-07,9,0.13361641116135434,0.0080677067,0.12554870446135433,0.12464870446135433,normalized,-0.20% to -0.10%,2024-05
UMA,2024-05-08 21:00:00,2024-05-09 21:00:00,3.589,3.866,-0.0014505692,-3.03405e-05,24,-0.07718027305656175,0.0244012645,-0.10158153755656174,-0.10248153755656174,normalized,-0.20% to -0.10%,2024-05
NOT,2024-05-17 09:00:00,2024-05-17 15:00:00,0.006597,0.007033,-0.0016031426,-6.89601e-05,6,-0.0660906472639078,0.0067056461,-0.0727962933639078,-0.0736962933639078,normalized,-0.20% to -0.10%,2024-05
APE,2024-10-20 05:00:00,2024-10-20 15:00:00,1.2245,1.529,-0.0013283785,1.25e-05,10,-0.2486729277256023,0.0107183611,-0.2593912888256023,-0.2602912888256023,normalized,-0.20% to -0.10%,2024-10
ME,2024-12-11 03:00:00,2024-12-11 04:00:00,5.665,5.713,-0.0010933905,5.44251e-05,1,-0.008473080317740519,0.0010933905,-0.009566470817740518,-0.010466470817740518,normalized,-0.20% to -0.10%,2024-12
PENGU,2024-12-17 16:00:00,2024-12-18 21:00:00,0.0323,0.036925,-0.0010047563,2.09105e-05,29,-0.143188854489164,-0.0095676048,-0.133621249689164,-0.134521249689164,normalized,-0.20% to -0.10%,2024-12
OGN,2024-12-27 20:00:00,2024-12-28 19:00:00,0.1394,0.1309,-0.0029657282,9.2573e-06,23,0.060975609756097615,0.0333160717,0.027659538056097617,0.026759538056097616,normalized,-0.30% to -0.20%,2024-12
GMT,2024-12-27 12:00:00,2024-12-29 01:00:00,0.20638,0.17886,-0.0010907475,-3.4357e-05,37,0.13334625448202353,0.035313520099999995,0.09803273438202353,0.09713273438202354,normalized,-0.20% to -0.10%,2024-12
ARK,2024-12-30 06:00:00,2024-12-30 17:00:00,0.5771,0.5367,-0.0018341799,-5.57215e-05,11,0.0700051984058222,0.007156856600000001,0.0628483418058222,0.061948341805822205,normalized,-0.20% to -0.10%,2024-12
ARK,2025-01-05 13:00:00,2025-01-05 23:00:00,0.5934,0.5974,-0.0011712626,-6.17794e-05,10,-0.006740815638692287,0.0045132644,-0.011254080038692287,-0.012154080038692287,normalized,-0.20% to -0.10%,2025-01
STG,2025-01-05 10:00:00,2025-01-06 12:00:00,0.5094,0.4862,-0.0015466643,-9.78325e-05,26,0.045543776992540135,0.015230907,0.030312869992540133,0.02941286999254013,normalized,-0.20% to -0.10%,2025-01
ARK,2025-01-06 08:00:00,2025-01-07 01:00:00,0.6137,0.6116,-0.0013164683,-3.54078e-05,17,0.003421867361903195,0.006537979899999999,-0.0031161125380968044,-0.004016112538096805,normalized,-0.20% to -0.10%,2025-01
ARK,2025-01-08 14:00:00,2025-01-08 22:00:00,0.6069,0.6102,-0.0010868505,-4.59718e-05,8,-0.005437469105289124,0.0074902741,-0.012927743205289124,-0.013827743205289124,normalized,-0.20% to -0.10%,2025-01
ARK,2025-01-09 03:00:00,2025-01-10 08:00:00,0.6503,0.6262,-0.0013837117,-4.64238e-05,29,0.03705981854528681,0.021489464299999997,0.015570354245286813,0.014670354245286813,normalized,-0.20% to -0.10%,2025-01
GAS,2025-01-08 16:00:00,2025-01-11 06:00:00,5.419,5.182,-0.0017659922,-9.15062e-05,62,0.04373500645875609,0.071565051,-0.027830044541243916,-0.028730044541243917,normalized,-0.20% to -0.10%,2025-01
VVV,2025-02-02 02:00:00,2025-02-02 05:00:00,3.998,3.956,-0.001402835,-7.19649e-05,3,0.010505252626313221,0.0017303000000000002,0.00877495262631322,0.007874952626313221,normalized,-0.20% to -0.10%,2025-02
VVV,2025-02-05 03:00:00,2025-02-05 16:00:00,5.58,5.844,-0.0022376443,-7.02269e-05,13,-0.04731182795698929,0.0081980227,-0.05550985065698929,-0.05640985065698929,normalized,-0.30% to -0.20%,2025-02
VVV,2025-02-05 22:00:00,2025-02-07 02:00:00,5.907,5.47,-0.0016723625,-6.89632e-05,28,0.07398002370069413,0.021459987599999994,0.05252003610069414,0.05162003610069414,normalized,-0.20% to -0.10%,2025-02
VVV,2025-02-07 22:00:00,2025-02-08 01:00:00,6.305,6.128,-0.0011036318,1.25e-05,3,0.028072957969865125,0.0019249322,0.026148025769865125,0.025248025769865123,normalized,-0.20% to -0.10%,2025-02
OM,2025-02-23 02:00:00,2025-02-24 09:00:00,8.66388,8.46801,-0.0011812367,-8.2619e-05,31,0.022607653845621255,0.0134617508,0.009145903045621255,0.008245903045621256,normalized,-0.20% to -0.10%,2025-02
ZETA,2025-03-22 06:00:00,2025-03-25 02:00:00,0.2812,0.309,-0.0018014002,-7.19144e-05,68,-0.09886201991465146,0.0735133209,-0.17237534081465145,-0.17327534081465146,normalized,-0.20% to -0.10%,2025-03
MEW,2025-03-26 08:00:00,2025-03-27 14:00:00,0.002725,0.002598,-0.0016194793,-9.27544e-05,30,0.04660550458715594,0.0176942967,0.02891120788715594,0.02801120788715594,normalized,-0.20% to -0.10%,2025-03
MAVIA,2025-03-28 03:00:00,2025-03-28 14:00:00,0.4416,0.4503,-0.0010018314,1.25e-05,11,-0.019701086956521705,0.0046991701,-0.024400257056521706,-0.025300257056521707,normalized,-0.20% to -0.10%,2025-03
REZ,2025-03-30 05:00:00,2025-03-31 08:00:00,0.0162,0.01721,-0.0015441016,-6.28605e-05,27,-0.06234567901234571,0.0380738885,-0.10041956751234571,-0.1013195675123457,normalized,-0.20% to -0.10%,2025-03
REZ,2025-03-31 10:00:00,2025-03-31 14:00:00,0.01758,0.01654,-0.0012872946,-6.70612e-05,4,0.05915813424345844,0.003830361,0.055327773243458445,0.05442777324345845,normalized,-0.20% to -0.10%,2025-03
REZ,2025-04-01 01:00:00,2025-04-02 12:00:00,0.01725,0.01808,-0.001496128,-7.74921e-05,35,-0.04811594202898535,0.026044608,-0.07416055002898535,-0.07506055002898535,normalized,-0.20% to -0.10%,2025-04
COMP,2025-04-01 08:00:00,2025-04-02 17:00:00,50.73,43.76,-0.0085144476,-8.47969e-05,33,0.1373940469150404,0.0351207616,0.1022732853150404,0.1013732853150404,normalized,< -0.50%,2025-04
BIGTIME,2025-04-03 05:00:00,2025-04-03 19:00:00,0.06369,0.06058,-0.0010528735,1.25e-05,14,0.04883027162819901,0.007898038,0.040932233628199005,0.04003223362819901,normalized,-0.20% to -0.10%,2025-04
BIGTIME,2025-04-04 02:00:00,2025-04-04 09:00:00,0.05742,0.05998,-0.0012597492,1.25e-05,7,-0.04458376872169975,0.004258935199999999,-0.04884270392169975,-0.04974270392169975,normalized,-0.20% to -0.10%,2025-04
REZ,2025-04-05 10:00:00,2025-04-05 16:00:00,0.01937,0.0187,-0.0014712745,-6.41328e-05,6,0.03458957150232303,0.0039938349,0.03059573660232303,0.02969573660232303,normalized,-0.20% to -0.10%,2025-04
ARK,2025-04-05 22:00:00,2025-04-07 20:00:00,0.3089,0.3026,-0.0011099424,-6.31936e-05,46,0.020394949821948942,0.05489587549999998,-0.03450092567805104,-0.03540092567805104,normalized,-0.20% to -0.10%,2025-04
ARK,2025-04-08 01:00:00,2025-04-09 20:00:00,0.3618,0.367,-0.0033640598,1.25e-05,43,-0.014372581536760591,0.04124961080000001,-0.0556221923367606,-0.0565221923367606,normalized,-0.50% to -0.30%,2025-04
GAS,2025-04-09 02:00:00,2025-04-10 16:00:00,2.429,2.918,-0.0021308797,0.0,38,-0.20131741457389887,0.1411212747,-0.34243868927389887,-0.3433386892738989,normalized,-0.30% to -0.20%,2025-04
BABY,2025-04-12 07:00:00,2025-04-13 19:00:00,0.16128,0.13876,-0.0016821141,-7.07459e-05,36,0.13963293650793657,0.028100009900000004,0.11153292660793657,0.11063292660793657,normalized,-0.20% to -0.10%,2025-04
WCT,2025-04-16 06:00:00,2025-04-19 03:00:00,0.4998,0.3468,-0.0016053503,-7.73655e-05,69,0.3061224489795919,0.08391131149999997,0.22221113747959192,0.2213111374795919,normalized,-0.20% to -0.10%,2025-04
NXPC,2025-05-15 10:00:00,2025-05-15 17:00:00,3.13383,2.69719,-0.0031496972,-3.23646e-05,7,0.13933110602681067,0.0045431215,0.13478798452681068,0.13388798452681067,normalized,-0.50% to -0.30%,2025-05
SOPH,2025-05-28 15:00:00,2025-05-31 15:00:00,0.066381,0.049115,-0.0016590006,-0.000821328,72,0.2601045479881291,0.07697978510000003,0.18312476288812907,0.18222476288812905,timeout,-0.20% to -0.10%,2025-05
ALT,2025-06-16 10:00:00,2025-06-17 21:00:00,0.04007,0.03516,-0.0050609432,-9.91276e-05,35,0.12253556276516107,0.028068269299999993,0.09446729346516108,0.09356729346516109,normalized,< -0.50%,2025-06
ALT,2025-06-18 04:00:00,2025-06-18 20:00:00,0.03777,0.03853,-0.0012393062,-5.31633e-05,16,-0.020121789780248974,0.006121347599999999,-0.026243137380248974,-0.027143137380248976,normalized,-0.20% to -0.10%,2025-06
VVV,2025-06-20 20:00:00,2025-06-21 02:00:00,2.842,2.864,-0.001134452,-4.86092e-05,6,-0.0077410274454608715,0.0043078427,-0.012048870145460872,-0.012948870145460872,normalized,-0.20% to -0.10%,2025-06
MAV,2025-07-01 09:00:00,2025-07-01 17:00:00,0.07124,0.05244,-0.0029150401,1.25e-05,8,0.26389668725435145,0.0055309463,0.25836574095435144,0.25746574095435143,normalized,-0.30% to -0.20%,2025-07
BSV,2025-07-01 11:00:00,2025-07-02 17:00:00,24.43,25.18,-0.0010811793,-9.26455e-05,30,-0.030699959066721245,0.0134850846,-0.04418504366672125,-0.045085043666721246,normalized,-0.20% to -0.10%,2025-07
PROVE,2025-08-06 04:00:00,2025-08-06 23:00:00,1.3335,1.091,-0.0044716302,-7.44555e-05,19,0.18185226846644167,0.027602135099999994,0.15425013336644167,0.15335013336644165,normalized,-0.50% to -0.30%,2025-08
YZY,2025-08-21 13:00:00,2025-08-22 04:00:00,0.93686,0.77101,-0.0013888313,1.20506e-05,15,0.1770275174519139,0.013045477199999997,0.1639820402519139,0.1630820402519139,normalized,-0.20% to -0.10%,2025-08
YZY,2025-08-22 09:00:00,2025-08-22 16:00:00,0.66756,0.73522,-0.0030745641,2.15955e-05,7,-0.1013541853915752,0.008286939499999998,-0.1096411248915752,-0.1105411248915752,normalized,-0.50% to -0.30%,2025-08
WLFI,2025-08-23 21:00:00,2025-08-25 02:00:00,0.29558,0.22697,-0.0010395945,-7.64589e-05,29,0.2321198998579065,0.0177109844,0.2144089154579065,0.21350891545790648,normalized,-0.20% to -0.10%,2025-08
YZY,2025-08-25 11:00:00,2025-08-26 23:00:00,0.57443,0.55887,-0.001748359,-8.79865e-05,36,0.027087721741552526,0.018497623500000004,0.008590098241552522,0.007690098241552522,normalized,-0.20% to -0.10%,2025-08
YZY,2025-09-01 21:00:00,2025-09-02 21:00:00,0.48581,0.4761,-0.0010757958,-4.99405e-05,24,0.019987237809019977,0.0094028861,0.010584351709019977,0.009684351709019977,normalized,-0.20% to -0.10%,2025-09
BIO,2025-09-05 18:00:00,2025-09-07 12:00:00,0.16583,0.16779,-0.0017717782,-9.65578e-05,42,-0.011819333051920579,0.027123300500000003,-0.03894263355192058,-0.03984263355192058,normalized,-0.20% to -0.10%,2025-09
LINEA,2025-09-10 17:00:00,2025-09-10 18:00:00,0.026561,0.025138,-0.0018308451,2.37206e-05,1,0.05357479010579423,0.0018308451,0.05174394500579423,0.050843945005794235,normalized,-0.20% to -0.10%,2025-09
KAITO,2025-09-09 02:00:00,2025-09-12 02:00:00,1.4216,1.231,-0.0010180047,-0.0001864851,72,0.13407428249859304,0.05054676319999998,0.08352751929859306,0.08262751929859306,timeout,-0.20% to -0.10%,2025-09
OMNI,2025-09-10 04:00:00,2025-09-13 04:00:00,3.5348,3.6185,-0.0019533808,-0.0003286143,72,-0.02367885028855943,0.08559126169999996,-0.10927011198855939,-0.11017011198855939,timeout,-0.20% to -0.10%,2025-09
MERL,2025-09-16 07:00:00,2025-09-17 09:00:00,0.22423,0.17988,-0.0012185075,-7.45835e-05,26,0.19778798555055077,0.0214568196,0.17633116595055076,0.17543116595055075,normalized,-0.20% to -0.10%,2025-09
KAITO,2025-09-17 02:00:00,2025-09-17 21:00:00,1.1615,1.1466,-0.0012205599,-9.40908e-05,19,0.012828239345673623,0.0078652771,0.004962962245673623,0.004062962245673624,normalized,-0.20% to -0.10%,2025-09
OMNI,2025-09-19 06:00:00,2025-09-20 09:00:00,4.1361,4.1648,-0.0017213746,-9.57132e-05,27,-0.006938903798263999,0.015170773300000004,-0.022109677098264002,-0.023009677098264004,normalized,-0.20% to -0.10%,2025-09
OMNI,2025-09-22 04:00:00,2025-09-22 11:00:00,4.3476,4.2148,-0.0010458414,-8.5045e-06,7,0.030545588370595175,0.0140152065,0.016530381870595176,0.015630381870595175,normalized,-0.20% to -0.10%,2025-09
ME,2025-09-21 14:00:00,2025-09-24 03:00:00,0.71753,0.68563,-0.0012002279,-6.95832e-05,61,0.04445807143952175,0.07940550810000001,-0.03494743666047826,-0.03584743666047826,normalized,-0.20% to -0.10%,2025-09
OMNI,2025-09-23 01:00:00,2025-09-24 04:00:00,4.2973,4.1251,-0.0019137384,-4.1704e-05,27,0.04007167291089757,0.025338243499999996,0.014733429410897572,0.013833429410897572,normalized,-0.20% to -0.10%,2025-09
0G,2025-09-22 11:00:00,2025-09-25 03:00:00,5.4583,4.2788,-0.0079282935,-9.63401e-05,64,0.21609292270487146,0.11249870949999993,0.10359421320487153,0.10269421320487153,normalized,< -0.50%,2025-09
0G,2025-09-25 17:00:00,2025-09-27 06:00:00,3.8246,3.8671,-0.0011148676,-9.23034e-05,37,-0.01111227317889452,0.0248178352,-0.035930108378894515,-0.03683010837889451,normalized,-0.20% to -0.10%,2025-09
0G,2025-09-29 19:00:00,2025-10-02 09:00:00,2.8966,2.7299,-0.0010043753,-8.2691e-05,62,0.05755023130566859,0.04829247300000001,0.009257758305668579,0.008357758305668579,normalized,-0.20% to -0.10%,2025-09
0G,2025-10-03 04:00:00,2025-10-03 18:00:00,2.853,3.1516,-0.0011474437,-3.99126e-05,14,-0.10466175955134945,0.0056462133,-0.11030797285134944,-0.11120797285134944,normalized,-0.20% to -0.10%,2025-10
0G,2025-10-06 01:00:00,2025-10-07 12:00:00,3.1391,2.9594,-0.0019082485,-6.48291e-05,35,0.05724570736835398,0.0136038337,0.04364187366835398,0.04274187366835398,normalized,-0.20% to -0.10%,2025-10
APEX,2025-10-10 22:00:00,2025-10-11 00:00:00,1.0116,1.042,-0.0014634218,1.25e-05,2,-0.030051403716884126,0.0022634127,-0.03231481641688413,-0.033214816416884126,normalized,-0.20% to -0.10%,2025-10
STBL,2025-10-10 22:00:00,2025-10-11 02:00:00,0.11136,0.12062,-0.0042249334,8.07873e-05,4,-0.08315373563218395,0.005331736,-0.08848547163218395,-0.08938547163218395,normalized,-0.50% to -0.30%,2025-10
0G,2025-10-10 22:00:00,2025-10-11 02:00:00,2.2159,2.2418,-0.001143903,-6.80112e-05,4,-0.011688253080012652,0.0029958576,-0.014684110680012652,-0.015584110680012652,normalized,-0.20% to -0.10%,2025-10
ZEC,2025-10-10 22:00:00,2025-10-11 02:00:00,218.75,227.72,-0.0013170625,1.25e-05,4,-0.04100571428571428,-0.0017385963000000001,-0.03926711798571428,-0.040167117985714276,normalized,-0.20% to -0.10%,2025-10
AVNT,2025-10-11 06:00:00,2025-10-11 11:00:00,0.67357,0.64181,-0.0010916488,-2.43269e-05,5,0.04715174369404815,0.0042495993,0.042902144394048145,0.042002144394048146,normalized,-0.20% to -0.10%,2025-10
AVNT,2025-10-12 03:00:00,2025-10-12 04:00:00,0.67483,0.66099,-0.0010938027,0.0,1,0.020508868900315745,0.0010938027,0.019415066200315745,0.018515066200315743,normalized,-0.20% to -0.10%,2025-10
USUAL,2025-11-25 21:00:00,2025-11-26 07:00:00,0.03797,0.02956,-0.0072275484,-9.81172e-05,10,0.2214906505135633,0.0280322859,0.19345836461356328,0.19255836461356327,normalized,< -0.50%,2025-11
IP,2025-11-26 02:00:00,2025-11-26 07:00:00,2.87,2.8201,-0.0010368768,-4.73977e-05,5,0.01738675958188155,0.0025363969,0.014850362681881552,0.013950362681881552,normalized,-0.20% to -0.10%,2025-11
HEMI,2025-11-25 22:00:00,2025-11-26 12:00:00,0.026136,0.022804,-0.0026016179,-7.88164e-05,14,0.12748699112335468,0.012127446099999998,0.11535954502335469,0.11445954502335469,normalized,-0.30% to -0.20%,2025-11
KAITO,2025-11-25 20:00:00,2025-11-26 14:00:00,0.7591,0.6918,-0.0031758781,-8.40397e-05,18,0.088657620866816,0.0116150521,0.077042568766816,0.07614256876681601,normalized,-0.50% to -0.30%,2025-11
ACE,2025-11-26 21:00:00,2025-11-27 05:00:00,0.2533,0.2339,-0.0084264532,-9.62308e-05,8,0.07658902487169375,0.0197051632,0.05688386167169375,0.05598386167169375,normalized,< -0.50%,2025-11
LAYER,2025-11-26 06:00:00,2025-11-27 09:00:00,0.2474,0.23456,-0.0011629958,-8.69712e-05,27,0.051899757477768864,0.0110382971,0.04086146037776886,0.03996146037776886,normalized,-0.20% to -0.10%,2025-11
KAITO,2025-11-26 20:00:00,2025-11-27 12:00:00,0.74043,0.71682,-0.001015798,-9.50111e-05,16,0.03188687654471053,0.007136130300000001,0.024750746244710527,0.023850746244710525,normalized,-0.20% to -0.10%,2025-11
BANANA,2025-11-27 20:00:00,2025-11-28 09:00:00,9.2858,8.9491,-0.0011120194,1.25e-05,13,0.03625966529539732,0.008349134000000001,0.02791053129539732,0.02701053129539732,normalized,-0.20% to -0.10%,2025-11
MERL,2025-11-25 23:00:00,2025-11-28 13:00:00,0.21001,0.31973,-0.001100059,-7.71186e-05,62,-0.5224513118422933,0.1257867503,-0.6482380621422933,-0.6491380621422933,normalized,-0.20% to -0.10%,2025-11
ACE,2025-11-27 10:00:00,2025-11-28 23:00:00,0.2682,0.2657,-0.0010505806,-9.65075e-05,37,0.009321401938851611,0.03561357459999999,-0.026292172661148378,-0.02719217266114838,normalized,-0.20% to -0.10%,2025-11
MEME,2025-11-28 13:00:00,2025-11-29 01:00:00,0.001389,0.001395,-0.0019380812,-7.74279e-05,12,-0.004319654427645737,0.006539530700000001,-0.010859185127645738,-0.011759185127645738,normalized,-0.20% to -0.10%,2025-11
RESOLV,2025-11-26 02:00:00,2025-11-29 02:00:00,0.1359,0.083752,-0.0010110654,-0.0009401934,72,0.3837233259749816,0.19741861739999994,0.18630470857498166,0.18540470857498165,timeout,-0.20% to -0.10%,2025-11
TNSR,2025-11-26 05:00:00,2025-11-29 05:00:00,0.14892,0.12034,-0.0013626406,-0.0001051454,72,0.19191512221326884,0.09582711850000003,0.09608800371326881,0.09518800371326881,timeout,-0.20% to -0.10%,2025-11
BANANA,2025-11-28 13:00:00,2025-11-29 05:00:00,9.3205,10.002,-0.0016097781,-8.99922e-05,16,-0.07311839493589417,0.030655670399999998,-0.10377406533589417,-0.10467406533589417,normalized,-0.20% to -0.10%,2025-11
ALT,2025-11-28 22:00:00,2025-11-29 08:00:00,0.015695,0.014743,-0.0030053576,-9.56069e-05,10,0.0606562599553999,0.0110897044,0.049566555555399905,0.04866655555539991,normalized,-0.50% to -0.30%,2025-11
HMSTR,2025-11-29 07:00:00,2025-11-29 08:00:00,0.000254,0.000247,-0.0013202221,1.25e-05,1,0.027559055118110267,0.0013202221,0.026238833018110266,0.025338833018110265,normalized,-0.20% to -0.10%,2025-11
OM,2025-11-26 10:00:00,2025-11-29 10:00:00,0.09069,0.08023,-0.0021558783,-0.0001641052,72,0.11533796449443169,0.05059469960000003,0.06474326489443166,0.06384326489443166,timeout,-0.30% to -0.20%,2025-11
ARK,2025-11-29 08:00:00,2025-11-29 18:00:00,0.29624,0.30236,-0.0011193724,-3.30882e-05,10,-0.02065892519578725,0.0043338307,-0.02499275589578725,-0.02589275589578725,normalized,-0.20% to -0.10%,2025-11
TURBO,2025-11-27 19:00:00,2025-11-30 00:00:00,0.002253,0.002112,-0.0015712355,-7.50654e-05,53,0.06258322237017294,0.07379779559999998,-0.011214573229827038,-0.012114573229827038,normalized,-0.20% to -0.10%,2025-11
SUPER,2025-11-27 04:00:00,2025-11-30 04:00:00,0.22211,0.24931,-0.0011612071,-0.0026485823,72,-0.12246184323083158,0.14904395429999995,-0.27150579753083154,-0.27240579753083155,timeout,-0.20% to -0.10%,2025-11
COMP,2025-11-28 20:00:00,2025-11-30 04:00:00,33.4,32.201,-0.0014837476,-8.2059e-05,32,0.035898203592814315,0.014142695400000004,0.021755508192814313,0.02085550819281431,normalized,-0.20% to -0.10%,2025-11
COMP,2025-11-30 09:00:00,2025-12-01 23:00:00,32.473,34.111,-0.0017147498,-9.07907e-05,38,-0.05044190558309975,0.021140614400000004,-0.07158251998309975,-0.07248251998309975,normalized,-0.20% to -0.10%,2025-11
DYM,2025-11-30 18:00:00,2025-12-02 17:00:00,0.09755,0.09107,-0.0011525644,-5.4709e-05,47,0.06642747309072271,0.04653904119999999,0.019888431890722716,0.018988431890722714,normalized,-0.20% to -0.10%,2025-11
ANIME,2025-12-02 08:00:00,2025-12-02 19:00:00,0.006573,0.006419,-0.0054301737,-6.3368e-05,11,0.023429179978700688,0.0232347631,0.00019441687870068794,-0.000705583121299312,normalized,< -0.50%,2025-12
SUPER,2025-11-30 04:00:00,2025-12-03 04:00:00,0.24931,0.26654,-0.0026485823,-0.0013862092,72,-0.0691107456580161,0.11639852649999996,-0.18550927215801605,-0.18640927215801606,timeout,-0.30% to -0.20%,2025-11
2Z,2025-12-03 10:00:00,2025-12-03 16:00:00,0.14217,0.1328,-0.0010646834,-8.68144e-05,6,0.06590701273123718,0.004393647399999999,0.061513365331237184,0.060613365331237186,normalized,-0.20% to -0.10%,2025-12
TNSR,2025-11-30 19:00:00,2025-12-03 19:00:00,0.13341,0.12219,-0.0043069841,-0.0004754906,72,0.08410164155610529,0.13021388980000004,-0.046112248243894746,-0.047012248243894744,timeout,-0.50% to -0.30%,2025-11
RESOLV,2025-12-01 12:00:00,2025-12-03 20:00:00,0.07692,0.074867,-0.0036582222,-7.57912e-05,56,0.026690067602704096,0.04827388159999999,-0.021583813997295895,-0.022483813997295897,normalized,-0.50% to -0.30%,2025-12
HEMI,2025-12-04 14:00:00,2025-12-04 18:00:00,0.016913,0.016855,-0.00216408,-5.5527e-06,4,0.003429314728315644,0.0037744757000000005,-0.0003451609716843564,-0.0012451609716843564,normalized,-0.30% to -0.20%,2025-12
MERL,2025-12-01 21:00:00,2025-12-04 21:00:00,0.44912,0.37025,-0.0013889682,-0.0001873888,72,0.17561008193801209,0.0563582934,0.11925178853801208,0.11835178853801208,timeout,-0.20% to -0.10%,2025-12
SUPER,2025-12-03 04:00:00,2025-12-05 02:00:00,0.26654,0.25544,-0.0013862092,-6.58646e-05,46,0.04164478127110377,0.0277304203,0.013914360971103771,0.013014360971103771,normalized,-0.20% to -0.10%,2025-12
LAYER,2025-12-03 19:00:00,2025-12-05 22:00:00,0.23307,0.20307,-0.0020639444,-8.30349e-05,51,0.1287166945552838,0.04084600099999998,0.08787069355528383,0.08697069355528383,normalized,-0.30% to -0.20%,2025-12
MELANIA,2025-12-05 21:00:00,2025-12-06 00:00:00,0.1165,0.11412,-0.0015008225,1.25e-05,3,0.020429184549356282,0.0021791426,0.018250041949356283,0.01735004194935628,normalized,-0.20% to -0.10%,2025-12
HMSTR,2025-12-06 20:00:00,2025-12-07 02:00:00,0.000258,0.000241,-0.0018767322,1.25e-05,6,0.06589147286821698,0.004788700700000001,0.061102772168216975,0.06020277216821698,normalized,-0.20% to -0.10%,2025-12
KAITO,2025-12-05 04:00:00,2025-12-07 03:00:00,0.7128,0.64719,-0.0011230343,-7.74923e-05,47,0.09204545454545447,0.015559290900000002,0.07648616364545446,0.07558616364545447,normalized,-0.20% to -0.10%,2025-12
ACE,2025-12-05 22:00:00,2025-12-07 07:00:00,0.2665,0.2523,-0.0063958693,-6.59787e-05,33,0.05328330206378983,0.0467685008,0.006514801263789831,0.005614801263789831,normalized,< -0.50%,2025-12
DOOD,2025-12-07 01:00:00,2025-12-07 19:00:00,0.005357,0.005149,-0.0011568585,-7.04486e-05,18,0.03882770207205523,0.022735992099999998,0.01609170997205523,0.015191709972055231,normalized,-0.20% to -0.10%,2025-12
DOOD,2025-12-08 00:00:00,2025-12-08 05:00:00,0.004883,0.004996,-0.0010391149,1.25e-05,5,-0.02314151136596342,0.0027222049,-0.02586371626596342,-0.02676371626596342,normalized,-0.20% to -0.10%,2025-12
HEMI,2025-12-07 06:00:00,2025-12-08 07:00:00,0.016472,0.015558,-0.001748917,-6.81663e-05,25,0.05548810101991257,0.026066751300000003,0.029421349719912566,0.028521349719912565,normalized,-0.20% to -0.10%,2025-12
TNSR,2025-12-05 17:00:00,2025-12-08 17:00:00,0.11829,0.1094,-0.0011151567,-0.0004979708,72,0.07515428184969151,0.0482149213,0.026939360549691517,0.026039360549691516,timeout,-0.20% to -0.10%,2025-12
MOODENG,2025-12-06 22:00:00,2025-12-08 21:00:00,0.087177,0.096568,-0.0015703053,-9.84833e-05,47,-0.1077233674019523,0.05706767020000001,-0.16479103760195232,-0.16569103760195233,normalized,-0.20% to -0.10%,2025-12
MOVE,2025-12-09 07:00:00,2025-12-09 18:00:00,0.03991,0.0418,-0.0010654595,-8.29787e-05,11,-0.047356552242545626,0.0082862329,-0.05564278514254563,-0.056542785142545626,normalized,-0.20% to -0.10%,2025-12
SUPER,2025-12-08 06:00:00,2025-12-10 00:00:00,0.26909,0.25453,-0.0020822507,-9.45962e-05,42,0.05410829090638826,0.0196212606,0.034487030306388264,0.033587030306388266,normalized,-0.30% to -0.20%,2025-12
NIL,2025-12-09 23:00:00,2025-12-10 00:00:00,0.075405,0.077116,-0.0015624634,-1.08945e-05,1,-0.022690802997148787,0.0015624634,-0.024253266397148785,-0.025153266397148787,normalized,-0.20% to -0.10%,2025-12
TNSR,2025-12-10 12:00:00,2025-12-10 21:00:00,0.10167,0.10017,-0.0010970416,-8.71232e-05,9,0.014753614635585732,0.005162237,0.009591377635585732,0.008691377635585732,normalized,-0.20% to -0.10%,2025-12
SUPER,2025-12-10 12:00:00,2025-12-10 21:00:00,0.28741,0.27945,-0.0025185766,-4.84732e-05,9,0.027695626456977915,0.012031779499999999,0.015663846956977916,0.014763846956977916,normalized,-0.30% to -0.20%,2025-12
XAI,2025-12-10 08:00:00,2025-12-11 12:00:00,0.01842,0.01699,-0.0012022465,-3.80857e-05,28,0.07763300760043416,0.009438410800000003,0.06819459680043416,0.06729459680043416,normalized,-0.20% to -0.10%,2025-12
USUAL,2025-12-12 07:00:00,2025-12-12 13:00:00,0.0293,0.02819,-0.0012569406,-7.21408e-05,6,0.037883959044368594,0.0028189382,0.03506502084436859,0.03416502084436859,normalized,-0.20% to -0.10%,2025-12
SUPER,2025-12-11 02:00:00,2025-12-13 12:00:00,0.26608,0.26411,-0.0010120864,-9.3432e-05,58,0.007403788334335432,0.02623659059999999,-0.01883280226566456,-0.01973280226566456,normalized,-0.20% to -0.10%,2025-12
PROMPT,2025-12-13 00:00:00,2025-12-13 15:00:00,0.064858,0.073573,-0.0014510895,-8.55002e-05,15,-0.13437047087483425,0.0087731731,-0.14314364397483426,-0.14404364397483427,normalized,-0.20% to -0.10%,2025-12
TURBO,2025-12-13 15:00:00,2025-12-14 23:00:00,0.002077,0.001975,-0.0013225665,-3.89724e-05,32,0.049109292248435084,0.018790290099999996,0.03031900214843509,0.029419002148435087,normalized,-0.20% to -0.10%,2025-12
TNSR,2025-12-13 08:00:00,2025-12-15 14:00:00,0.11246,0.09274,-0.0019447598,-9.52955e-05,54,0.17535123599502045,0.0455307136,0.12982052239502045,0.12892052239502044,normalized,-0.20% to -0.10%,2025-12
LAYER,2025-12-14 14:00:00,2025-12-16 07:00:00,0.19324,0.17872,-0.0013824986,-6.8046e-05,41,0.07513972262471541,0.019939685,0.05520003762471541,0.054300037624715414,normalized,-0.20% to -0.10%,2025-12
TNSR,2025-12-16 10:00:00,2025-12-16 14:00:00,0.09746,0.0956,-0.0010538135,-7.86159e-05,4,0.019084752719064235,0.0023496752000000004,0.016735077519064234,0.015835077519064232,normalized,-0.20% to -0.10%,2025-12
MOVE,2025-12-14 10:00:00,2025-12-16 16:00:00,0.045306,0.037475,-0.0071476807,0.0,54,0.1728468635500816,0.07465551549999998,0.09819134805008163,0.09729134805008163,normalized,< -0.50%,2025-12
ACE,2025-12-15 23:00:00,2025-12-16 16:00:00,0.2775,0.2603,-0.0086440947,0.0,17,0.061981981981982154,0.0328754371,0.029106544881982152,0.02820654488198215,normalized,< -0.50%,2025-12
AXS,2026-01-18 04:00:00,2026-01-21 04:00:00,2.0602,2.3164,-0.0023122934,-0.0015596812,72,-0.1243568585574215,0.11013901819999998,-0.23449587675742148,-0.2353958767574215,timeout,-0.30% to -0.20%,2026-01
DASH,2026-01-18 11:00:00,2026-01-21 11:00:00,78.388,68.957,-0.0013516169,-0.0001715294,72,0.12031178241567601,0.04203073899999998,0.07828104341567604,0.07738104341567605,timeout,-0.20% to -0.10%,2026-01
SKR,2026-01-22 03:00:00,2026-01-22 07:00:00,0.052198,0.043004,-0.0015725684,8.72483e-05,4,0.17613701674393656,0.002266075,0.17387094174393655,0.17297094174393654,normalized,-0.20% to -0.10%,2026-01
SKR,2026-01-22 22:00:00,2026-01-23 00:00:00,0.04391,0.045903,-0.0010109562,1.25e-05,2,-0.04538829423821457,0.0011360614,-0.04652435563821457,-0.047424355638214566,normalized,-0.20% to -0.10%,2026-01
SKR,2026-01-23 12:00:00,2026-01-23 20:00:00,0.035055,0.028827,-0.001357528,-8.52201e-05,8,0.17766367137355596,0.0038370074,0.17382666397355595,0.17292666397355594,normalized,-0.20% to -0.10%,2026-01
AXS,2026-01-21 04:00:00,2026-01-24 04:00:00,2.3164,2.8381,-0.0015596812,-0.0004479659,72,-0.22522016922811264,0.08186429999999997,-0.3070844692281126,-0.3079844692281126,timeout,-0.20% to -0.10%,2026-01
AXS,2026-01-24 23:00:00,2026-01-25 14:00:00,2.6218,2.1478,-0.0010333406,-6.63002e-05,15,0.18079182241208322,0.0051912391,0.17560058331208322,0.1747005833120832,normalized,-0.20% to -0.10%,2026-01
AXS,2026-01-26 08:00:00,2026-01-29 08:00:00,2.2759,2.1535,-0.0014173172,-0.0020847989,72,0.053780921833120894,0.1183436586,-0.0645627367668791,-0.0654627367668791,timeout,-0.20% to -0.10%,2026-01
AXS,2026-01-29 08:00:00,2026-01-31 09:00:00,2.1535,1.9008,-0.0020847989,-3.56529e-05,49,0.1173438588344556,0.027563042800000003,0.08978081603445559,0.08888081603445559,normalized,-0.30% to -0.20%,2026-01
