date,vol_regime,ret_roll40,ret_mlbeta,beta_roll40,beta_ml
2022-01-04,unknown,0.0,0.0,,
2022-01-05,unknown,0.0,0.0,,
2022-01-06,unknown,0.0,0.0,,
2022-01-07,unknown,0.0,0.0,,
2022-01-10,unknown,0.0,0.0,,
2022-01-11,unknown,0.0,0.0,,
2022-01-12,unknown,0.0,0.0,,
2022-01-13,unknown,0.0,0.0,,
2022-01-14,unknown,0.0,0.0,,
2022-01-18,unknown,0.0,0.0,,
2022-01-19,unknown,0.0,0.0,,
2022-01-20,unknown,0.0,0.0,,
2022-01-21,unknown,0.0,0.0,,
2022-01-24,unknown,0.0,0.0,,
2022-01-25,unknown,0.0,0.0,,
2022-01-26,unknown,0.0,0.0,,
2022-01-27,unknown,0.0,0.0,,
2022-01-28,unknown,0.0,0.0,,
2022-01-31,unknown,0.0,0.0,,
2022-02-01,unknown,0.0,0.0,,
2022-02-02,unknown,0.0,0.0,,
2022-02-03,unknown,0.0,0.0,,
2022-02-04,unknown,0.0,0.0,,
2022-02-07,unknown,0.0,0.0,,
2022-02-08,unknown,0.0,0.0,,
2022-02-09,unknown,0.0,0.0,,
2022-02-10,unknown,0.0,0.0,,
2022-02-11,unknown,0.0,0.0,,
2022-02-14,unknown,0.0,0.0,,
2022-02-15,unknown,0.0,0.0,,
2022-02-16,unknown,0.0,0.0,,
2022-02-17,unknown,0.0,0.0,,
2022-02-18,unknown,0.0,0.0,,
2022-02-22,unknown,0.0,0.0,,
2022-02-23,unknown,0.0,0.0,,
2022-02-24,unknown,0.0,0.0,,
2022-02-25,unknown,0.0,0.0,,
2022-02-28,unknown,0.0,0.0,,
2022-03-01,unknown,0.0,0.0,,
2022-03-02,unknown,0.0,0.0,,
2022-03-03,unknown,-0.0,-0.0,1.30227542229296,1.30227542229296
2022-03-04,unknown,0.0,0.0,1.3135990551168444,1.3135990551168444
2022-03-07,unknown,-0.0,-0.0,1.237966530469572,1.237966530469572
2022-03-08,unknown,0.0,0.0,1.2434375101015491,1.2434375101015491
2022-03-09,unknown,-0.0,-0.0,1.2618479281395587,1.2618479281395587
2022-03-10,unknown,0.0,0.0,1.2174324988197556,1.2174324988197556
2022-03-11,unknown,-0.0,-0.0,1.1789476183058214,1.1789476183058214
2022-03-14,unknown,-0.0,-0.0,1.1947855812058552,1.1947855812058552
2022-03-15,unknown,0.0,0.0,1.1672847719012387,1.1672847719012387
2022-03-16,unknown,0.0,0.0,1.157759717320957,1.157759717320957
2022-03-17,unknown,0.0,0.0,1.1672526888190988,1.1672526888190988
2022-03-18,unknown,0.0,0.0,1.1662451450088909,1.1662451450088909
2022-03-21,unknown,-0.0,-0.0,1.1799382318365441,1.1799382318365441
2022-03-22,unknown,0.0,0.0,1.0956155818274165,1.0956155818274165
2022-03-23,unknown,-0.0,-0.0,1.103224920585446,1.103224920585446
2022-03-24,unknown,0.0,0.0,1.1002840809880214,1.1002840809880214
2022-03-25,unknown,-0.0,-0.0,1.1096007259042373,1.1096007259042373
2022-03-28,unknown,0.0,0.0,1.1116482057322525,1.1116482057322525
2022-03-29,unknown,0.0,0.0,1.1095077200289527,1.1095077200289527
2022-03-30,unknown,-0.0,-0.0,1.0990344656133295,1.0990344656133295
2022-03-31,unknown,0.0,0.0,1.1052714978986666,1.1052714978986666
2022-04-01,unknown,-0.0,-0.0,1.090563686781362,1.090563686781362
2022-04-04,unknown,0.0,0.0,1.0884936171044508,1.0884936171044508
2022-04-05,unknown,-0.0,-0.0,1.0485350121416295,1.0485350121416295
2022-04-06,unknown,-0.0,-0.0,1.0588467062246225,1.0588467062246225
2022-04-07,unknown,0.0,0.0,1.070324317107645,1.070324317107645
2022-04-08,unknown,0.0,0.0,1.067880411715665,1.067880411715665
2022-04-11,unknown,0.0,0.0,1.0600814551961069,1.0600814551961069
2022-04-12,unknown,0.0,0.0,1.020134918178689,1.020134918178689
2022-04-13,unknown,0.0,0.0,1.020245904732244,1.020245904732244
2022-04-14,unknown,-0.0,-0.0,1.0141586298617045,1.0141586298617045
2022-04-18,unknown,-0.0,-0.0,1.0172648367685395,1.0172648367685395
2022-04-19,unknown,0.0,0.0,1.012338993016461,1.012338993016461
2022-04-20,unknown,-0.0,-0.0,1.0194515845939622,1.0194515845939622
2022-04-21,unknown,-0.0,-0.0,1.0196892913992268,1.0196892913992268
2022-04-22,unknown,-0.0,-0.0,1.0269815916328422,1.0269815916328422
2022-04-25,unknown,0.0,0.0,1.0094507462157045,1.0094507462157045
2022-04-26,unknown,-0.0,-0.0,1.0194823241711464,1.0194823241711464
2022-04-27,unknown,-0.0,-0.0,1.0781553622370128,1.0781553622370128
2022-04-28,unknown,0.0,0.0,1.0339176871976599,1.0339176871976599
2022-04-29,unknown,-0.0,-0.0,1.0421950496755539,1.0421950496755539
2022-05-02,unknown,0.0,0.0,1.0712866443354048,1.0712866443354048
2022-05-03,unknown,-0.0,-0.0,1.152283387611525,1.152283387611525
2022-05-04,unknown,0.0,0.0,1.1579421655441506,1.1579421655441506
2022-05-05,unknown,-0.0,-0.0,1.15483268137303,1.15483268137303
2022-05-06,unknown,-0.0,-0.0,1.3068181866989346,1.3068181866989346
2022-05-09,unknown,-0.0,-0.0,1.393986437918921,1.393986437918921
2022-05-10,unknown,-0.0,-0.0,1.4571525869130755,1.4571525869130755
2022-05-11,unknown,-0.0,-0.0,1.4934910006224835,1.4934910006224835
2022-05-12,unknown,0.010970782154176215,0.010970782154176215,1.635512006971718,1.635512006971718
2022-05-13,unknown,0.18187797748131196,0.18187797748131196,1.62669997063987,1.62669997063987
2022-05-16,unknown,-0.04807006786153193,-0.04807006786153193,1.6722862580981666,1.6722862580981666
2022-05-17,unknown,0.08489512790496449,0.08489512790496449,1.6460676318555003,1.6460676318555003
2022-05-18,unknown,-0.027764635471430613,-0.027764635471430613,1.6807313338328849,1.6807313338328849
2022-05-19,unknown,-0.02673501125386546,-0.02673501125386546,1.698090709147708,1.698090709147708
2022-05-20,unknown,0.023921981091594803,0.023921981091594803,1.687032095641285,1.687032095641285
2022-05-23,unknown,0.013777528455445637,0.013777528455445637,1.6595804317136178,1.6595804317136178
2022-05-24,unknown,-0.08755056721783328,-0.08755056721783328,1.6709013718657262,1.6709013718657262
2022-05-25,unknown,0.03168769642084648,0.03168769642084648,1.6581118115920674,1.6581118115920674
2022-05-26,unknown,0.1073196828993735,0.1073196828993735,1.659391859240109,1.659391859240109
2022-05-27,unknown,-0.00045,-0.00045,1.6619682814042767,1.6619682814042767
2022-05-31,unknown,0.0,0.0,1.6612718814520053,1.6612718814520053
2022-06-01,unknown,0.0,0.0,1.700252603899577,1.700252603899577
2022-06-02,unknown,-0.0,-0.0,1.697085432444806,1.697085432444806
2022-06-03,unknown,-0.0,-0.0,1.692630520229727,1.692630520229727
2022-06-06,unknown,-0.0,-0.0,1.709595194063086,1.709595194063086
2022-06-07,unknown,0.0,0.0,1.661378754103102,1.661378754103102
2022-06-08,unknown,0.0,0.0,1.6677348055895338,1.6677348055895338
2022-06-09,unknown,-0.0,-0.0,1.7161536199888352,1.7161536199888352
2022-06-10,unknown,-0.0,-0.0,1.7165250671543524,1.7165250671543524
2022-06-13,unknown,0.0,0.0,1.716723981370418,1.716723981370418
2022-06-14,unknown,0.0,0.0,1.477918227022232,1.477918227022232
2022-06-15,unknown,0.0,0.0,1.4892267764331042,1.4892267764331042
2022-06-16,unknown,-0.08749106492143835,-0.08749106492143835,1.4979049924973522,1.4979049924973522
2022-06-17,unknown,-0.032418462578999774,-0.032418462578999774,1.4478860312755877,1.4478860312755877
2022-06-21,unknown,-0.050826581675136276,-0.050826581675136276,1.4514758552430735,1.4514758552430735
2022-06-22,unknown,-0.00602548590929252,-0.00602548590929252,1.4599841536143237,1.4599841536143237
2022-06-23,unknown,-0.021736795479171955,-0.021736795479171955,1.4564208819955127,1.4564208819955127
2022-06-24,unknown,-0.08085980470375381,-0.08085980470375381,1.461942946272483,1.461942946272483
2022-06-27,unknown,0.007481940521737548,0.007481940521737548,1.4940225262540008,1.4940225262540008
2022-06-28,unknown,0.02116858040756569,0.02116858040756569,1.4936152638715214,1.4936152638715214
2022-06-29,unknown,0.021606670273190236,0.021606670273190236,1.4860314060061945,1.4860314060061945
2022-06-30,unknown,0.06210636397748304,0.06210636397748304,1.4822291935481506,1.4822291935481506
2022-07-01,high,-0.05361765829721058,-0.05361765829721058,1.481253401352424,1.481253401352424
2022-07-05,high,-0.05431385183771667,-0.05431385183771667,1.4873155036029924,1.4873155036029924
2022-07-06,high,0.023134568825824067,0.023134568825824067,1.4904827222888106,1.4904827222888106
2022-07-07,high,-0.0872268441417025,-0.0872268441417025,1.481109372444852,1.481109372444852
2022-07-08,high,-0.001677618339324653,-0.001677618339324653,1.477325952371258,1.477325952371258
2022-07-11,high,-0.027964498552546985,-0.027964498552546985,1.4819977496870829,1.4819977496870829
2022-07-12,high,-0.0030068116186056024,-0.0030068116186056024,1.381079466139634,1.381079466139634
2022-07-13,mid,0.04793465440187293,0.04793465440187293,1.3853542560455594,1.3853542560455594
2022-07-14,mid,-0.022678112913727358,-0.022678112913727358,1.3301911913915825,1.3301911913915825
2022-07-15,mid,-0.028467921905410556,-0.028467921905410556,1.3457133947448234,1.3457133947448234
2022-07-18,mid,0.0508468926788494,0.0508468926788494,1.3301401238840123,1.3301401238840123
2022-07-19,high,-0.1335472499097713,-0.1335472499097713,1.2579489591617363,1.2579489591617363
2022-07-20,high,-0.08970093754457668,-0.08970093754457668,1.313101294101583,1.313101294101583
2022-07-21,high,-0.007038346044781501,-0.007038346044781501,1.3097596836187495,1.3097596836187495
2022-07-22,mid,0.0014668997055498866,0.0014668997055498866,1.3096697584261352,1.3096697584261352
2022-07-25,mid,-0.02245472624993114,-0.02245472624993114,1.3330977710084773,1.3330977710084773
2022-07-26,high,0.0985439683789736,0.0985439683789736,1.3316793742504394,1.3316793742504394
2022-07-27,mid,0.0019647931158630477,0.0019647931158630477,1.3335309237204402,1.3335309237204402
2022-07-28,mid,0.0020750947337620715,0.0020750947337620715,1.3265503573419144,1.3265503573419144
2022-07-29,high,-0.039596454299669445,-0.039596454299669445,1.2723333175128773,1.2723333175128773
2022-08-01,mid,0.010207238162406238,0.010207238162406238,1.2556355784004654,1.2556355784004654
2022-08-02,mid,-0.027341489691619595,-0.027341489691619595,1.262711828230143,1.262711828230143
2022-08-03,high,-0.1344608746876771,-0.1344608746876771,1.2518095379517298,1.2518095379517298
2022-08-04,high,0.0018377149402347484,0.0018377149402347484,1.2818258198548762,1.2818258198548762
2022-08-05,high,0.0054943962157214254,0.0054943962157214254,1.2824297630937376,1.2824297630937376
2022-08-08,mid,-0.005605616726657801,-0.005605616726657801,1.2725295620153536,1.2725295620153536
2022-08-09,mid,-0.002207765312964051,-0.002207765312964051,1.270206258845526,1.270206258845526
2022-08-10,mid,-0.008737566773704894,-0.008737566773704894,1.2619656603498008,1.2619656603498008
2022-08-11,mid,-0.0030009717162535945,-0.0030009717162535945,1.3147445644060964,1.3147445644060964
2022-08-12,mid,-0.02244296826230539,-0.02244296826230539,1.3230519126620985,1.3230519126620985
2022-08-15,mid,-0.0036282271909440274,-0.0036282271909440274,1.311228607120721,1.311228607120721
2022-08-16,mid,0.0033955101809815466,0.0033955101809815466,1.432244455965466,1.432244455965466
2022-08-17,mid,0.01794224161999295,0.01794224161999295,1.4381934566880954,1.4381934566880954
2022-08-18,mid,-0.005136512834392627,-0.005136512834392627,1.4498525517464682,1.4498525517464682
2022-08-19,mid,-0.017873401553182316,-0.017873401553182316,1.4457340348491596,1.4457340348491596
2022-08-22,mid,0.0882473551833378,0.0882473551833378,1.4240663763259513,1.4240663763259513
2022-08-23,mid,-0.00045,-0.00045,1.3708982713668982,1.3708982713668982
2022-08-24,mid,0.0,0.0,1.3602282770674805,1.3602282770674805
2022-08-25,mid,-0.0,-0.0,1.3404895466688058,1.3404895466688058
2022-08-26,mid,-0.0,-0.0,1.3297462195121341,1.3297462195121341
2022-08-29,mid,-0.0,-0.0,1.3222552321886196,1.3222552321886196
2022-08-30,mid,0.0,0.0,1.341900864036472,1.341900864036472
2022-08-31,mid,-0.0,-0.0,1.2935738661540765,1.2935738661540765
2022-09-01,mid,-0.0,-0.0,1.288301257420276,1.288301257420276
2022-09-02,mid,-0.0,-0.0,1.1859974027915159,1.1859974027915159
2022-09-06,mid,0.0,0.0,1.1869304331909702,1.1869304331909702
2022-09-07,mid,0.0,0.0,1.1874873424237244,1.1874873424237244
2022-09-08,mid,0.0,0.0,1.2022479977307134,1.2022479977307134
2022-09-09,mid,-0.0,-0.0,1.2515830397912644,1.2515830397912644
2022-09-12,mid,-0.0,-0.0,1.2039453940854972,1.2039453940854972
2022-09-13,mid,-0.0,-0.0,1.1553688701742757,1.1553688701742757
2022-09-14,mid,-0.0,-0.0,1.2381012799076927,1.2381012799076927
2022-09-15,mid,-0.0,-0.0,1.1421989507987207,1.1421989507987207
2022-09-16,mid,-0.0,-0.0,1.1513806192147753,1.1513806192147753
2022-09-19,mid,0.0,0.0,1.1453438427925746,1.1453438427925746
2022-09-20,mid,-0.0,-0.0,1.1426190033950099,1.1426190033950099
2022-09-21,mid,0.0,0.0,1.1597677489969467,1.1597677489969467
2022-09-22,mid,-0.0,-0.0,1.148897349199845,1.148897349199845
2022-09-23,mid,0.0,0.0,1.0590866615731909,1.0590866615731909
2022-09-26,mid,0.0,0.0,1.0490435593254863,1.0490435593254863
2022-09-27,mid,0.0,0.0,1.0473359404921139,1.0473359404921139
2022-09-28,mid,0.0,0.0,1.0423028369508764,1.0423028369508764
2022-09-29,low,-0.0,-0.0,1.0694256773395996,1.0694256773395996
2022-09-30,low,0.0,0.0,1.0661063933004886,1.0661063933004886
2022-10-03,low,0.0,0.0,1.065061234066894,1.065061234066894
2022-10-04,mid,0.0,0.0,1.0755878655600335,1.0755878655600335
2022-10-05,mid,-0.0,-0.0,1.125626749630507,1.125626749630507
2022-10-06,mid,0.0,0.0,1.1274383784473414,1.1274383784473414
2022-10-07,mid,-0.0,-0.0,1.1138256655301975,1.1138256655301975
2022-10-10,mid,0.0,0.0,1.1340509023334293,1.1340509023334293
2022-10-11,mid,-0.0,-0.0,1.1099447134070883,1.1099447134070883
2022-10-12,mid,0.0,0.0,1.1104785156707977,1.1104785156707977
2022-10-13,mid,-0.0,-0.0,1.1118855315360379,1.1118855315360379
2022-10-14,mid,-0.0,-0.0,1.1040259648403983,1.1040259648403983
2022-10-17,mid,0.0,0.0,1.108665141827636,1.108665141827636
2022-10-18,mid,0.0,0.0,1.1010742328157348,1.1010742328157348
2022-10-19,mid,-0.0,-0.0,1.1362800604432914,1.1362800604432914
2022-10-20,mid,-0.0,-0.0,1.1450352181810062,1.1450352181810062
2022-10-21,mid,0.0,0.0,1.1498058963744313,1.1498058963744313
2022-10-24,mid,0.0,0.0,1.1652536240855143,1.1652536240855143
2022-10-25,mid,0.0,0.0,1.1428244014945912,1.1428244014945912
2022-10-26,mid,0.025976792509965214,0.025976792509965214,1.234065249599316,1.234065249599316
2022-10-27,mid,-0.020396519016405216,-0.020396519016405216,1.213669109278861,1.213669109278861
2022-10-28,mid,-0.016244867237132053,-0.016244867237132053,1.2196316412033237,1.2196316412033237
2022-10-31,mid,0.03863464669282539,0.03863464669282539,1.2282184030257997,1.2282184030257997
2022-11-01,mid,0.037908924623288695,0.037908924623288695,1.2330581442177118,1.2330581442177118
2022-11-02,mid,0.015167731455780292,0.015167731455780292,1.239281767733127,1.239281767733127
2022-11-03,mid,-0.00045,-0.00045,1.2250078673772897,1.2250078673772897
2022-11-04,mid,0.0,0.0,1.2238510782654033,1.2238510782654033
2022-11-07,mid,-0.0,-0.0,1.38856676433985,1.38856676433985
2022-11-08,mid,-0.0,-0.0,1.5227298861277474,1.5227298861277474
2022-11-09,mid,0.0,0.0,1.809399443274152,1.809399443274152
2022-11-10,mid,-0.0,-0.0,1.6215345949507496,1.6215345949507496
2022-11-11,mid,0.0,0.0,1.326665164060281,1.326665164060281
2022-11-14,mid,-0.0,-0.0,1.311399889985698,1.311399889985698
2022-11-15,mid,0.0,0.0,1.3216568090624132,1.3216568090624132
2022-11-16,mid,0.0,0.0,1.323347290480995,1.323347290480995
2022-11-17,mid,0.0,0.0,1.3282092595101764,1.3282092595101764
2022-11-18,mid,-0.0,-0.0,1.4049545364283382,1.4049545364283382
2022-11-21,mid,0.0,0.0,1.4032152426108413,1.4032152426108413
2022-11-22,mid,0.0,0.0,1.4053891337619717,1.4053891337619717
2022-11-23,mid,0.0,0.0,1.419273846050416,1.419273846050416
2022-11-25,mid,0.0,0.0,1.4126727136516437,1.4126727136516437
2022-11-28,mid,-0.0,-0.0,1.4209598873697968,1.4209598873697968
2022-11-29,mid,0.0,0.0,1.424509200642815,1.424509200642815
2022-11-30,mid,0.0,0.0,1.4172413674706124,1.4172413674706124
2022-12-01,mid,0.0,0.0,1.3998779203594127,1.3998779203594127
2022-12-02,mid,0.0,0.0,1.3958198790191592,1.3958198790191592
2022-12-05,mid,-0.0,-0.0,1.4017976716815936,1.4017976716815936
2022-12-06,mid,-0.0,-0.0,1.3861541439062508,1.3861541439062508
2022-12-07,mid,0.0,0.0,1.3928378100515941,1.3928378100515941
2022-12-08,mid,0.0,0.0,1.390781339940684,1.390781339940684
2022-12-09,mid,0.0,0.0,1.396124640981959,1.396124640981959
2022-12-12,mid,-0.0,-0.0,1.3978945924712003,1.3978945924712003
2022-12-13,mid,-0.0,-0.0,1.3876325154427471,1.3876325154427471
2022-12-14,mid,0.0,0.0,1.3662136179442868,1.3662136179442868
2022-12-15,mid,-0.0,-0.0,1.3786086255844496,1.3786086255844496
2022-12-16,mid,-0.0,-0.0,1.390118974754262,1.390118974754262
2022-12-19,mid,-0.0,-0.0,1.4010676624542964,1.4010676624542964
2022-12-20,mid,-0.0,-0.0,1.3949028186811085,1.3949028186811085
2022-12-21,low,0.0,0.0,1.370188455095379,1.370188455095379
2022-12-22,low,-0.0,-0.0,1.3138557313866948,1.3138557313866948
2022-12-23,low,-0.0,-0.0,1.3283955769123041,1.3283955769123041
2022-12-27,mid,-0.0,-0.0,1.3369130897842623,1.3369130897842623
2022-12-28,mid,-0.05266524435830995,-0.05266524435830995,1.3306799707160872,1.3306799707160872
2022-12-29,mid,-0.01781029761395643,-0.01781029761395643,1.3345181272008677,1.3345181272008677
2022-12-30,mid,0.03934482671770673,0.03934482671770673,1.3348845906794533,1.3348845906794533
2023-01-03,mid,0.018156000179940828,0.018156000179940828,1.3350545775347795,1.3350545775347795
2023-01-04,mid,0.12347498636191162,0.12347498636191162,1.338247755106802,1.338247755106802
2023-01-05,mid,-0.04942050199439917,-0.04942050199439917,1.3209273937999586,1.3209273937999586
2023-01-06,mid,0.01581999404243096,0.01581999404243096,1.3189019724260735,1.3189019724260735
2023-01-09,mid,0.07373357549720315,0.07373357549720315,1.179024219328518,1.179024219328518
2023-01-10,mid,-0.00045,-0.00045,1.085222963957832,1.085222963957832
2023-01-11,mid,-0.0,-0.0,1.7849221058216165,1.7849221058216165
2023-01-12,low,-0.0,-0.0,1.8536902088433007,1.8536902088433007
2023-01-13,mid,-0.0,-0.0,1.7837219822991794,1.7837219822991794
2023-01-17,mid,-0.0,-0.0,1.6020290227359668,1.6020290227359668
2023-01-18,mid,-0.0,-0.0,1.5739784877041207,1.5739784877041207
2023-01-19,mid,-0.0,-0.0,1.6122646872507613,1.6122646872507613
2023-01-20,mid,-0.0,-0.0,1.5911362006642096,1.5911362006642096
2023-01-23,mid,0.0,0.0,1.529492349249065,1.529492349249065
2023-01-24,mid,0.0,0.0,1.5138864192941714,1.5138864192941714
2023-01-25,mid,-0.0,-0.0,1.489974221255075,1.489974221255075
2023-01-26,mid,0.0,0.0,1.4991202523034948,1.4991202523034948
2023-01-27,mid,0.0,0.0,1.4916492728466433,1.4916492728466433
2023-01-30,mid,-0.0,-0.0,1.472577415499476,1.472577415499476
2023-01-31,mid,0.0,0.0,1.4537045373416047,1.4537045373416047
2023-02-01,mid,0.0,0.0,1.4794018476980235,1.4794018476980235
2023-02-02,mid,0.0,0.0,1.5056757791117394,1.5056757791117394
2023-02-03,mid,-0.0,-0.0,1.3827447335775598,1.3827447335775598
2023-02-06,mid,0.0,0.0,1.3919130337566468,1.3919130337566468
2023-02-07,mid,-0.0,-0.0,1.3496607062187465,1.3496607062187465
2023-02-08,mid,-0.0,-0.0,1.3245756004324842,1.3245756004324842
2023-02-09,mid,-0.0,-0.0,1.339433394532491,1.339433394532491
2023-02-10,mid,-0.0,-0.0,1.4010838772578225,1.4010838772578225
2023-02-13,mid,0.0,0.0,1.424616938873275,1.424616938873275
2023-02-14,mid,0.0,0.0,1.426121047064605,1.426121047064605
2023-02-15,mid,-0.0,-0.0,1.4116411448691375,1.4116411448691375
2023-02-16,mid,-0.0,-0.0,1.2848297120041665,1.2848297120041665
2023-02-17,mid,-0.0,-0.0,1.2975829503024963,1.2975829503024963
2023-02-21,mid,-0.0,-0.0,1.3075773960035946,1.3075773960035946
2023-02-22,mid,0.0,0.0,1.3467199335389284,1.3467199335389284
2023-02-23,mid,0.0,0.0,1.3369528043742127,1.3369528043742127
2023-02-24,mid,0.0,0.0,1.3289003433264348,1.3289003433264348
2023-02-27,mid,-0.0,-0.0,1.291021274157743,1.291021274157743
2023-02-28,mid,0.0,0.0,1.256685396505906,1.256685396505906
2023-03-01,mid,-0.0,-0.0,1.2336676319212168,1.2336676319212168
2023-03-02,mid,-0.0,-0.0,1.2264134802311393,1.2264134802311393
2023-03-03,low,0.0,0.0,1.2356556591904229,1.2356556591904229
2023-03-06,low,-0.0,-0.0,1.1790961108826545,1.1790961108826545
2023-03-07,low,-0.0,-0.0,1.171675102476611,1.171675102476611
2023-03-08,low,0.0,0.0,1.1794438727934284,1.1794438727934284
2023-03-09,low,-0.0,-0.0,1.1412308355909488,1.1412308355909488
2023-03-10,low,-0.0,-0.0,1.1627565227446028,1.1627565227446028
2023-03-13,low,-0.0,-0.0,1.1887669604037494,1.1887669604037494
2023-03-14,low,0.00511629185811788,0.00511629185811788,1.0017694935256725,1.0017694935256725
2023-03-15,low,0.006828985495771191,0.006828985495771191,1.0160269588326714,1.0160269588326714
2023-03-16,low,0.03192852305741773,0.03192852305741773,0.9915276057503097,0.9915276057503097
2023-03-17,low,0.016713826817715632,0.016713826817715632,0.9883174545810501,0.9883174545810501
2023-03-20,low,-0.026480227907141805,-0.026480227907141805,1.0110383020934866,1.0110383020934866
2023-03-21,low,0.020964375837773525,0.020964375837773525,1.0005682432735579,1.0005682432735579
2023-03-22,low,-0.06616082771600915,-0.06616082771600915,1.0008740984450453,1.0008740984450453
2023-03-23,low,0.02790419419420822,0.02790419419420822,1.0325064794881451,1.0325064794881451
2023-03-24,low,0.0058791630264905595,0.0058791630264905595,1.0505544000080722,1.0505544000080722
2023-03-27,low,-0.055538998665576,-0.055538998665576,1.0471593337340113,1.0471593337340113
2023-03-28,low,0.03390415632076531,0.03390415632076531,1.0612192828605238,1.0612192828605238
2023-03-29,mid,0.10231116884746692,0.10231116884746692,1.0543582606920332,1.0543582606920332
2023-03-30,mid,-0.004703429819234531,-0.004703429819234531,1.0980177267895772,1.0980177267895772
2023-03-31,low,0.029596736654660373,0.029596736654660373,1.0889127062559387,1.0889127062559387
2023-04-03,low,0.04428472392012341,0.04392862975008162,1.1147338805932263,1.0999996694587968
2023-04-04,low,-0.00045,-0.00045,1.095246911136618,1.100355623157736
2023-04-05,low,-0.0,-0.0,1.1061513285112203,1.1044115691470195
2023-04-06,low,0.0,0.0,1.1108145416576922,1.0976368013063091
2023-04-10,low,0.0,0.0,1.1077514991051223,1.0957184897999075
2023-04-11,low,0.0,0.0,1.0895528398221748,1.098072898142161
2023-04-12,low,-0.0,-0.0,1.0925725537794564,1.0870067063551763
2023-04-13,low,0.0,0.0,1.0968398893801292,1.0840360281643011
2023-04-14,low,-0.0,-0.0,1.0877371017861768,1.0855087010267708
2023-04-17,low,-0.0,-0.0,1.0883123987104126,1.0859123833489275
2023-04-18,low,0.0,0.0,1.0938440594685617,1.0833610107747074
2023-04-19,low,0.0,0.0,1.104435629590033,1.0885492552916485
2023-04-20,low,-0.0,-0.0,1.0835021080703495,1.0933352159997316
2023-04-21,low,0.0,0.0,1.098838063626315,1.0936878451116656
2023-04-24,low,-0.0,-0.0,1.0855841306804501,1.0892542188859802
2023-04-25,low,-0.0,-0.0,1.0825711182361641,1.0936748992415972
2023-04-26,low,0.0,0.0,1.0797875758655677,1.086335286142154
2023-04-27,low,0.0,0.0,1.0888250888294737,1.0826933009927817
2023-04-28,low,0.0,0.0,1.1071436977432763,1.0866707047415507
2023-05-01,low,-0.0,-0.0,1.0997564067980254,1.0916941800600024
2023-05-02,low,0.0,0.0,1.1318114745991834,1.1009043204851638
2023-05-03,mid,-0.0,-0.0,1.1377063313804914,1.10468577329699
2023-05-04,mid,0.0,0.0,1.12938520228706,1.1887340979562244
2023-05-05,mid,0.0,0.0,1.1363702711119599,1.1879516926232674
2023-05-08,low,-0.0,-0.0,1.1152783022067654,1.1822216441614877
2023-05-09,low,0.0,0.0,1.125238959906993,1.1169438362161392
2023-05-10,low,0.0,0.0,1.468927526694989,1.1047272221204192
2023-05-11,low,0.05455841781427651,0.060965734033011,1.4689838980607248,1.1839745784024887
2023-05-12,low,0.045971765831961255,0.04717111050168104,1.5159549078868473,1.3505644775638233
2023-05-15,low,-0.00045,-0.00045,1.518458661206542,1.3717198107801842
2023-05-16,low,-0.0,-0.0,1.6518883462863623,1.4093366473831355
2023-05-17,low,0.0,0.0,1.6749968440171263,1.4536740240144734
2023-05-18,low,0.0,0.0,1.689718859445769,1.467605298271797
2023-05-19,low,-0.0,-0.0,1.6157719272092204,1.4981211290617436
2023-05-22,low,0.0,0.0,1.6140890068520735,1.4907781392672144
2023-05-23,low,-0.0,-0.0,1.6347110364161344,1.4663184010545058
2023-05-24,low,0.0,0.0,1.579733137500613,1.4534916333204613
2023-05-25,low,-0.0,-0.0,1.536275106958494,1.4559597813890324
2023-05-26,low,0.0,0.0,1.3913243603794379,1.4245759063844299
2023-05-30,low,-0.0,-0.0,1.3890694010543034,1.3903059767971473
2023-05-31,low,0.0,0.0,1.3678780907742638,1.3232913661752903
2023-06-01,low,0.0,0.0,1.3947599941350628,1.316115314760622
2023-06-02,low,-0.0,-0.0,1.3965016953791543,1.326178373380753
2023-06-05,low,-0.0,-0.0,1.3856853039482961,1.3507754435439334
2023-06-06,low,0.0,0.0,1.4097631239365522,1.3800533400664232
2023-06-07,low,0.0,0.0,1.416380595028865,1.381197692371156
2023-06-08,low,-0.0,-0.0,1.3715256673646092,1.3986060199437902
2023-06-09,low,-0.0,-0.0,1.3679491206983525,1.3861660985266884
2023-06-12,low,0.0,0.0,1.3481668976319554,1.362839677849876
2023-06-13,low,0.0,0.0,1.3459315014532063,1.3577672442414166
2023-06-14,low,0.0,0.0,1.3279888367699557,1.3414554473334637
2023-06-15,low,0.04012385899324721,0.04101908164413768,1.2814839389023245,1.331276379122382
2023-06-16,low,-0.01806472179889771,-0.016999258445077596,1.2803655011675508,1.3166480988242655
2023-06-20,low,0.028420941759507656,0.029695336974205094,1.2719116979413605,1.2886872813315553
2023-06-21,low,-0.00045,-0.00045,1.2279172381238064,1.2857253501292043
2023-06-22,low,-0.0,-0.0,1.203345116333431,1.2674965276476382
2023-06-23,low,-0.0,-0.0,1.2183702631958195,1.2382102261678556
2023-06-26,low,-0.05491252311540879,-0.054407658131030316,1.1969778996487086,1.2334984831114149
2023-06-27,low,0.04605532164717753,0.045637175978925,1.2010857859815525,1.2314376671917378
2023-06-28,low,0.02629650761785721,0.02621233698326507,1.2261371472161418,1.2218457946104493
2023-06-29,low,0.03077067891187116,0.030237090480207965,1.1915178711052572,1.2362224892879818
2023-06-30,low,0.005116484972389902,0.005044605286480703,1.175414722573983,1.244015835752594
2023-07-03,low,0.07663482176344684,0.0762921317976807,1.2028411117949773,1.2182186745864927
2023-07-05,low,-0.00045,-0.00045,1.2593701836843056,1.2179914784211028
2023-07-06,low,0.0,0.0,1.2325369815140397,1.2403457304450265
2023-07-07,low,-0.0,-0.0,1.1599620404898279,1.2538561310960539
2023-07-10,low,0.0,0.0,1.1594535381265485,1.22883058392798
2023-07-11,low,0.0,0.0,1.164083825642532,1.1940497841028486
2023-07-12,low,0.0,0.0,1.0992429695491668,1.1859728939172436
2023-07-13,low,0.0,0.0,1.0748657158881532,1.1598796845044301
2023-07-14,low,-0.03572476447830182,-0.03485522872112917,1.1495194235946176,1.1255526827443776
2023-07-17,low,0.012730924819569212,0.01248797633654752,1.1024885303013048,1.1416511837720011
2023-07-18,low,-0.0014476876485724575,-0.0021151066592047327,1.095772090538518,1.1653127721216074
2023-07-19,low,-0.014257844729582438,-0.014189250399564503,1.102002488185968,1.137705826450088
2023-07-20,low,0.02259109514282055,0.02240767250949107,1.1015251542733846,1.1465335338665614
2023-07-21,low,0.013836235677373085,0.013997947304553164,1.1112844001274298,1.1525572227783283
2023-07-24,low,-0.014475143402615211,-0.014759980499915802,1.1260082125577315,1.13764908774946
2023-07-25,low,-0.011681320421568601,-0.01164880765573992,1.1348364345581203,1.1536304826897537
2023-07-26,low,-0.01023724921131626,-0.01012475082090645,1.1370858750401849,1.1628577989465247
2023-07-27,low,0.033439391979440035,0.03330719205370044,1.1382316876546013,1.1651282710488728
2023-07-28,low,-0.015578246943181426,-0.015523069287630004,1.1500163148159936,1.1648636548938052
2023-07-31,low,-0.011067153125930086,-0.011065915663213612,1.1654619522018312,1.165054911540853
2023-08-01,low,0.024419527246144206,0.024470396851255797,1.1673632529102456,1.1706999985030468
2023-08-02,low,0.043065352087303325,0.042809468631040584,1.1615240823163901,1.1760218182372535
2023-08-03,low,0.043806242689964504,0.04384136434981384,1.1345430403986465,1.172860340007163
2023-08-04,low,-0.00045,-0.00045,1.11118475061957,1.161801718475413
2023-08-07,low,-0.0,-0.0,1.1307916867182461,1.1406034229139803
2023-08-08,low,0.0,0.0,1.1314575722473796,1.1297627784726159
2023-08-09,low,-0.0,-0.0,1.1452691048590335,1.1383622720347146
2023-08-10,low,0.0,0.0,1.1650029373945552,1.1432237224766133
2023-08-11,low,0.0,0.0,1.1669900064776944,1.1603039778823219
2023-08-14,low,0.0,0.0,1.219140387261009,1.1753026197638428
2023-08-15,low,-0.0,-0.0,1.2528014124677742,1.18539685132169
2023-08-16,low,0.0,0.0,1.247645493345735,1.220546614622705
2023-08-17,low,0.0,0.0,1.4443580689433835,1.2352624097026714
2023-08-18,low,-0.0,-0.0,1.415555787212811,1.2798521487478411
2023-08-21,low,0.0,0.0,1.4535304370079318,1.3751572908077556
2023-08-22,low,-0.0,-0.0,1.5518906506931607,1.365404112906838
2023-08-23,low,0.0,0.0,1.5042516154576473,1.4080869358875956
2023-08-24,low,-0.0,-0.0,1.487434085981873,1.4537385225928288
2023-08-25,low,0.0,0.0,1.5314616229460327,1.389650898012159
2023-08-28,low,0.0,0.0,1.5049122037748528,1.4045725283936068
2023-08-29,low,0.0,0.0,1.5131541434085145,1.417658013442683
2023-08-30,low,-0.0,-0.0,1.4419830914791099,1.3905696365698257
2023-08-31,low,0.0,0.0,1.4791542563079612,1.3929974052814316
2023-09-01,low,-0.0,-0.0,1.4130286236942096,1.3741484644896083
2023-09-05,low,-0.0,-0.0,1.4286572338399377,1.371098767878828
2023-09-06,low,0.0,0.0,1.4033304890871512,1.350330274915572
2023-09-07,low,-0.0,-0.0,1.4043083098704292,1.3527879514338697
2023-09-08,low,0.0,0.0,1.3781178561493665,1.3574600537559656
2023-09-11,low,-0.0,0.0,1.1954983872505736,1.345098156313473
2023-09-12,low,-0.0,-0.0,1.278515552461105,1.3052025826535896
2023-09-13,low,-0.0,-0.0,1.2429235517770378,1.2293247243833503
2023-09-14,low,-0.0,-0.0,1.2062902506126396,1.2682564723565166
2023-09-15,low,-0.0,-0.0,1.2029477126836636,1.241917171744712
2023-09-18,low,-0.0,-0.0,1.1961333685089066,1.2270806664350422
2023-09-19,low,-0.0,-0.0,1.1985028713638037,1.2622380702534413
2023-09-20,low,-0.0,-0.0,1.2000248950705341,1.2387889858233105
2023-09-21,low,0.0,0.0,1.1977026625549712,1.2438408611673393
2023-09-22,low,-0.0,-0.0,1.1845807462151985,1.24845770550966
2023-09-25,low,0.0,0.0,1.178963827761201,1.2414581112615877
2023-09-26,low,-0.0,-0.0,1.1570790466611314,1.2303406984148713
2023-09-27,low,-0.0,-0.0,1.1583804414093475,1.217505145909574
2023-09-28,low,0.0,0.0,1.1763628376941666,1.2013660411528582
2023-09-29,low,0.0,0.0,1.166565539791749,1.2028394149485038
2023-10-02,low,-0.0,-0.0,1.172263119802009,1.207587392841778
2023-10-03,low,-0.0,-0.0,1.1394017954670073,1.201528042532709
2023-10-04,low,0.013180044036948741,0.012559055215464498,1.1511388232152124,1.1972486541680951
2023-10-05,low,0.024993305073778227,0.025686167287729107,1.1285292285807047,1.178756172353617
2023-10-06,low,0.03184506881892968,0.030553593603339525,1.1038728182801358,1.1705921235458505
2023-10-09,low,0.014311882410069135,0.014413268699655243,1.142779894436395,1.1505871314386638
2023-10-10,low,0.007941764045381909,0.008026855202284204,1.1328362796665796,1.145019135169053
2023-10-11,low,0.004153822702694047,0.00487392292989083,1.1288980709405065,1.1669979534074524
2023-10-12,low,-0.00045,-0.00045,1.1165120841738483,1.1567090706686687
2023-10-13,low,-0.0,-0.0,1.121634778153928,1.155765489920028
2023-10-16,low,-0.0,-0.0,1.2163047886929277,1.1548847632014942
2023-10-17,low,0.0,0.0,1.0054949817008028,1.1705907336372159
2023-10-18,low,-0.0,-0.0,0.9920812487375923,1.1727437741517153
2023-10-19,low,0.0,0.0,0.9924149637271122,1.0628057864676141
2023-10-20,low,-0.0,-0.0,0.9821387967952819,1.0568885598826185
2023-10-23,low,-0.0,-0.0,0.944505850005898,1.0515460488128896
2023-10-24,low,0.10373335745089406,0.10006540894508319,0.8656092555355197,1.0144620098095507
2023-10-25,low,0.003098058480663246,0.0015291580085409484,0.9333877059892315,1.0218439577991383
2023-10-26,low,-0.037327410594161316,-0.03560592102958352,0.8280096336388766,0.9995898497279844
2023-10-27,low,-0.010107986059809788,-0.008929829123085278,0.8403281419528027,1.003351331653032
2023-10-30,low,0.018071869182566813,0.01575526746449873,0.8594678143825621,0.9920369572986096
2023-10-31,low,0.0034084328787507227,0.0027908478116181953,0.8625210322463062,0.9913349966801541
2023-11-01,low,-0.011349823885539921,-0.014203860322227525,0.8603861199763179,0.9889717299560298
2023-11-02,low,0.07525360005290305,0.07700643165499844,0.8569090239873991,0.9813861378594942
2023-11-03,low,0.005365901930503183,0.0065228816595799405,0.7907414299243088,0.9870469695811626
2023-11-06,low,-0.00045,-0.00045,0.8040241139473882,0.9612487413560495
2023-11-07,low,0.0,0.0,0.7777529492341024,0.9188351719867491
2023-11-08,low,-0.0,-0.0,0.7869313331656698,0.9124263611546026
2023-11-09,low,0.0,0.0,0.7977586239114047,0.8945565704313272
2023-11-10,low,0.0,0.0,0.812103023028507,0.8966049482958025
2023-11-13,low,0.0,0.0,0.8114991382857811,0.9147351753919852
2023-11-14,low,-0.0,-0.0,0.8032385354091254,0.9093168536505536
2023-11-15,low,-0.0,-0.0,0.8565539642324875,0.908333567037824
2023-11-16,low,0.0,0.0,0.8369882985295932,0.9107886449087154
2023-11-17,low,-0.0,-0.0,0.8267570022411663,0.9282915482334966
2023-11-20,low,0.0,0.0,0.820237694049151,0.9075174518900782
2023-11-21,low,0.0,0.0,0.8445863580988258,0.8968754669998853
2023-11-22,low,-0.0,-0.0,0.8278622857101914,0.899587245255723
2023-11-24,low,0.0,0.0,0.81288363692435,0.8931813655042881
2023-11-27,low,-0.0,-0.0,0.804231776414794,0.8836790327754473
2023-11-28,low,0.0,0.0,0.8297820065469642,0.8741887693354918
2023-11-29,low,0.0,0.0,0.8392488107509927,0.8755965122749652
2023-11-30,low,-0.0,-0.0,0.8191051631209941,0.8849042357823077
2023-12-01,low,0.0,0.0,0.824347629583962,0.8874428916089335
2023-12-04,low,-0.0,-0.0,0.8518365309021575,0.8795569614710554
2023-12-05,low,-0.0,-0.0,0.8247384146427568,0.8910253300218923
2023-12-06,low,-0.009226928519446384,-0.008588678294525693,0.8088187118172367,0.8930024960947904
2023-12-07,low,0.012332185050406603,0.012905404462737257,0.8160604783767889,0.8713212712667251
2023-12-08,low,0.033270961802819105,0.0320269290178464,0.8066368386220233,0.8682630915778234
2023-12-11,low,-0.019984627500819682,-0.015289040835524785,0.7969544256236599,0.8679104497408173
2023-12-12,low,0.00034422365588002764,0.00026501620625170915,0.8372561406222656,0.8530844697825364
2023-12-13,low,0.019049358213772637,0.01957263470722655,0.8784250346267368,0.863368017561772
2023-12-14,low,-0.008975180725324,-0.0089897377783602,0.8951745821650007,0.8998609186662786
2023-12-15,low,0.0021192505971645917,0.002995370990942641,0.8908227530404349,0.9252713625441293
2023-12-18,low,-0.012138046106112738,-0.012876912768551024,0.891449761255969,0.9361043266708852
2023-12-19,low,0.006393732045144775,0.006708026249783501,0.8986656137551099,0.9366143009997487
2023-12-20,low,-0.028077286078173842,-0.02660544337543421,0.9751591124816125,0.9301315760723103
2023-12-21,low,0.010336038537349799,0.010088699984655222,0.8958026767291505,0.9455803054545758
2023-12-22,low,0.061451495522632286,0.06124414725668084,0.8948204095231858,0.9654704496570605
2023-12-26,low,-0.00045,-0.00045,0.8675229578530305,0.923312986157282
2023-12-27,low,0.0,0.0,0.8622479904318879,0.916337872013286
2023-12-28,low,0.0,0.0,0.8978599597054963,0.8983695068552524
2023-12-29,low,-0.0,-0.0,0.8936666075109304,0.8868829627258015
2024-01-02,low,0.0,0.0,0.9285559152413455,0.924423461588659
2024-01-03,low,-0.0,-0.0,0.9924266829256686,0.9318080023759483
2024-01-04,low,0.0,0.0,1.040893413472321,0.9749057066242374
2024-01-05,low,-0.0,-0.0,1.0431442462802967,1.0265083733920597
2024-01-08,mid,-0.0,-0.0,1.04742693028001,1.0489390197937691
2024-01-09,mid,-0.019279817530904658,-0.015875202933844045,0.894345732557367,1.0868367969223265
2024-01-10,mid,-0.029613861762151306,-0.03115008631583186,0.8967408697875615,1.041974843155994
2024-01-11,mid,-0.04718613149369225,-0.04689718973654755,0.8899075850692588,0.9418873636907004
2024-01-12,mid,-0.025416678490815706,-0.023992995393903815,0.910745405819013,0.9295238761499244
2024-01-16,mid,-0.013551135838717683,-0.013530472223545783,0.9328237167704467,0.9298894296539937
2024-01-17,mid,0.04392411944988423,0.044004858514354664,0.9373257758770592,0.9457767808077704
2024-01-18,mid,0.007602725013524048,0.009595229023386317,0.936856649304763,0.9943774285104505
2024-01-19,mid,-0.019545723096369084,-0.020104876188307644,0.9306480895341759,0.9953933102134425
2024-01-22,mid,0.024008020356054337,0.027956813220536593,0.916376204517809,0.9942252924624446
2024-01-23,mid,-0.00045,-0.00045,0.8979704823124253,0.9802639888499289
2024-01-24,mid,-0.0,-0.0,0.8984518583601357,0.9614863580005844
2024-01-25,mid,0.0,0.0,0.8957057366384034,0.9492175584055912
2024-01-26,high,0.0,0.0,0.8816253898764693,0.9480446031605667
2024-01-29,high,0.0,0.0,0.9197007996650898,0.9402923893772048
2024-01-30,high,0.0,0.0,0.9261604777343664,0.9433588413551498
2024-01-31,high,-0.0,-0.0,0.9190450884374983,0.9690448449932197
2024-02-01,high,-0.0,-0.0,0.907203639842711,0.9675627800226102
2024-02-02,high,-0.0,-0.0,0.9212949739006836,0.9567099107541965
2024-02-05,high,-0.0,-0.0,0.9455400561691129,0.9523293862008568
2024-02-06,high,0.0,0.0,0.9461018946229981,0.9541281360392602
2024-02-07,mid,-0.0,-0.0,0.9530715225227863,0.9625466281708311
2024-02-08,high,0.0,0.0,0.9320126184824368,0.9789800295102653
2024-02-09,high,0.0,0.0,1.000067735507086,0.9680273645868291
2024-02-12,high,0.0,0.0,1.0644980106399797,0.9723658997443667
2024-02-13,high,-0.0,-0.0,1.1247164969825703,1.0264358256830408
2024-02-14,high,0.0,0.0,1.1338585166358006,1.0841280344060107
2024-02-15,high,-0.0,-0.0,1.2130353175293314,1.1237280379582022
2024-02-16,high,-0.0,-0.0,1.2254058746315215,1.16146721676669
2024-02-20,high,0.0,0.0,1.2299130893342118,1.2000895724893155
2024-02-21,high,-0.0,-0.0,1.2576296367940292,1.1993914379818114
2024-02-22,high,0.0,0.0,1.270599704653912,1.2022305553098631
2024-02-23,high,-0.0,-0.0,1.2430230413829146,1.2265438179224806
2024-02-26,high,0.0,0.0,1.272070860381405,1.2140371451207739
2024-02-27,high,0.0,0.0,1.3518487718335384,1.2099927255727898
2024-02-28,high,-0.0,-0.0,1.3996922480081375,1.2545828645107848
2024-02-29,high,0.0,0.0,1.3364233819781486,1.3150032310884865
2024-03-01,high,0.0,0.0,1.282498577165312,1.329629640574087
2024-03-04,high,0.0,0.0,1.2619233831580048,1.2911604217673311
2024-03-05,high,0.11498059907056703,0.12868108292557956,1.4590508144621739,1.2523572114944457
2024-03-06,high,-0.00045,-0.00045,1.6190058026794767,1.2810719899787346
2024-03-07,high,-0.02074119038553977,-0.025844626487113574,1.8481376725946772,1.4360450571883905
2024-03-08,high,-0.05869155692196563,-0.06323357682726116,1.8452007321424777,1.6240638130065985
2024-03-11,high,0.06279011132257448,0.05420205268494774,1.8562665344294587,1.7028685291453594
2024-03-12,high,-0.08938888655491956,-0.08876714264819903,1.7810815859793556,1.7113003848037807
2024-03-13,high,-0.0679967012817325,-0.06998216673498492,1.8048226332087338,1.7162427673085594
2024-03-14,high,0.008744824779691095,0.011449377742725773,1.8116866520078656,1.6945146417233905
2024-03-15,high,-0.11449633571860718,-0.10940680449990256,1.8477662866620352,1.6654241103401062
2024-03-18,high,0.10918896977789647,0.11157064075739775,1.783809293076772,1.6947090543356258
2024-03-19,high,-0.10023200029591364,-0.08568844701887665,1.8813483980017949,1.7070354289007146
2024-03-20,high,0.0826477905214883,0.07642595960865103,1.7917674175615657,1.7275752283944037
2024-03-21,high,-0.0931950095168429,-0.09704832358888149,1.6562391125469988,1.7642747535444052
2024-03-22,high,0.0061314448245076356,0.003817670613887672,1.5896846731218917,1.6781640220881315
2024-03-25,high,-0.06321413884307614,-0.06602706814589798,1.6040875206924667,1.5750578000499322
2024-03-26,high,-0.010617363136649504,-0.010662170025264827,1.667769209405012,1.5597655754678714
2024-03-27,high,-0.035246119664608916,-0.03438019757796139,1.6796438255096773,1.5658318028028748
2024-03-28,high,0.1429451113469945,0.14213833969194312,1.6763370271408526,1.6328861933336387
2024-04-01,high,0.01542214132716271,0.015092429612659233,1.6529632134918346,1.6753311986638537
2024-04-02,high,-0.06618902640848559,-0.06746951538745591,1.6637786589405656,1.6847537813498572
2024-04-03,high,-0.004154913548810984,-0.003655439641620184,1.6089196662895613,1.6701534904957132
2024-04-04,high,0.05568664013766163,0.057272026428021414,1.6046958522396566,1.6460739307599674
2024-04-05,high,0.09373482843987936,0.09344034500481799,1.5795378486491471,1.6095953958925135
2024-04-08,high,-0.00045,-0.00045,1.619556677208151,1.5977765274975204
2024-04-09,high,0.0,0.0,1.576513131714807,1.5960024129798003
2024-04-10,high,0.0,0.0,1.5670570089304727,1.6013959139260598
2024-04-11,high,0.0,0.0,1.5682453095918,1.5843224875676742
2024-04-12,high,0.0,0.0,1.5612203622964254,1.5765901692271564
2024-04-15,high,-0.0,-0.0,1.535779170624078,1.577634524170444
2024-04-16,high,-0.0,-0.0,1.5475676345688276,1.5518694297708957
2024-04-17,high,0.0,0.0,1.546585860256597,1.5468682138137249
2024-04-18,high,-0.0,-0.0,1.5469242024104168,1.5484292197705876
2024-04-19,high,-0.0,-0.0,1.5215383449868918,1.542591110989141
2024-04-22,high,0.0,0.0,1.5355273325239822,1.536359360126718
2024-04-23,high,0.0,0.0,1.5520783777521951,1.5308717170103545
2024-04-24,high,-0.0,-0.0,1.5210589048992558,1.539812341102732
2024-04-25,high,-0.0,-0.0,1.5194964033753264,1.5396029812272642
2024-04-26,high,0.0,0.0,1.5808177175112732,1.5185032355471055
2024-04-29,high,0.0,0.0,1.6007779590669144,1.537554795851819
2024-04-30,high,-0.0,-0.0,1.596502105896571,1.5739421757594028
2024-05-01,high,0.0,0.0,1.5544758919912487,1.5789522359028427
2024-05-02,high,0.0,0.0,1.4220552099467643,1.5724323162430878
2024-05-03,high,-0.0,-0.0,1.3602959892462514,1.5134177584216713
2024-05-06,high,0.0,0.0,1.3483773021383234,1.4049701749302599
2024-05-07,high,0.0,0.0,1.3283205745642028,1.3589132505707215
2024-05-08,high,0.0,0.0,1.3611521931745671,1.3460360233169808
2024-05-09,high,-0.0,-0.0,1.3683142822924215,1.3512729893910338
2024-05-10,high,-0.0,-0.0,1.326784394216125,1.4022169624929706
2024-05-13,high,0.0,0.0,1.3296897835042447,1.4079184569998329
2024-05-14,high,0.0,0.0,1.3786286144103037,1.3847114409248489
2024-05-15,high,0.0,0.0,1.3078312349791068,1.4009821854799667
2024-05-16,high,-0.0,-0.0,1.4500103618143554,1.3998520094269271
2024-05-17,high,0.0,0.0,1.5495116021818474,1.3912461995673855
2024-05-20,high,0.01706057659730042,0.008442838034302893,1.6410313785176045,1.5095952028445452
2024-05-21,high,0.011882724826886886,0.012345079670547786,1.617692822676252,1.5925077008771522
2024-05-22,high,-0.016525942135361883,-0.018462571936737903,1.4945974284678094,1.6285247843821966
2024-05-23,high,0.036803594114359586,0.03488946503680163,1.4888666632748773,1.5997922330159438
2024-05-24,high,-0.07792765306209451,-0.07806912112462605,1.5077289177761084,1.4916195559596042
2024-05-28,high,0.0003364332304209329,0.0007098852143244527,1.5787189159596118,1.4673960715095102
2024-05-29,high,0.017275406943616907,0.018315919143790993,1.5728671025747896,1.4739107247364844
2024-05-30,high,0.06736813915735619,0.06569120293078554,1.6631958509930478,1.5191821535049725
2024-05-31,high,-0.010323907327754737,-0.009371354408502026,1.6463835087299805,1.5718380605104614
2024-06-03,high,-0.03453208005344247,-0.03587971546136523,1.694725770348969,1.625473378339289
2024-06-04,high,0.036218820008889215,0.03476653084408043,1.6859563563842102,1.629277216334308
2024-06-05,high,-0.00045,-0.00045,1.7263783958813417,1.6430293353391088
2024-06-06,high,-0.0,-0.0,1.737233214425804,1.6559355180614763
2024-06-07,high,-0.0,-0.0,1.7147472134094874,1.665953595377465
2024-06-10,high,-0.0,-0.0,1.7175365736608146,1.675818357646573
2024-06-11,high,0.0,0.0,1.7420854175924043,1.6564996044408553
2024-06-12,mid,0.0,0.0,1.7155215157239359,1.6715908454584538
2024-06-13,mid,-0.0,-0.0,1.725949654917717,1.6273207598517005
2024-06-14,mid,0.0,0.0,1.7714034014346494,1.6169928508228935
2024-06-17,mid,-0.0,-0.0,1.8176063421640054,1.647017262890422
2024-06-18,mid,0.0,0.0,1.8207929104917098,1.692479529680892
2024-06-20,mid,0.0,0.0,1.75951887716017,1.7206546178786506
2024-06-21,mid,0.0,0.0,1.7629949911310248,1.7169969693071871
2024-06-24,mid,0.0,0.0,1.7492631389531852,1.683330076243608
2024-06-25,mid,0.0,0.0,1.7111686134455384,1.6742031395943593
2024-06-26,mid,-0.0032829359325448277,-0.0015109642313396255,1.7573457989571435,1.6470980414068064
2024-06-27,mid,-0.0234684184683934,-0.025026878670361772,1.758996614965663,1.639564785869758
2024-06-28,mid,0.06335876419352074,0.06181617006659014,1.6118531617871183,1.6858267449594784
2024-07-01,mid,0.07935561714944596,0.0775281703424927,1.6915403842659733,1.6480022151978133
2024-07-02,mid,0.013156387379913273,0.012745140297375047,1.5548151092650055,1.5862231260178754
2024-07-03,mid,-0.03435306430505452,-0.03437621903710268,1.6070953850789336,1.607869612923757
2024-07-05,mid,-0.00045,-0.00045,1.5707508468023599,1.529024523422491
2024-07-08,mid,0.0,0.0,1.444766234747681,1.5501320195849777
2024-07-09,mid,-0.0,-0.0,1.4461642479715746,1.5306378849017974
2024-07-10,mid,0.0,0.0,1.4476669313980854,1.4344193067928086
2024-07-11,mid,0.0,0.0,1.4253496325085946,1.4675201179857138
2024-07-12,mid,0.0,0.0,1.4164849406339537,1.4463499182207191
2024-07-15,mid,-0.0,-0.0,1.466478723562923,1.4367588836959317
2024-07-16,mid,0.0,0.0,1.2901021539322897,1.4725768928873344
2024-07-17,mid,-0.0,-0.0,1.2812525659816516,1.4504017855045837
2024-07-18,mid,-0.0,-0.0,1.245559047400951,1.3353141157227093
2024-07-19,mid,0.0,0.0,1.2320196668439263,1.3183203504576044
2024-07-22,mid,-0.0,-0.0,1.3381599692064212,1.288516354535443
2024-07-23,mid,-0.0,-0.0,1.3386093738248448,1.2892820489578571
2024-07-24,mid,-0.0,-0.0,1.327308212124722,1.3900928294898725
2024-07-25,mid,-0.0,-0.0,1.3109900852617447,1.3831161720943195
2024-07-26,mid,0.0,0.0,1.3007944944017258,1.3729132363309102
2024-07-29,mid,-0.0,-0.0,1.3382252188030859,1.3551345232796848
2024-07-30,mid,-0.0,-0.0,1.3696953477230986,1.3277223099352897
2024-07-31,mid,0.0,0.0,1.3811486421631487,1.3514971226019246
2024-08-01,mid,-0.0,-0.0,1.3347219678584499,1.3728875957623456
2024-08-02,mid,0.0,0.0,1.3276268475888626,1.3664918029597584
2024-08-05,mid,0.0,0.0,1.2655609885855286,1.3344869163381041
2024-08-06,mid,0.0,-0.0,1.1412766634421276,1.3027695484278328
2024-08-07,high,-0.0,-0.0,1.13679982065199,1.2232868084256205
2024-08-08,high,-0.0,-0.0,1.1546996202399995,1.1843489064698502
2024-08-09,high,0.0,0.0,1.0655068498669436,1.1939100892331724
2024-08-12,high,-0.0,0.0,1.059930442420784,1.178851039091535
2024-08-13,high,0.0,0.0,1.045690723855087,1.1331657529618007
2024-08-14,mid,-0.0,-0.0,1.0507081377140222,1.1542075514002668
2024-08-15,high,0.0,0.0,1.0528269372160644,1.1056643214374904
2024-08-16,high,-0.0,-0.0,1.0432955025359876,1.1415816916018788
2024-08-19,mid,0.0,0.0,1.03729127606909,1.1598279039965336
2024-08-20,mid,-0.0,-0.0,1.0417370669017443,1.1110477826544576
2024-08-21,mid,0.0,0.0,1.0300249887902027,1.1074034143107372
2024-08-22,mid,-0.0,-0.0,1.0170364429775112,1.100915848202263
2024-08-23,high,0.0,0.0,1.0230843025905978,1.0851327152306804
2024-08-26,mid,-0.0,0.0,1.0681517114590988,1.1166026832923386
2024-08-27,mid,0.0,0.0,1.044052750429208,1.0885614083519766
2024-08-28,mid,-0.0,-0.0,1.0698297400739474,1.1023562256086743
2024-08-29,mid,-0.0,-0.0,1.0713050409252267,1.0908515901468596
2024-08-30,mid,0.0,0.0,1.077987219531965,1.1044743255396077
2024-09-03,mid,-0.0,-0.0,1.119064572682645,1.0994032609031523
2024-09-04,mid,0.0,0.0,1.138665064665924,1.0987012328685763
2024-09-05,mid,-0.0,-0.0,1.1455091637833408,1.1348713893393778
2024-09-06,mid,0.0,0.0,1.1489524615168385,1.142235930592399
2024-09-09,mid,0.0,0.0,1.1522949565044034,1.146766508708356
2024-09-10,mid,0.0,0.0,1.171827106264463,1.1496274761405814
2024-09-11,mid,0.0,0.0,1.1483250586032667,1.148486466021857
2024-09-12,mid,-0.0,-0.0,1.1450191670875751,1.1508806330341366
2024-09-13,mid,0.0,0.0,1.1386692668509772,1.135416000404373
2024-09-16,low,-0.0,-0.0,1.163210559561816,1.1321319333334303
2024-09-17,mid,-0.0,-0.0,1.0937779745566603,1.1172180468054644
2024-09-18,mid,-0.0,-0.0,1.0550236440672163,1.1283698024881939
2024-09-19,mid,0.06801030719274369,0.06727280180078496,1.046665881584779,1.081890369682756
2024-09-20,mid,-0.003461649347599287,-0.003411001492483202,1.0695677477405143,1.0569437770999905
2024-09-23,mid,0.03352189962479002,0.033553046816146515,1.0740951986576326,1.059709706444626
2024-09-24,mid,-0.00045,-0.00045,1.044234683739865,1.0688560597409629
2024-09-25,low,0.0,0.0,1.0418540208960296,1.0810981045710752
2024-09-26,mid,0.0,0.0,1.0343668309629317,1.0542336376573485
2024-09-27,low,0.0,0.0,1.0770072658477143,1.0702629188084953
2024-09-30,low,0.0017449822828063252,0.003394920717701629,1.0972325905278448,1.0531272230929976
2024-10-01,low,-0.009117812696720816,-0.0075835953540818735,1.122306784629049,1.0833252312713606
2024-10-02,low,-0.016069690435158462,-0.015711229425559338,1.216522880612456,1.109738963284681
2024-10-03,low,0.010011519740222102,0.009876336396083185,1.2166573220514096,1.1519224876761098
2024-10-04,low,-0.05469574307647685,-0.05405983491456576,1.1830992043475954,1.2126368248506219
2024-10-07,low,-0.05031533820523929,-0.05102097706170275,1.452497491132387,1.1936235529782413
2024-10-08,low,-0.03528799871503176,-0.0349319861385701,1.4590966566742711,1.2474552762950188
2024-10-09,low,-0.01920111641219569,-0.018174830251318295,1.4559636713318227,1.414821320432035
2024-10-10,low,0.022105546049171004,0.02237634486546703,1.4533785180554752,1.4000447142265342
2024-10-11,low,-0.1070034181461541,-0.10898699151747256,1.4588640480067232,1.403782755926696
2024-10-14,high,0.1436263817146469,0.13318110294890867,1.59986728238489,1.4187370399218375
2024-10-15,high,0.05696325903271875,0.05834260900159878,1.358645959562291,1.450205910404128
2024-10-16,high,0.012519776933218476,0.01368268789920899,1.3355879674231048,1.4719797844123867
2024-10-17,high,-0.00045,-0.00045,1.3299629847599348,1.3220660157687305
2024-10-18,high,0.0,0.0,1.3272236563425783,1.3106173619108352
2024-10-21,high,0.0,0.0,1.3390038317084576,1.3080704882796783
2024-10-22,high,0.0,0.0,1.2560772507925482,1.275152450410214
2024-10-23,high,-0.0,-0.0,1.2519551955903323,1.3259800751843036
2024-10-24,high,0.0,0.0,1.2919899154194037,1.281889714769488
2024-10-25,high,0.0,0.0,1.3210996603314606,1.2936218143778637
2024-10-28,high,0.0,0.0,1.3104737167766705,1.3284062830626515
2024-10-29,high,-0.0,-0.0,1.3313537329967517,1.3412172391962327
2024-10-30,high,-0.0,-0.0,1.1973833470262176,1.3639801296846257
2024-10-31,high,0.0,0.0,1.217964938297222,1.3401377808776667
2024-11-01,high,-0.0,-0.0,1.179071363731191,1.2530052052163299
2024-11-04,high,-0.0,0.0,1.2021031686967592,1.2464058758228074
2024-11-05,high,-0.0,-0.0,1.1874818703866858,1.2283705781428231
2024-11-06,high,0.0,0.0,1.171397206199011,1.2288592730352539
2024-11-07,high,0.0,0.0,1.212410965751699,1.2473475064479294
2024-11-08,high,-0.0,-0.0,1.2114406863679523,1.2392122256521683
2024-11-11,high,0.0,0.0,1.185625980480906,1.2700649831414637
2024-11-12,high,0.0,0.0,1.3477281512819965,1.2467618273557937
2024-11-13,high,-0.0,-0.0,1.3737477804528613,1.2792118334382065
2024-11-14,high,0.0,0.0,1.3287233459272048,1.3904612558570046
2024-11-15,high,-0.0,-0.0,1.285232142752336,1.3823434906635594
2024-11-18,high,0.0,0.0,1.2654693522929874,1.3420881022770403
2024-11-19,high,0.0,0.0,1.2319847469515584,1.3155162519792287
2024-11-20,high,0.0,0.0,1.2481950983380423,1.250228051994901
2024-11-21,high,0.21659290403616638,0.21529268018074366,1.2567418064659543,1.2272926933531654
2024-11-22,high,-0.05643859336181231,-0.05565959464803595,1.0955764723616197,1.2512454066445249
2024-11-25,high,-0.00045,-0.00045,1.0918307129253664,1.2212551042666568
2024-11-26,high,-0.0,-0.0,1.068013312250409,1.1245064545292651
2024-11-27,high,0.0,0.0,1.115182732278273,1.1212632903705047
2024-11-29,high,-0.0,-0.0,1.140167407835105,1.1144377322878674
2024-12-02,high,0.0,0.0,1.134336621857057,1.146804897493497
2024-12-03,high,-0.0,-0.0,1.1315379514583805,1.2033202649377384
2024-12-04,high,0.0,0.0,1.1436199337074857,1.1986085479342297
2024-12-05,high,-0.0,-0.0,1.1646763298014866,1.205594162403888
2024-12-06,high,-0.0,-0.0,1.1866253114641732,1.2053661734410774
2024-12-09,high,-0.0,-0.0,1.166959453013042,1.2167649814529924
2024-12-10,high,0.0,0.0,1.1538637078455198,1.225304184599807
2024-12-11,high,0.0,0.0,1.2471907797263904,1.2095937736004396
2024-12-12,high,-0.0,-0.0,1.2686548455661402,1.2218331847133186
2024-12-13,high,0.0,0.0,1.2836839759256262,1.2764964914915131
2024-12-16,high,-0.0,-0.0,1.2829627316891357,1.2866467341218188
2024-12-17,high,-0.0,-0.0,1.2386922584140734,1.3007440022284311
2024-12-18,high,-0.0,-0.0,1.2648848304799207,1.2908365355941251
2024-12-19,high,-0.0,-0.0,1.2925344048859029,1.246322283994448
2024-12-20,high,0.0,0.0,1.308938120151075,1.2650797815193469
2024-12-23,high,-0.0,-0.0,1.2778524623805614,1.283595045479134
2024-12-24,high,0.0,0.0,1.320968834523273,1.2875500884156237
2024-12-26,high,-0.0,-0.0,1.316813708545886,1.2954932234071808
2024-12-27,high,-0.0,-0.0,1.3437269185612482,1.3163483032982044
2024-12-30,high,-0.0,-0.0,1.3403121544417314,1.3168094549591676
2024-12-31,high,-0.0,-0.0,1.380516491351866,1.3305549683022022
2025-01-02,high,-0.0,-0.0,1.3667449626871035,1.3513642749746249
2025-01-03,high,0.0,0.0,1.3641172896816718,1.3633158973333876
2025-01-06,high,0.0,0.0,1.3718372603674585,1.35788093812456
2025-01-07,high,-0.0,-0.0,1.396749560768599,1.3536075696412828
2025-01-08,high,-0.0,-0.0,1.4293440133250686,1.368875499489452
2025-01-10,high,-0.0,-0.0,1.430060931924777,1.3855626632955702
2025-01-13,high,0.0,0.0,1.2958370866501967,1.4123902534697257
2025-01-14,high,0.0,0.0,1.3136702226220316,1.3768132059768272
2025-01-15,high,-0.0,0.0,1.4164855457601198,1.298084799698898
2025-01-16,high,0.0,0.0,1.4687312549697855,1.3326534475888916
2025-01-17,high,0.0,0.0,1.4898092516103933,1.404144748215982
2025-01-21,high,-0.0,-0.0,1.5401285525926982,1.4453424130989023
2025-01-22,high,0.0,0.0,1.4837524822023898,1.512970416601679
2025-01-23,mid,-0.0,-0.0,1.4360963714849242,1.5257495727334127
2025-01-24,mid,-0.0,-0.0,1.7135664806636386,1.42153999104865
2025-01-27,mid,0.0,0.0,1.695946724385622,1.4652911065585494
2025-01-28,mid,-0.0,-0.0,1.7933150384535235,1.6336823438742325
2025-01-29,mid,-0.0,-0.0,1.7514636743592595,1.6473726983455503
2025-01-30,mid,-0.0,-0.0,1.6966907254484405,1.7193725678022442
2025-01-31,mid,0.0,0.0,1.704182248218457,1.6964642972484454
2025-02-03,mid,0.0,0.0,1.6904402818065043,1.593506200995694
2025-02-04,mid,0.0,0.0,1.667409918621998,1.6049984657280956
2025-02-05,mid,-0.0,-0.0,1.5506792124929216,1.568221704190184
2025-02-06,mid,-0.0,-0.0,1.5466718980174619,1.5350274478280996
2025-02-07,mid,0.0,0.0,1.5819646049278433,1.479210337005917
2025-02-10,mid,0.0,0.0,1.551389326653882,1.4874692997675716
2025-02-11,mid,-0.0,-0.0,1.567936504212512,1.5065711744350332
2025-02-12,mid,-0.0,-0.0,1.5417048391084542,1.5013664037738605
2025-02-13,mid,0.0,0.0,1.5235067362674979,1.5379476103299505
2025-02-14,mid,0.0,0.0,1.5025127062935075,1.518482141070544
2025-02-18,low,0.0,0.0,1.6429394996961342,1.4919933566115324
2025-02-19,mid,-0.0,-0.0,1.634213908584547,1.5115998559292818
2025-02-20,mid,-0.0,-0.0,1.588941900116031,1.6109328356235337
2025-02-21,low,-0.0,-0.0,1.5476354994346568,1.6009694036723867
2025-02-24,low,0.0,0.0,1.574799110369113,1.5500314639311497
2025-02-25,low,-0.0,-0.0,1.4770788299693192,1.5362525918108936
2025-02-26,mid,0.0,0.0,1.5258127865155142,1.4844856533078143
2025-02-27,mid,-0.0,-0.0,1.265518530044874,1.4530143425756679
2025-02-28,mid,0.0,0.0,1.2333241018007364,1.4178741581780503
2025-03-03,mid,-0.0,-0.0,1.1914760998894813,1.2540979448547704
2025-03-04,mid,0.0,0.0,1.1765741736839352,1.2094532979501904
2025-03-05,mid,0.0,0.0,1.2480550794888878,1.20106888186571
2025-03-06,mid,-0.0,-0.0,1.3007596988218424,1.1939744130516587
2025-03-07,mid,-0.0,-0.0,1.1774537942020955,1.3229983717467007
2025-03-10,mid,-0.0,-0.0,1.1065993061003525,1.324653533246992
2025-03-11,mid,0.0,0.0,1.2982610951786844,1.2336601149269646
2025-03-12,mid,-0.0,-0.0,1.3315904407929935,1.2444745521020584
2025-03-13,mid,0.0,0.0,1.329039367003682,1.3493863790425706
2025-03-14,mid,0.0,0.0,1.2791708727133295,1.3512074658702664
2025-03-17,mid,0.01212887125855202,0.012107599616669924,1.3825796961382295,1.3658217569626343
2025-03-18,mid,0.015327723458668573,0.01534770698395762,1.3829827360227338,1.381744787229844
2025-03-19,mid,-0.006056498917403688,-0.004923875079619833,1.3648642725556628,1.3875178362064207
2025-03-20,mid,-0.0362370221793982,-0.03523117139485468,1.4008006587227801,1.3682880513875246
2025-03-21,mid,-0.008411884800628811,-0.008398647077854055,1.3734366149351764,1.3644478782794802
2025-03-24,mid,-0.047665024635050644,-0.04721144639084398,1.3784080559389547,1.3894392497582004
2025-03-25,mid,-0.018594500927050207,-0.01855722543659745,1.4611433753767495,1.3412810980934364
2025-03-26,mid,0.02696045890995525,0.02764403772196329,1.4725563436833218,1.3678056864324766
2025-03-27,mid,0.01901212289499895,0.018866985924289658,1.4720928238760558,1.4264314381686416
2025-03-28,mid,0.06020376629572511,0.06215328864011653,1.4873171421706646,1.4271342354818808
2025-03-31,mid,-0.02927205913740634,-0.026925225114289825,1.5527172016868471,1.4429959584530667
2025-04-01,mid,-0.012437703852323533,-0.01474082546486847,1.548002684620632,1.4754448671560736
2025-04-02,mid,-0.0705323119295937,-0.06847214519749345,1.56237638891929,1.4969896743055608
2025-04-03,high,0.10847154610188231,0.10804255260321355,1.5574288540918608,1.5000883125512674
2025-04-04,high,-0.00045,-0.00045,1.5168404157911661,1.5312996735892432
2025-04-07,high,-0.0,-0.0,1.5280112682146214,1.5160676228004224
2025-04-08,high,-0.0,-0.0,1.5372504726416427,1.4791173458660363
2025-04-09,high,0.0,0.0,1.5852779251439713,1.4930770623736438
2025-04-10,high,-0.0,-0.0,1.7926058486875949,1.5121994715712066
2025-04-11,high,0.0,0.0,1.8237666575692086,1.6110982297979788
2025-04-14,high,0.0,0.0,1.834298274425966,1.7699265397061763
2025-04-15,high,0.0,0.0,1.8325395630657844,1.7902614489787767
2025-04-16,high,-0.0,-0.0,1.8379241908527757,1.7924046252173478
2025-04-17,high,-0.0,-0.0,1.8580264432264424,1.7931306491143821
2025-04-21,high,-0.0,-0.0,1.8658533610423285,1.7596898877118357
2025-04-22,high,-0.0,-0.0,1.805172707942543,1.7732004149774327
2025-04-23,high,0.0,0.0,1.7631847114550276,1.7631741807109194
2025-04-24,high,0.0,0.0,1.7203663019104989,1.7175650808430734
2025-04-25,mid,0.0,0.0,1.8635796031286018,1.6804330738529263
2025-04-28,mid,-0.0,-0.0,1.868770903041356,1.6719562204421037
2025-04-29,mid,0.0,0.0,1.8790863859942801,1.7675041325040795
2025-04-30,mid,-0.0,-0.0,1.8923285122720341,1.7964813714164691
2025-05-01,mid,-0.0,-0.0,1.878332056456658,1.822458208855109
2025-05-02,mid,0.0,0.0,1.8218552109378494,1.828504026537359
2025-05-05,mid,0.0,0.0,1.821664287798467,1.7823121251657281
2025-05-06,mid,-0.0,-0.0,1.8168619034587272,1.7484496199228539
2025-05-07,mid,0.0,0.0,1.7964052028933646,1.7469453475295134
2025-05-08,mid,-0.0,-0.0,1.8170253138693218,1.7361507512924028
2025-05-09,mid,0.0,0.0,1.715819453765441,1.7346414173092457
2025-05-12,mid,-0.0,-0.0,1.7723158542850757,1.7344020885241775
2025-05-13,mid,0.0,0.0,1.7210253668709645,1.6868260910199158
2025-05-14,mid,-0.0,-0.0,1.7232325110252442,1.7087539545660169
2025-05-15,mid,-0.0,-0.0,1.716943313003059,1.682068182497229
2025-05-16,mid,0.0,0.0,1.739496234991016,1.675146203021721
2025-05-19,mid,-0.0,-0.0,1.7915805515262675,1.7052085923534934
2025-05-20,low,-0.0,-0.0,1.7933238419316728,1.718123454698334
2025-05-21,mid,-0.0,-0.0,1.7530543352164616,1.7497849412422404
2025-05-22,mid,-0.03944095408967596,-0.04040953837347173,1.7024410253799864,1.7556849590014312
2025-05-23,mid,-0.008998921994755021,-0.007541056939184498,1.6800644013890917,1.7171879116912514
2025-05-27,mid,-0.01952813749204353,-0.01929168184091242,1.685085219157927,1.6702222266499718
2025-05-28,mid,-0.003661209961913995,-0.0034105722344751795,1.6178816652250247,1.6407935855724678
2025-05-29,mid,0.05057992469468902,0.05000982269839214,1.649761950619532,1.6213165340950404
2025-05-30,low,0.020528518159224282,0.02059311962966717,1.5921326921248469,1.5962859691518805
2025-06-02,low,-0.021532349533342952,-0.020163347941956733,1.669650724122449,1.5940388484726362
2025-06-03,low,0.04779161121493687,0.04744505384870315,1.6666284392481445,1.584915927954519
2025-06-04,low,-0.013141609672059964,-0.013249634824474013,1.6466383916786906,1.6303791303552553
2025-06-05,low,0.025566497834472166,0.024783383113876296,1.6655275798689675,1.6395401443259008
2025-06-06,low,-0.00045,-0.00045,1.5401652148018488,1.621797357721295
2025-06-09,low,-0.0,-0.0,1.0586112219031643,1.6102202414913391
2025-06-10,low,-0.0,-0.0,0.9345044658014943,1.3669565327903248
2025-06-11,low,0.0,0.0,0.8209108502298098,1.0130700097097016
2025-06-12,low,0.0,0.0,0.8114445949365704,0.8930773801992444
2025-06-13,low,0.0,0.0,0.8142582813813877,0.8202646202963774
2025-06-16,low,-0.0,-0.0,0.8127250129314835,0.8267388615613194
2025-06-17,low,-0.0,0.0,0.8106526447139526,0.9649462560890342
2025-06-18,low,-0.0,-0.0,0.8432442061670428,0.984377108891772
2025-06-20,low,0.0,0.0,0.7577828721492911,1.011003898125667
2025-06-23,low,-0.0,-0.0,0.7436788492820396,0.9880576630020439
2025-06-24,low,0.0,0.0,0.7184760376189706,0.9090254756284685
2025-06-25,low,0.0,0.0,0.7060040748377785,0.8752766986685688
2025-06-26,low,-0.0,-0.0,0.7184665971287073,0.8388203404476813
2025-06-27,low,-0.0,-0.0,0.7437935736986663,0.8114565944733968
2025-06-30,low,0.0,0.0,0.7442677498583625,0.8382607014523156
2025-07-01,low,-0.0,-0.0,0.752104837881668,0.8463887689592159
2025-07-02,low,0.0,0.0,0.8103798979816479,0.8427183448831446
2025-07-03,low,-0.0,-0.0,0.8988892010199971,0.856975785469284
2025-07-07,low,-0.0,-0.0,0.9209102374084173,0.9085309512917107
2025-07-08,low,-0.0,-0.0,0.9286098769395706,0.9555241411929545
2025-07-09,low,0.0,0.0,0.93604677918253,0.9622800759370402
2025-07-10,low,-0.0,-0.0,0.9801137587723071,0.965085192953649
2025-07-11,low,0.0,0.0,0.9103521319801255,0.9666626990021455
2025-07-14,low,0.0,0.0,0.9031358804109848,0.9496274144190953
2025-07-15,low,-0.0,-0.0,0.9229921251441955,0.895558164761631
2025-07-16,low,0.0,0.0,0.921715140734035,0.8960566268425468
2025-07-17,low,-0.0,-0.0,0.9320204791601318,0.9082439167346705
2025-07-18,low,-0.0,-0.0,0.9142229846766238,0.8992694011426089
2025-07-21,low,0.011368907526005964,0.011186307648959353,0.9605912606681026,0.9223655156206855
2025-07-22,low,-0.02264168410071675,-0.019940227399845793,1.053293854396887,0.9291650023412944
2025-07-23,low,-0.02131618993389197,-0.022004247180888628,1.0528244194370382,0.9862651012426749
2025-07-24,low,0.008607405396415411,0.00888138830406651,0.9682750565369096,1.0523580384157956
2025-07-25,low,-0.015739388895674476,-0.015416372255417338,0.9739284611347623,1.026153479651975
2025-07-28,low,-0.007536210374472507,-0.007552281266897925,0.9729692974749772,0.9795200755775829
2025-07-29,low,-0.02261442029156674,-0.022615744147377128,1.0388193002895556,0.9717631914103988
2025-07-30,low,0.0017833741576155923,0.0017089008049357437,1.0637096815337352,0.9671621085785709
2025-07-31,low,0.03616475502747773,0.03525037067002233,1.0743431630106857,1.0223683406387645
2025-08-01,low,-0.06577612148029158,-0.06512755638871509,1.0393608922231936,1.070153804883589
2025-08-04,low,0.043981175017841836,0.0451810737796005,1.144237833703502,1.066618885559876
2025-08-05,low,-0.025485951545309037,-0.026685125816196392,1.2264071631090134,1.0780992529363091
2025-08-06,low,0.011202138367050637,0.01218417799732937,1.283857058301419,1.157422192709254
2025-08-07,low,0.017525679850949525,0.022176197236742586,1.4436804616931942,1.2270090483503755
2025-08-08,low,-0.0068928637379677485,-0.008050330845233962,1.4860124140310798,1.3177328693522883
2025-08-11,low,-0.013541623847854841,-0.012536182089391883,1.5137561062821934,1.4563210245178522
2025-08-12,low,-0.033651154854578494,-0.03248446844503035,1.5658595532434145,1.4697609632446114
2025-08-13,low,-0.05187547027152806,-0.050664488165778725,1.5344216712719552,1.488530763479366
2025-08-14,low,0.013609090296508065,0.017292154028177326,1.413156994299551,1.5042966205744346
2025-08-15,low,-0.006614104218158152,-0.006357885398826665,1.3713086862356771,1.4028579094332625
2025-08-18,low,0.0059854314710057425,0.0052829380826110856,1.3737635036014801,1.3018012394172367
2025-08-19,low,-0.032902107795480126,-0.0369091022648474,1.4080840613726109,1.2719237896822941
2025-08-20,low,0.003289106020990782,0.0068783073688495275,1.5543084965492873,1.2737707143508241
2025-08-21,low,0.005557728728348834,0.0023379430321727214,1.5564303345293153,1.3581558226459016
2025-08-22,low,0.0004861698534076239,0.0014055636053178638,1.5238419849682605,1.500641965624603
2025-08-25,low,0.04736635536718413,0.04557096451825657,1.5420213006126213,1.5109334603049855
2025-08-26,low,-0.00045,-0.00045,1.3507909951324641,1.5000942116805331
2025-08-27,low,-0.0,-0.0,1.359229381924861,1.447314576868148
2025-08-28,low,-0.0,-0.0,1.3155003339292595,1.2809595644933265
2025-08-29,low,0.0,0.0,1.2214799718703175,1.2756149423978722
2025-09-02,low,-0.0,-0.0,1.1404357844562225,1.2292143737494934
2025-09-03,low,-0.0,-0.0,1.133128389542823,1.1360031460118047
2025-09-04,low,0.0,0.0,1.1252178072685262,1.135765987919369
2025-09-05,low,0.0,0.0,1.086539371135118,1.1244937719092698
2025-09-08,low,-0.0,-0.0,1.158170796059148,1.1167922810537507
2025-09-09,low,0.0,0.0,1.1135237110832774,1.1370943319805071
2025-09-10,low,-0.0,-0.0,1.0811526417315196,1.1911474049383681
2025-09-11,low,-0.0,-0.0,1.0501983004842528,1.1476618177946403
2025-09-12,low,0.0,0.0,1.0248808247361327,1.113096694494154
2025-09-15,low,-0.0,-0.0,1.034488138382086,1.0915528943039527
2025-09-16,low,0.0,0.0,1.0027171587777874,1.0521919333850114
2025-09-17,low,-0.0,-0.0,1.0210128405706478,1.0581013363059522
2025-09-18,low,0.0,0.0,1.0474903057735778,1.0473049269305994
2025-09-19,low,0.0,0.0,1.0600003088546548,1.0706721828280867
2025-09-22,low,0.0,0.0,1.0590848634031007,1.0935778620290588
2025-09-23,low,-0.0,-0.0,1.046885109206165,1.0929206259165363
2025-09-24,low,-0.0,-0.0,1.0529665043912575,1.091471699846458
2025-09-25,low,-0.0,-0.0,1.0355872954707392,1.0757815472650913
2025-09-26,low,0.0,0.0,1.0940783640671377,1.062535356809614
2025-09-29,low,0.0,0.0,1.1461224255186386,1.0617083246922219
2025-09-30,low,-0.0,-0.0,1.1033613094942512,1.1161874683683466
2025-10-01,low,0.0,0.0,1.062930037163311,1.1414785372305996
2025-10-02,low,0.0,0.0,1.075871214479419,1.0976109681485373
2025-10-03,low,-0.0,-0.0,1.0917175553765368,1.0787232152192208
2025-10-06,low,0.0,0.0,1.0536043724114896,1.0749386951612767
2025-10-07,low,-0.0,-0.0,1.0563998763222413,1.0574109000308902
2025-10-08,low,-0.010905291540142558,-0.00951471333763869,1.133391813104213,1.0446662906774706
2025-10-09,low,-0.01649505800465948,-0.017296569953055223,1.1425651812372917,1.082617613202094
2025-10-10,low,0.03534960443162724,0.03077175068223345,1.200301296157731,1.1346864074933503
2025-10-13,low,0.015125047176885929,0.014042201844006008,1.0962720848456577,1.1558787349045885
2025-10-14,low,-0.02620026131645134,-0.024968051151681353,1.1093150335692037,1.1753052148471705
2025-10-15,low,0.010329580435779893,0.009897186897059384,1.1301638237913936,1.1092210794328747
2025-10-16,low,-0.018461385153354524,-0.017686774495961483,1.0696234606899466,1.1026653125617412
2025-10-17,low,0.03836586133425539,0.03865141441293929,1.0780197997383545,1.0959990556818515
2025-10-20,low,-0.00045,-0.00045,1.0520586573799915,1.0408923001460926
2025-10-21,low,0.0,0.0,0.9879845985574244,1.0696420474608743
2025-10-22,low,-0.0,-0.0,1.0032698880974715,1.0283166919802686
2025-10-23,low,-0.0,-0.0,1.0142688795180421,0.9831076764132971
2025-10-24,low,0.0,0.0,1.0062249601052935,1.0145691000749182
2025-10-27,low,-0.0,-0.0,1.020693644407704,1.016115856308044
2025-10-28,low,-0.0,-0.0,1.0713542892966392,1.0213249087353793
2025-10-29,low,-0.0,-0.0,1.0862635638953462,1.064969421184069
2025-10-30,low,-0.0,-0.0,1.0945204362127474,1.0991954400681057
2025-10-31,low,0.0,0.0,1.139166933892897,1.108561444297743
2025-11-03,low,0.0,0.0,1.1692697726963486,1.1304931887924672
2025-11-04,low,-0.0,-0.0,1.1637528030853994,1.1666728428580235
2025-11-05,low,0.0,0.0,1.1820265397543737,1.1713969397305388
2025-11-06,low,-0.0,-0.0,1.2217177882021022,1.1693816138304456
2025-11-07,low,-0.0,-0.0,1.2672685821204495,1.1923210737068342
2025-11-10,low,-0.0,-0.0,1.2602507021671063,1.2205998571142571
2025-11-11,low,0.002388516706647587,0.0031804153848642843,1.2143902150738048,1.2423778989769756
2025-11-12,low,-0.013601356070694853,-0.013241611999856736,1.1989662547862792,1.2267360587119107
2025-11-13,low,-0.04829843558864143,-0.048602229260631756,1.2023474552350806,1.1866356443351571
2025-11-14,low,0.022056524991158608,0.0198907986433745,1.2078497499110974,1.1671083195807959
2025-11-17,low,0.006590153111101768,0.0066148854383535835,1.1581884770309412,1.1592018295031286
2025-11-18,low,0.047495484597632955,0.04754444915898252,1.156622507061676,1.1513484296437149
2025-11-19,mid,-0.00045,-0.00045,1.1829301149577853,1.132985835489785
2025-11-20,mid,0.0,0.0,1.2260126441026085,1.1707109496860197
2025-11-21,mid,-0.0,-0.0,1.171493376136905,1.2028638592908103
2025-11-24,mid,0.0,0.0,1.1646893744248232,1.215202410826822
2025-11-25,mid,-0.0,-0.0,1.1623930215097498,1.1922481784051908
2025-11-26,mid,-0.0,-0.0,1.1655709809764663,1.1880509007671978
2025-11-28,mid,0.0,0.0,1.124418004819759,1.18017407601573
2025-12-01,mid,0.0,0.0,1.1030287286143332,1.1570146970553106
2025-12-02,mid,-0.0,-0.0,1.0615669672768278,1.1384402872601596
2025-12-03,mid,0.0,0.0,1.061782989514681,1.1120862965906229
2025-12-04,mid,0.0,0.0,1.0503308295997598,1.0835851600604653
2025-12-05,mid,-0.0,-0.0,1.0498373403016295,1.0777580453908815
2025-12-08,mid,0.0,0.0,1.0477982696316146,1.080116937425755
2025-12-09,mid,0.0,0.0,1.1270235644452316,1.0827865098736729
2025-12-10,low,-0.0,-0.0,1.1195744783199182,1.1161844571252895
2025-12-11,low,-0.0,-0.0,1.1109061783026026,1.1436168198294296
2025-12-12,low,-0.0,-0.0,1.1175685496450638,1.138231214575196
2025-12-15,low,-0.0,-0.0,1.1130126647324832,1.1334195645870448
2025-12-16,low,0.0,0.0,1.1637201976039155,1.1358671718577213
2025-12-17,low,-0.0,-0.0,1.2014866815977856,1.124563480400047
2025-12-18,low,-0.0,-0.0,1.2299721410013653,1.1730590683641373
2025-12-19,low,0.0,0.0,1.2261816472400897,1.210419419039623
2025-12-22,low,-0.0,-0.0,1.2441927781551727,1.2265120764103785
2025-12-23,low,-0.0,-0.0,1.2387155539069965,1.231752242255838
2025-12-24,low,0.0,0.0,1.2485437727059656,1.2280449673084388
2025-12-26,low,0.0,0.0,1.248617928058671,1.217233769181215
2025-12-29,low,-0.0,-0.0,1.2534332644997208,1.2165625455684754
2025-12-30,low,-0.0,-0.0,1.232729137150256,1.2209154496506582
2025-12-31,low,-0.0,-0.0,1.1952640016737408,1.2141241908413667
2026-01-02,low,0.0,0.0,1.214216926757819,1.191979751034312
2026-01-05,low,-0.0,-0.0,1.218674688781205,1.1713021378475215
2026-01-06,low,-0.039447863012811606,-0.03948701787308768,1.2112774268239297,1.1873334716141593
2026-01-07,low,0.05502419575239055,0.05513176909715523,1.1842714939433439,1.1884362370264838
2026-01-08,low,0.03523729230552072,0.03540104642456706,1.129633700203037,1.1828572316505157
2026-01-09,low,-0.05114042817172233,-0.05118831640483541,1.1678017755908943,1.1593213681549717
2026-01-12,low,0.022295002683656404,0.022664852498682532,1.178149073312324,1.128911368541308
2026-01-13,low,0.012667353390657943,0.013932413753092426,1.1851563411978678,1.1572148217833715
2026-01-14,low,0.016680543472247837,0.016930706415083787,1.1840874172966764,1.169253649345826
2026-01-15,low,-0.029232144740501387,-0.030140873885982123,1.2463354470265235,1.1824214284414805
2026-01-16,low,0.01673060987295855,0.016715185316786743,1.2743699623574551,1.2178368978275795
2026-01-20,low,0.01730728530129097,0.01739256783611548,1.256699114385588,1.2578283611187007
2026-01-21,low,-0.00045,-0.00045,1.1655741651083649,1.2685661546885476
2026-01-22,low,-0.0,-0.0,1.1964971129688375,1.226172773004545
2026-01-23,low,0.0,0.0,1.1873460888807348,1.1738869844781146
2026-01-26,low,0.0,0.0,1.175564321933205,1.1728374429450117
2026-01-27,low,-0.0,-0.0,1.1639440868400188,1.1540215832006622
2026-01-28,low,-0.0,-0.0,1.1925257609840567,1.147042172250908
2026-01-29,low,-0.0,-0.0,1.1908176503806547,1.174482918018564
2026-01-30,low,0.0,0.0,1.3166522839259307,1.1835427928192077
2026-02-02,low,0.0,0.0,1.3506185756746074,1.224963749942725
2026-02-03,low,0.0,0.0,1.2884792707344113,1.3256019463370319
2026-02-04,low,-0.013524396547286316,-0.015255414889099152,1.2837809943476908,1.3338693199780909
2026-02-05,low,-0.008139276741901569,-0.0100623324345753,1.2692075329316956,1.2828173725594256
2026-02-06,mid,-0.10641867081957676,-0.10124068254404853,1.2353695771228148,1.276711562937813
2026-02-09,mid,-0.03505841142173835,-0.03366119510338856,1.468359640274918,1.2415326346936544
2026-02-10,mid,0.011518141204587148,0.015003894658572995,1.467972950333739,1.2837552735800353
2026-02-11,mid,0.013476846726688571,0.01377102434704925,1.4747022475076053,1.4634715419228845
2026-02-12,mid,0.007352927135824701,0.007450890916943828,1.4786834632226198,1.4701617471851396
2026-02-13,mid,-0.03009171165924554,-0.029395199480168235,1.4662162495083926,1.4837140949912564
2026-02-17,mid,0.009531450201488944,0.009306051484452259,1.4837818262841733,1.4951635988676641
2026-02-18,mid,0.0034836680254778547,0.00440172196174686,1.4829020642504998,1.4249327277588477
2026-02-19,mid,-0.02205588443004268,-0.02241093578289445,1.4839897690287447,1.4396751103341618
2026-02-20,mid,0.011012768738573524,0.010196514565750752,1.4934508886035822,1.4412947292355731
2026-02-23,mid,-0.0182477872264723,-0.016112788534615313,1.4902178491146973,1.447371864021815
2026-02-24,mid,-0.019557125668532523,-0.019402457045451682,1.478725429927344,1.4601037246410022
2026-02-25,mid,0.0009595011099039902,-0.0006378282807909808,1.479026422536613,1.4526463266606486
2026-02-26,mid,0.00562053141516579,0.005792566161614993,1.471841661605263,1.4487519671342777
2026-02-27,mid,-0.00510500999965461,-0.004545322257024115,1.4735499890853416,1.4495336957844398
2026-03-02,mid,0.002189482047656982,0.0005597242729140639,1.4825126975847558,1.4454120266351627
2026-03-03,mid,0.0257665793508651,0.02592414480324909,1.47470576135728,1.4522324558088362
2026-03-04,mid,-0.007846751039974745,-0.009226616158046597,1.4821905550251424,1.4608553674781326
2026-03-05,mid,0.006713734483055497,0.007739538957039299,1.4997856795660365,1.4598880028876906
2026-03-06,low,-0.012603770947885402,-0.0113864922301838,1.5066421181834033,1.4747585318414815
2026-03-09,low,-0.03465954737276943,-0.03487087807873143,1.5197533111279289,1.4655982125953724
2026-03-10,low,0.03745656293342561,0.03638131224665388,1.5223653791205338,1.4741214797642563
2026-03-11,low,0.006921620933626303,0.006850222627393977,1.5050706324485437,1.4871088863599762
2026-03-12,low,-0.00045,-0.00045,1.5008969333554032,1.4820664178961624
2026-03-13,low,0.0,0.0,1.5039859795079378,1.46442093658734
2026-03-16,low,-0.0,-0.0,1.5023883289721158,1.4611245909680952
2026-03-17,low,0.0,0.0,1.4716571924346853,1.459567531014788
2026-03-18,low,-0.0,-0.0,1.4678734512039726,1.4485592175030213
2026-03-19,low,0.0,0.0,1.5037809787857472,1.431932545042967
2026-03-20,mid,-0.0,-0.0,1.5029582902838134,1.4421394226554238
