timestamp,index_price,funding_rate,interest_1h,prev_index_price
2025-11-22 17:00:00,84651.52,-8.40128406611288e-07,0.0,84234.14
2025-11-22 18:00:00,84510.78,-1.7002407312134194e-06,-8.691123971796289e-07,84651.52
2025-11-22 19:00:00,84608.37,-1.232279738953954e-06,-2.3733523119133536e-07,84510.78
2025-11-22 20:00:00,84560.45,-1.925519656828808e-06,-7.594253162207426e-07,84608.37
2025-11-22 21:00:00,84419.26,-1.9833465594855635e-06,-6.30959215564644e-08,84560.45
2025-11-22 22:00:00,84361.74,-2.0787043338598893e-06,-9.444840377008733e-08,84419.26
2025-11-22 23:00:00,85020.73,-4.213448875398196e-06,-2.119449769934897e-06,84361.74
2025-11-23 00:00:00,84686.25,-1.980058810034837e-05,-1.5816125249583016e-05,85020.73
2025-11-23 01:00:00,84912.81,-3.5865404169981496e-05,-1.5973254857746053e-05,84686.25
2025-11-23 02:00:00,85827.83,-3.512250864204894e-05,-1.852782577802197e-07,84912.81
2025-11-23 03:00:00,85957.75,-3.540375729709005e-05,-4.851934782439896e-07,85827.83
2025-11-23 04:00:00,86263.35,-3.470113494140805e-05,-7.768747849456794e-08,85957.75
2025-11-23 05:00:00,86509.79,-3.4580204125060785e-05,0.0,86263.35
2025-11-23 06:00:00,86309.64,-3.4462258468778786e-05,0.0,86509.79
2025-11-23 07:00:00,85829.53,-3.37230567189081e-05,-1.1446972363086471e-06,86309.64
2025-11-23 08:00:00,85744.78,-2.0471262471765545e-05,-2.670348648089239e-06,85829.53
2025-11-23 09:00:00,86100.79,-4.510041074056186e-06,0.0,85744.78
2025-11-23 10:00:00,86364.39,-4.3957768638181076e-06,-2.448805884823028e-08,86100.79
2025-11-23 11:00:00,86031.46,-3.957162733681496e-06,-4.085213716387928e-08,86364.39
2025-11-23 12:00:00,86286.67,-4.2982736665466395e-06,-4.039172429051917e-07,86031.46
2025-11-23 13:00:00,86492.87,-4.5072765385734145e-06,-1.9621604593480588e-07,86286.67
2025-11-23 14:00:00,86889.92,-4.4997444907683534e-06,-2.9021847891961695e-09,86492.87
2025-11-23 15:00:00,86519.91,-3.819215265271066e-06,-4.887961380520566e-07,86889.92
2025-11-23 16:00:00,87051.1,-1.2441910696145965e-06,-9.733085407226713e-08,86519.91
2025-11-23 17:00:00,86652.95,-1.2594913086863624e-06,-1.0246246623055217e-08,87051.1
2025-11-23 18:00:00,86712.47,-1.7649030600306598e-06,-5.278766767817425e-07,86652.95
2025-11-23 19:00:00,86965.91,-2.0618186707877674e-06,-3.471401899313041e-07,86712.47
2025-11-23 20:00:00,87296.7,-3.7362873697870443e-06,-2.089789952590702e-06,86965.91
2025-11-23 21:00:00,87456.09,-4.6808168252290035e-06,-1.1428087715540176e-06,87296.7
2025-11-23 22:00:00,87972.41,-4.699388849909174e-06,0.0,87456.09
2025-11-23 23:00:00,87983.91,-4.201922236953476e-06,-9.48835418872448e-09,87972.41
2025-11-24 00:00:00,86809.03,-4.129863889860104e-06,0.0,87983.91
2025-11-24 01:00:00,86709.09,-4.1007755405564985e-06,0.0,86809.03
2025-11-24 02:00:00,87034.11,-3.5753530091947543e-06,0.0,86709.09
2025-11-24 03:00:00,87482.33,-3.237648120286638e-06,0.0,87034.11
2025-11-24 04:00:00,87422.55,-1.1522242463501135e-06,0.0,87482.33
2025-11-24 05:00:00,86693.51,-3.6254224956563317e-07,-3.5297416369279643e-07,87422.55
2025-11-24 06:00:00,87426.71,-3.991126605065294e-07,-3.392952029660062e-08,86693.51
2025-11-24 07:00:00,86876.09,-1.8556656124779285e-06,-1.4567062913682565e-06,87426.71
2025-11-24 08:00:00,87007.37,-5.233321136892042e-06,-3.405063259885619e-06,86876.09
2025-11-24 09:00:00,86922.02,-5.869069365319947e-06,-6.439808610172008e-07,87007.37
2025-11-24 10:00:00,85900.24,-5.891068961038416e-06,0.0,86922.02
2025-11-24 11:00:00,86010.22,-5.921407582639954e-06,0.0,85900.24
2025-11-24 12:00:00,86225.74,-5.947889177698937e-06,-3.0034732800942514e-08,86010.22
2025-11-24 13:00:00,85960.73,-5.5491700082177914e-06,-9.07561760685396e-10,86225.74
2025-11-24 14:00:00,86104.0,-5.56804032300643e-06,-6.052134290113159e-09,85960.73
2025-11-24 15:00:00,86052.64,-4.3285141655755095e-06,-2.4091336773235304e-07,86104.0
2025-11-24 16:00:00,86567.67,-9.248463487271979e-07,0.0,86052.64
2025-11-24 17:00:00,87151.47,-4.69241148699667e-07,-1.878821129771858e-07,86567.67
2025-11-24 18:00:00,88339.45,-5.059588137181624e-07,-4.28488365894515e-08,87151.47
2025-11-24 19:00:00,88693.11,-7.354975341688008e-07,-2.3508949135548028e-07,88339.45
2025-11-24 20:00:00,88308.93,-2.1115381210052894e-06,-1.4444922023480193e-06,88693.11
2025-11-24 21:00:00,89100.83,-9.732701389575503e-06,-7.836948000224785e-06,88308.93
2025-11-24 22:00:00,88755.95,-2.6782683051827412e-05,-1.763288959363318e-05,89100.83
2025-11-24 23:00:00,88617.17,-2.9522703785768338e-05,-3.0909081771005613e-06,88755.95
2025-11-25 00:00:00,88270.57,-3.0065804026131275e-05,-3.7507984634838896e-07,88617.17
2025-11-25 01:00:00,88079.35,-3.0079414350375735e-05,0.0,88270.57
2025-11-25 02:00:00,87719.04,-3.0446000249644072e-05,0.0,88079.35
2025-11-25 03:00:00,87887.11,-3.0331857749681183e-05,0.0,87719.04
2025-11-25 04:00:00,87784.04,-2.8762238036346405e-05,0.0,87887.11
2025-11-25 05:00:00,88319.03,-2.111716201274448e-05,-4.1644182528193684e-09,87784.04
2025-11-25 06:00:00,88095.47,-8.4002936744827e-06,-4.9052411796806524e-06,88319.03
2025-11-25 07:00:00,87986.95,-9.193909751762425e-06,-3.869908543060338e-06,88095.47
2025-11-25 08:00:00,87380.43,-1.1609391385251104e-05,-2.815976628808811e-06,87986.95
2025-11-25 09:00:00,86996.71,-1.1584242031160746e-05,0.0,87380.43
2025-11-25 10:00:00,87219.74,-5.294933528306199e-06,6.1922863363002795e-06,86996.71
2025-11-25 11:00:00,87397.49,-5.300804233705847e-06,0.0,87219.74
2025-11-25 12:00:00,87344.56,-5.294814473294294e-06,0.0,87397.49
2025-11-25 13:00:00,87496.01,-5.316484278581956e-06,9.771656331875121e-09,87344.56
2025-11-25 14:00:00,87049.32,-4.0900052173267535e-07,0.0,87496.01
2025-11-25 15:00:00,86715.67,5.892685610358018e-06,2.409531378055953e-06,87049.32
2025-11-25 16:00:00,86950.29,8.815553521342884e-06,1.662082668225744e-07,86715.67
2025-11-25 17:00:00,87078.52,9.357966603965536e-06,5.770723595177248e-07,86950.29
2025-11-25 18:00:00,87588.63,4.329348332334729e-06,1.1574298898967286e-06,87078.52
2025-11-25 19:00:00,87197.17,4.4604547606900575e-06,1.2255084274454213e-07,87588.63
2025-11-25 20:00:00,86844.54,4.504971797547958e-06,4.7138715511660484e-08,87197.17
2025-11-25 21:00:00,87367.58,4.526130023193194e-06,2.5183941590796514e-08,86844.54
2025-11-25 22:00:00,87002.91,4.505248898326065e-06,0.0,87367.58
2025-11-25 23:00:00,87609.43,3.0048284039775097e-06,9.201815052673927e-07,87002.91
2025-11-26 00:00:00,87331.68,2.8619565405602888e-06,1.5774848522646088e-08,87609.43
2025-11-26 01:00:00,87543.64,2.4607975348678085e-06,1.7304534896262702e-07,87331.68
2025-11-26 02:00:00,87887.64,1.49595117232775e-06,1.8485334044877943e-07,87543.64
2025-11-26 03:00:00,87675.53,1.5774513878371e-06,2.1185357974076797e-07,87887.64
2025-11-26 04:00:00,87091.28,1.5251064725733517e-06,9.918671379892357e-10,87675.53
2025-11-26 05:00:00,87202.42,1.5089561383988087e-06,0.0,87091.28
2025-11-26 06:00:00,87487.08,1.5026577948371593e-06,0.0,87202.42
2025-11-26 07:00:00,87768.66,1.0169433233508892e-06,4.2980536004727827e-07,87487.08
2025-11-26 08:00:00,87907.82,1.0220567532378774e-06,2.418270379828169e-08,87768.66
2025-11-26 09:00:00,87391.5,1.271791845954757e-06,4.224700196392053e-07,87907.82
2025-11-26 10:00:00,86806.43,1.095999493101537e-06,4.762856931143273e-09,87391.5
2025-11-26 11:00:00,86927.31,8.820120957991306e-07,0.0,86806.43
2025-11-26 12:00:00,87073.84,8.874324673220465e-07,1.2260033223885523e-08,86927.31
2025-11-26 13:00:00,86632.62,8.885649486039633e-07,0.0,87073.84
2025-11-26 14:00:00,87098.66,8.940112196459417e-07,2.520813248360773e-09,86632.62
2025-11-26 15:00:00,86862.68,7.944669285849899e-07,3.262572972668592e-07,87098.66
2025-11-26 16:00:00,86944.56,8.131769728513543e-07,4.117600435640092e-08,86862.68
2025-11-26 17:00:00,87807.12,3.3258556357206623e-06,2.9224207167955244e-06,86944.56
2025-11-26 18:00:00,89827.45,1.3233732642654794e-05,1.0049401533202572e-05,87807.12
2025-11-26 19:00:00,90131.97,1.3297617599367018e-05,4.6973234723009584e-08,89827.45
2025-11-26 20:00:00,89961.0,1.3307752178885286e-05,0.0,90131.97
2025-11-26 21:00:00,89866.64,1.3240319222943896e-05,0.0,89961.0
2025-11-26 22:00:00,90187.28,1.3310114999632006e-05,1.1389619237846036e-09,89866.64
2025-11-26 23:00:00,90382.94,1.3957878247730963e-05,1.0478245081367445e-06,90187.28
2025-11-27 00:00:00,90488.1,1.3940237270314123e-05,1.0828568932497645e-08,90382.94
2025-11-27 01:00:00,90468.86,1.1267372861250487e-05,1.445329205089184e-07,90488.1
2025-11-27 02:00:00,91135.52,1.509484845159734e-06,2.653709866541282e-07,90468.86
2025-11-27 03:00:00,91364.48,5.348678889393438e-06,3.9244235573099665e-06,91135.52
2025-11-27 04:00:00,91088.53,5.338533059565025e-06,0.0,91364.48
2025-11-27 05:00:00,91272.02,5.362171377775601e-06,2.9635439062326664e-08,91088.53
2025-11-27 06:00:00,90961.77,5.384499398241092e-06,4.39125631957118e-09,91272.02
2025-11-27 07:00:00,91238.53,4.3930953098943585e-06,4.731314077151465e-08,90961.77
2025-11-27 08:00:00,91405.01,4.387365481614462e-06,0.0,91238.53
2025-11-27 09:00:00,91489.14,4.241930430344972e-06,0.0,91405.01
2025-11-27 10:00:00,91557.88,4.751463995153065e-06,7.484945558591785e-07,91489.14
2025-11-27 11:00:00,91610.61,1.852078356274032e-06,1.0251255409444763e-06,91557.88
2025-11-27 12:00:00,91374.98,1.846484486288521e-06,0.0,91610.61
2025-11-27 13:00:00,90971.76,1.8205089331819294e-06,0.0,91374.98
2025-11-27 14:00:00,90849.08,1.817715650752517e-06,7.772137770526934e-09,90971.76
2025-11-27 15:00:00,90781.76,1.7757891311809013e-06,0.0,90849.08
2025-11-27 16:00:00,90949.64,1.7790293562761435e-06,0.0,90781.76
2025-11-27 17:00:00,91452.71,1.786713287747754e-06,6.0108412872440344e-09,90949.64
2025-11-27 18:00:00,91471.52,2.1175380413153807e-06,1.0773003597770091e-06,91452.71
2025-11-27 19:00:00,91782.53,4.956684747639143e-06,3.857777036666424e-06,91471.52
2025-11-27 20:00:00,91522.87,6.415335603102391e-06,1.4779625816188717e-06,91782.53
2025-11-27 21:00:00,91433.72,6.614032237829123e-06,2.2838147357142495e-07,91522.87
2025-11-27 22:00:00,91400.22,7.588645119080221e-06,9.97673155238752e-07,91433.72
2025-11-27 23:00:00,91318.63,8.036466418311467e-06,4.5653369202005337e-07,91400.22
2025-11-28 00:00:00,91315.64,8.098251151816068e-06,4.7113506885464826e-08,91318.63
2025-11-28 01:00:00,91194.71,8.224911536664007e-06,8.777883345309522e-08,91315.64
2025-11-28 02:00:00,90788.64,7.149081298070254e-06,0.0,91194.71
2025-11-28 03:00:00,91068.76,3.3165417995849153e-06,1.3894747963950953e-08,90788.64
2025-11-28 04:00:00,91199.54,1.8333777326753563e-06,0.0,91068.76
2025-11-28 05:00:00,91421.41,2.806241370457172e-06,1.1997278630916817e-06,91199.54
2025-11-28 06:00:00,91601.14,1.2137617665982411e-05,1.033210689894141e-05,91421.41
2025-11-28 07:00:00,91291.53,1.2632054682912417e-05,9.643722835708546e-07,91601.14
2025-11-28 08:00:00,90902.15,2.6144853011545485e-05,1.3556743575764459e-05,91291.53
2025-11-28 09:00:00,91655.06,4.574887761592968e-05,1.9663027420306204e-05,90902.15
2025-11-28 10:00:00,91591.94,6.139317560586625e-05,1.5999249415102894e-05,91655.06
2025-11-28 11:00:00,91831.77,7.349596392665948e-05,1.199582398423851e-05,91591.94
2025-11-28 12:00:00,91432.59,7.550340752080841e-05,1.9150838347752246e-06,91831.77
2025-11-28 13:00:00,91500.86,7.47269632644312e-05,2.42547468827322e-07,91432.59
2025-11-28 14:00:00,92357.81,7.194549009781475e-05,7.4159091729285415e-06,91500.86
2025-11-28 15:00:00,92249.25,7.071054041992309e-05,-3.1020790215084816e-08,92357.81
2025-11-28 16:00:00,92371.44,5.690841165059488e-05,-1.6345813108540983e-09,92249.25
2025-11-28 17:00:00,90949.44,3.755387442816438e-05,0.0,92371.44
2025-11-28 18:00:00,90633.2,2.1538200458845906e-05,-1.5694645435865433e-09,90949.44
2025-11-28 19:00:00,90843.51,9.567362823295993e-06,0.0,90633.2
2025-11-28 20:00:00,91168.08,7.619015590389186e-06,0.0,90843.51
2025-11-28 21:00:00,91218.69,7.265277461166883e-06,-1.1627402884895753e-07,91168.08
2025-11-28 22:00:00,90908.29,-5.410067889690223e-07,-3.841669413163459e-07,91218.69
2025-11-28 23:00:00,91121.88,-5.419215683875509e-07,-3.206208384169634e-08,90908.29
2025-11-29 00:00:00,90913.85,-5.477317983036228e-07,-6.638137550026927e-09,91121.88
2025-11-29 01:00:00,90910.49,-5.39299813079751e-07,0.0,90913.85
2025-11-29 02:00:00,90901.13,-5.358606081021269e-07,0.0,90910.49
2025-11-29 03:00:00,90815.73,-5.371040469798225e-07,0.0,90901.13
2025-11-29 04:00:00,90692.58,-5.390230377864111e-07,0.0,90815.73
2025-11-29 05:00:00,90910.58,-4.22983688962988e-07,0.0,90692.58
2025-11-29 06:00:00,90769.51,-3.868466157448387e-08,0.0,90910.58
2025-11-29 07:00:00,90579.41,-6.638137550026926e-09,0.0,90769.51
2025-11-29 08:00:00,90589.64,4.486497592928419e-07,4.469993350120762e-07,90579.41
2025-11-29 09:00:00,90651.78,4.486331780657657e-07,0.0,90589.64
2025-11-29 10:00:00,90594.19,5.183229373129782e-07,6.954465780697866e-08,90651.78
2025-11-29 11:00:00,90588.49,6.851526652156611e-07,1.6690852322696665e-07,90594.19
2025-11-29 12:00:00,90694.37,1.6086603199246577e-06,9.233757531920149e-07,90588.49
2025-11-29 13:00:00,90655.43,1.9978986847701345e-06,3.844550701163382e-07,90694.37
2025-11-29 14:00:00,90815.24,1.9955375284515287e-06,7.381432686845166e-10,90655.43
2025-11-29 15:00:00,90656.85,1.991358243092837e-06,0.0,90815.24
2025-11-29 16:00:00,91094.21,1.773362494879149e-06,2.2899893982566015e-07,90656.85
2025-11-29 17:00:00,91033.53,1.774578933595892e-06,0.0,91094.21
2025-11-29 18:00:00,90470.15,1.7213853551026922e-06,1.751881550263225e-08,91033.53
2025-11-29 19:00:00,90721.49,1.6366371240773302e-06,8.21506390690093e-08,90470.15
2025-11-29 20:00:00,90673.57,8.154153591153519e-07,1.0135062441886534e-07,90721.49
2025-11-29 21:00:00,90989.85,6.605939579633125e-07,2.2986468987159151e-07,90673.57
2025-11-29 22:00:00,91028.6,6.610190275076537e-07,0.0,90989.85
2025-11-29 23:00:00,90782.6,6.825124860359344e-07,2.2739199747140542e-08,91028.6
2025-11-30 00:00:00,90829.35,8.14368638980019e-07,3.5744027782998424e-07,90782.6
2025-11-30 01:00:00,90905.13,8.138261688382469e-07,0.0,90829.35
2025-11-30 02:00:00,90937.42,7.913792390823037e-07,0.0,90905.13
2025-11-30 03:00:00,90810.2,7.127700589963235e-07,1.5748522533740466e-09,90937.42
2025-11-30 04:00:00,90933.06,6.110964767060105e-07,0.0,90810.2
2025-11-30 05:00:00,90873.26,1.2324429282510448e-06,8.493509192585527e-07,90933.06
2025-11-30 06:00:00,90813.26,2.6928383250115958e-06,1.457379270063234e-06,90873.26
2025-11-30 07:00:00,90908.8,4.799282283193185e-06,2.1371204861123397e-06,90813.26
2025-11-30 08:00:00,90985.17,2.0596883021563344e-05,1.61668827086169e-05,90908.8
2025-11-30 09:00:00,91209.09,2.6232943709388987e-05,5.623823764084032e-06,90985.17
2025-11-30 10:00:00,91411.5,2.908132070003666e-05,2.8475404208337954e-06,91209.09
2025-11-30 11:00:00,91246.19,2.9973916486808725e-05,9.41042869702643e-07,91411.5
2025-11-30 12:00:00,91063.42,3.0014469149170106e-05,0.0,91246.19
2025-11-30 13:00:00,91476.4,2.9886072480801185e-05,7.416828018817485e-07,91063.42
2025-11-30 14:00:00,91769.49,3.193088901592187e-05,3.5466770721172134e-06,91476.4
2025-11-30 15:00:00,91493.28,2.9825113034404322e-05,0.0,91769.49
2025-11-30 16:00:00,91445.55,1.3719156660103677e-05,4.972859693790011e-08,91493.28
2025-11-30 17:00:00,91832.53,8.272341561699099e-06,1.5749280743227012e-07,91445.55
2025-11-30 18:00:00,91497.88,5.436839787440141e-06,0.0,91832.53
2025-11-30 19:00:00,91464.19,4.487666647602217e-06,0.0,91497.88
2025-11-30 20:00:00,91464.62,4.727327286643346e-06,2.4974393293343585e-07,91464.19
2025-11-30 21:00:00,91318.93,4.137247430816604e-06,1.3351052964197545e-07,91464.62
2025-11-30 22:00:00,91181.65,6.391016476739809e-07,4.641012036365927e-08,91318.93
2025-11-30 23:00:00,91232.93,7.297244468076495e-07,9.22311656055415e-08,91181.65
2025-12-01 00:00:00,90374.57,7.905527834930716e-07,1.106537915948889e-07,91232.93
2025-12-01 01:00:00,87020.03,1.6908978207028935e-07,-4.592405238259364e-07,90374.57
2025-12-01 02:00:00,87183.94,1.198245912451656e-07,-4.626815268143902e-08,87020.03
2025-12-01 03:00:00,86734.45,-6.993574634615719e-07,-7.808047340426007e-07,87183.94
2025-12-01 04:00:00,86360.16,-9.775135937805686e-07,-2.6938605376017513e-08,86734.45
2025-12-01 05:00:00,85806.5,-1.1092544216018682e-06,0.0,86360.16
2025-12-01 06:00:00,86009.55,-1.153927228263746e-06,0.0,85806.5
2025-12-01 07:00:00,86251.56,-1.2442493336174464e-06,2.4604673260458655e-09,86009.55
2025-12-01 08:00:00,86547.59,1.4585100284217093e-07,1.4201217250100086e-06,86251.56
2025-12-01 09:00:00,86876.87,1.7942690913398314e-06,1.20413088861647e-06,86547.59
2025-12-01 10:00:00,86713.5,2.5844246565617517e-06,7.37812765558334e-07,86876.87
2025-12-01 11:00:00,86642.15,3.879240771673719e-06,5.312329845970618e-07,86713.5
2025-12-01 12:00:00,86132.67,4.7833976372172974e-06,8.969942170017234e-07,86642.15
2025-12-01 13:00:00,85409.32,4.888647421988284e-06,1.364330739645804e-07,86132.67
2025-12-01 14:00:00,85980.32,5.987516940058474e-06,1.0797132779605006e-06,85409.32
2025-12-01 15:00:00,86054.33,6.329649003455618e-06,3.26721334569873e-07,85980.32
2025-12-01 16:00:00,84670.0,4.923732784991095e-06,-1.7065623304930648e-09,86054.33
2025-12-01 17:00:00,84545.43,3.851377057634138e-06,1.17409284061013e-07,84670.0
2025-12-01 18:00:00,84939.11,3.1105499162510965e-06,0.0,84545.43
2025-12-01 19:00:00,85197.59,2.5771946062597933e-06,0.0,84939.11
2025-12-01 20:00:00,85019.3,1.9601764905895798e-06,2.86709389886514e-07,85197.59
2025-12-01 21:00:00,85512.73,1.8703573781967616e-06,6.164712293193084e-08,85019.3
2025-12-01 22:00:00,86450.21,8.002361901085637e-07,4.2828568691425766e-09,85512.73
2025-12-01 23:00:00,86599.61,7.997135463683199e-07,3.2728985242683304e-07,86450.21
2025-12-02 00:00:00,86296.39,2.5478989022651897e-06,1.7994666606317975e-06,86599.61
2025-12-02 01:00:00,86516.93,2.4421242750574707e-06,1.552550719875209e-08,86296.39
2025-12-02 02:00:00,86458.03,3.0395871924683205e-06,5.969785042505624e-07,86516.93
2025-12-02 03:00:00,86541.43,3.24374293535551e-06,1.977894103681358e-07,86458.03
2025-12-02 04:00:00,86975.58,3.044680412648407e-06,9.551490686353398e-08,86541.43
2025-12-02 05:00:00,86978.4,3.3046589750376958e-06,3.0951875604605167e-07,86975.58
2025-12-02 06:00:00,87012.81,3.475625615295632e-06,1.3991698954242802e-07,86978.4
2025-12-02 07:00:00,87099.2,3.1567317850347654e-06,2.9692870962580732e-09,87012.81
2025-12-02 08:00:00,87019.13,1.3657965228133109e-06,1.3407306192361059e-08,87099.2
2025-12-02 09:00:00,86443.31,1.3537217830195872e-06,0.0,87019.13
2025-12-02 10:00:00,86763.63,7.562280942945007e-07,0.0,86443.31
2025-12-02 11:00:00,87282.44,5.622204937203759e-07,3.2514500490610425e-09,86763.63
2025-12-02 12:00:00,87373.61,4.937990475604782e-07,2.4839480165902503e-08,87282.44
2025-12-02 13:00:00,87274.31,5.3221310150672e-07,3.4950773522919494e-07,87373.61
2025-12-02 14:00:00,87733.45,4.382692161301157e-07,4.595560252170691e-08,87274.31
2025-12-02 15:00:00,89262.58,2.343421089899013e-06,1.921580628187408e-06,87733.45
2025-12-02 16:00:00,90873.51,4.887063037391774e-06,2.625170025004052e-06,89262.58
2025-12-02 17:00:00,90768.71,6.141524655065164e-06,1.3527483374519743e-06,90873.51
2025-12-02 18:00:00,91484.13,6.1642823812270895e-06,0.0,90768.71
2025-12-02 19:00:00,91974.95,6.325549285564849e-06,1.33824273059313e-07,91484.13
2025-12-02 20:00:00,91921.95,6.307291148827914e-06,0.0,91974.95
2025-12-02 21:00:00,91068.68,5.951012400097383e-06,0.0,91921.95
2025-12-02 22:00:00,91616.75,5.936122614974163e-06,0.0,91068.68
2025-12-02 23:00:00,92014.98,4.253647222976409e-06,1.735953797663634e-07,91616.75
2025-12-03 00:00:00,91315.13,2.1306104204786893e-06,4.786821220523629e-07,92014.98
2025-12-03 01:00:00,91686.15,8.718046295641087e-07,9.541054356919495e-08,91315.13
2025-12-03 02:00:00,92265.11,9.245345181845883e-07,4.595977388511851e-08,91686.15
2025-12-03 03:00:00,92836.61,3.696474748854778e-06,2.9106759185421405e-06,92265.11
2025-12-03 04:00:00,92663.7,3.694344677985598e-06,0.0,92836.61
2025-12-03 05:00:00,93374.7,3.600225913706151e-06,-6.08736468940008e-08,92663.7
2025-12-03 06:00:00,93655.95,3.621892811881517e-06,0.0,93374.7
2025-12-03 07:00:00,93457.35,1.5548655570561904e-05,1.2300896618833518e-05,93655.95
2025-12-03 08:00:00,93024.63,3.2248865699556725e-05,1.7699211406916083e-05,93457.35
2025-12-03 09:00:00,92782.63,5.037187579463296e-05,1.8351833204559083e-05,93024.63
2025-12-03 10:00:00,93202.92,5.328763934373589e-05,2.658766022189988e-06,92782.63
2025-12-03 11:00:00,92954.89,5.238522552653215e-05,1.7029146458338937e-06,93202.92
2025-12-03 12:00:00,93029.4,5.446712304935112e-05,2.1863148673493604e-06,92954.89
2025-12-03 13:00:00,92964.12,5.494638497181614e-05,0.0,93029.4
2025-12-03 14:00:00,93156.24,5.511188666310215e-05,0.0,92964.12
2025-12-03 15:00:00,92391.56,4.2193453554015404e-05,-4.7167114598172597e-07,93156.24
2025-12-03 16:00:00,92389.35,2.443536843816164e-05,1.2186524157884272e-09,92391.56
2025-12-03 17:00:00,92268.42,7.235843342343346e-06,1.163182792929438e-06,92389.35
2025-12-03 18:00:00,92993.16,5.326689337495677e-06,7.215705039111135e-07,92268.42
2025-12-03 19:00:00,92629.97,6.0027078147722026e-06,2.3895600388246747e-06,92993.16
2025-12-03 20:00:00,93040.97,5.795281987179682e-06,1.9673465260899267e-06,92629.97
2025-12-03 21:00:00,92979.74,6.195071372973727e-06,4.0418986711213696e-07,93040.97
2025-12-03 22:00:00,93726.87,6.349306203900696e-06,1.411641065298575e-07,92979.74
2025-12-03 23:00:00,93808.33,7.5019421387290365e-06,7.476063079876092e-07,93726.87
2025-12-04 00:00:00,93455.54,7.812607009037858e-06,3.168558195568023e-07,93808.33
2025-12-04 01:00:00,93076.72,7.094230288003656e-06,4.593444446908907e-07,93455.54
2025-12-04 02:00:00,93214.02,7.858968074221565e-06,1.4375435722428658e-06,93076.72
2025-12-04 03:00:00,93959.13,8.599343486768508e-06,3.1711660694190694e-06,93214.02
2025-12-04 04:00:00,93553.23,8.842927882714432e-06,2.2030325243450975e-06,93959.13
2025-12-04 05:00:00,93371.2,8.43318450590979e-06,0.0,93553.23
2025-12-04 06:00:00,92991.71,8.35865015335632e-06,0.0,93371.2
2025-12-04 07:00:00,93155.65,7.617578374128926e-06,-7.969019919637481e-11,92991.71
2025-12-04 08:00:00,93412.49,1.6252280033823847e-05,8.950200889942508e-06,93155.65
2025-12-04 09:00:00,93267.1,1.732743258843835e-05,1.6042798839483733e-06,93412.49
2025-12-04 10:00:00,93470.35,1.5913328623456286e-05,0.0,93267.1
2025-12-04 11:00:00,93269.87,1.2844017540450616e-05,0.0,93470.35
2025-12-04 12:00:00,92946.59,1.0914960711681579e-05,3.1897529315867043e-07,93269.87
2025-12-04 13:00:00,93005.38,1.0991782200318467e-05,9.761320515144089e-08,92946.59
2025-12-04 14:00:00,92541.24,1.09471081313636e-05,0.0,93005.38
2025-12-04 15:00:00,91920.26,1.096648719751219e-05,0.0,92541.24
2025-12-04 16:00:00,93011.67,2.021845422612476e-06,0.0,91920.26
2025-12-04 17:00:00,92462.66,4.259403864602611e-07,9.000043269771571e-09,93011.67
2025-12-04 18:00:00,92453.96,4.351037348981042e-07,8.146346780384876e-09,92462.66
2025-12-04 19:00:00,92153.98,4.3417050209462824e-07,0.0,92453.96
2025-12-04 20:00:00,92000.24,3.5351872773998746e-07,2.366870645367721e-07,92153.98
2025-12-04 21:00:00,92530.83,4.0517399949186115e-07,1.474951684907611e-07,92000.24
2025-12-04 22:00:00,92173.22,4.6120444486180944e-07,5.80459212823033e-08,92530.83
2025-12-04 23:00:00,92365.3,4.749702272519179e-07,1.6907004703992758e-08,92173.22
2025-12-05 00:00:00,92103.17,1.426404848308828e-06,9.392224344668013e-07,92365.3
2025-12-05 01:00:00,92318.85,3.2923650909507723e-06,1.8760043733073747e-06,92103.17
2025-12-05 02:00:00,92381.08,4.202632073434057e-06,9.173797492867756e-07,92318.85
2025-12-05 03:00:00,92545.79,5.342569793455513e-06,1.1564165702161885e-06,92381.08
2025-12-05 04:00:00,92172.39,7.894187564571336e-06,2.8134077657902904e-06,92545.79
2025-12-05 05:00:00,92048.45,1.122196050006392e-05,3.4173016531708553e-06,92172.39
2025-12-05 06:00:00,91956.07,1.4825178375461211e-05,3.6993952504929817e-06,92048.45
2025-12-05 07:00:00,92300.66,2.115257595685166e-05,6.285473493678787e-06,91956.07
2025-12-05 08:00:00,92272.65,1.758275795180768e-05,-2.57874825661023e-06,92300.66
2025-12-05 09:00:00,92131.82,1.3192016429128594e-05,-2.5502411160423743e-06,92272.65
2025-12-05 10:00:00,91156.55,1.2289066410646939e-05,6.139073237575936e-09,92131.82
2025-12-05 11:00:00,91308.39,1.1152498696443442e-05,0.0,91156.55
2025-12-05 12:00:00,91369.27,8.765697073942637e-06,4.5593808321004207e-07,91308.39
2025-12-05 13:00:00,91259.11,5.341203677903335e-06,0.0,91369.27
2025-12-05 14:00:00,90493.37,1.6401607053408974e-06,0.0,91259.11
2025-12-05 15:00:00,90301.8,-4.662720321453797e-06,0.0,90493.37
2025-12-05 16:00:00,90470.94,-1.9814660602719943e-06,9.969767606551607e-08,90301.8
2025-12-05 17:00:00,88838.27,-8.745461741983175e-06,-9.145474624547614e-06,90470.94
2025-12-05 18:00:00,89361.8,-8.658959926035447e-06,0.0,88838.27
2025-12-05 19:00:00,88966.51,-9.524705854016565e-06,-8.331734266071062e-07,89361.8
2025-12-05 20:00:00,89673.0,-1.0121665037435039e-05,-1.3083302311528346e-07,88966.51
2025-12-05 21:00:00,89333.62,-1.0400745965119072e-05,-2.862215797541305e-07,89673.0
2025-12-05 22:00:00,89188.63,-1.0313475037150015e-05,0.0,89333.62
2025-12-05 23:00:00,89273.26,-1.0486518571163811e-05,-1.9247436484895508e-07,89188.63
2025-12-06 00:00:00,89349.76,-1.1089388422005096e-05,-4.769449970487175e-07,89273.26
2025-12-06 01:00:00,89439.33,-4.898517034079652e-06,-3.0068970076007524e-06,89349.76
2025-12-06 02:00:00,89334.9,-6.45290776128432e-06,-1.5268469704023788e-06,89439.33
2025-12-06 03:00:00,89401.13,-5.613361559195958e-06,-1.8562544757516946e-08,89334.9
2025-12-06 04:00:00,89696.86,-6.183155752570993e-06,-6.550978683138248e-07,89401.13
2025-12-06 05:00:00,89678.11,-8.61743439234357e-06,-2.753970580644263e-06,89696.86
2025-12-06 06:00:00,89621.94,-1.0404323473264356e-05,-1.810758787194924e-06,89678.11
2025-12-06 07:00:00,89702.79,-1.1032859234074108e-05,-8.144890497011718e-07,89621.94
2025-12-06 08:00:00,89610.15,-1.2435813478023194e-05,-1.8782456052928585e-06,89702.79
2025-12-06 09:00:00,89299.3,-9.438368628416549e-06,0.0,89610.15
2025-12-06 10:00:00,89600.1,-7.902284108864972e-06,0.0,89299.3
2025-12-06 11:00:00,89522.52,-7.88956629980639e-06,0.0,89600.1
2025-12-06 12:00:00,89642.91,-7.258399329784851e-06,0.0,89522.52
2025-12-06 13:00:00,89595.78,-4.503487154986161e-06,0.0,89642.91
2025-12-06 14:00:00,89683.02,-2.6910417739009457e-06,0.0,89595.78
2025-12-06 15:00:00,90021.36,-1.98900690890011e-06,-1.107368924270381e-07,89683.02
2025-12-06 16:00:00,89778.33,-9.025370192380088e-07,-7.955239903495429e-07,90021.36
2025-12-06 17:00:00,89733.52,-8.994061949683237e-07,0.0,89778.33
2025-12-06 18:00:00,89731.29,-9.024357974786062e-07,0.0,89733.52
2025-12-06 19:00:00,89665.09,-9.016544259269184e-07,0.0,89731.29
2025-12-06 20:00:00,89433.53,-9.028669719582112e-07,0.0,89665.09
2025-12-06 21:00:00,89565.84,-9.023922872297883e-07,0.0,89433.53
2025-12-06 22:00:00,89448.94,-9.032709525323051e-07,0.0,89565.84
2025-12-06 23:00:00,89310.72,-7.95523990349543e-07,0.0,89448.94
2025-12-07 00:00:00,89250.95,3.1681224860499703e-07,3.151621335319033e-07,89310.72
2025-12-07 01:00:00,89425.78,3.4953231345856294e-07,3.270137888504996e-08,89250.95
2025-12-07 02:00:00,89319.17,3.4952362710524686e-07,0.0,89425.78
2025-12-07 03:00:00,89643.65,3.49265763163757e-07,0.0,89319.17
2025-12-07 04:00:00,89738.13,3.483637847001409e-07,0.0,89643.65
2025-12-07 05:00:00,89557.46,1.8910719680922851e-07,-1.600793046075852e-07,89738.13
2025-12-07 06:00:00,89520.56,1.8886037691330615e-07,0.0,89557.46
2025-12-07 07:00:00,89709.89,1.8856854247349103e-07,0.0,89520.56
2025-12-07 08:00:00,89386.11,1.4417651463248332e-06,1.5763382854092473e-06,89709.89
2025-12-07 09:00:00,89326.29,1.4118239242612122e-06,0.0,89386.11
2025-12-07 10:00:00,89125.85,1.4232096764210105e-06,1.3069916502755236e-08,89326.29
2025-12-07 11:00:00,89257.08,3.2305223378151695e-06,1.7917328622922032e-06,89125.85
2025-12-07 12:00:00,89179.0,3.2352964143184243e-06,1.3619247021123073e-09,89257.08
2025-12-07 13:00:00,89487.39,3.8071575849812276e-06,4.1684875159523017e-07,89179.0
2025-12-07 14:00:00,89049.38,3.849759096302362e-06,4.415379280375893e-08,89487.39
2025-12-07 15:00:00,88249.04,2.9851834123731487e-06,-8.662920795807692e-07,89049.38
2025-12-07 16:00:00,89564.5,1.528052160936349e-06,1.227107217250679e-07,88249.04
2025-12-07 17:00:00,89883.37,6.107666482802916e-06,4.592852310740543e-06,89564.5
2025-12-07 18:00:00,90976.08,1.3810220998186995e-05,7.794994886396121e-06,89883.37
2025-12-07 19:00:00,91385.83,1.4332864674507999e-05,2.3409120816432737e-06,90976.08
2025-12-07 20:00:00,91429.06,1.892233055873588e-05,4.717279867309523e-06,91385.83
2025-12-07 21:00:00,91446.28,2.8420543436642754e-05,1.0064813256277131e-05,91429.06
2025-12-07 22:00:00,90239.47,2.9881811300247348e-05,1.6885735554589503e-06,91446.28
2025-12-07 23:00:00,89617.95,3.042677511120978e-05,-4.599112174632404e-08,90239.47
2025-12-08 00:00:00,90413.78,3.075578357579871e-05,0.0,89617.95
2025-12-08 01:00:00,90366.79,2.6256077253619365e-05,0.0,90413.78
2025-12-08 02:00:00,90924.41,1.8890853007173712e-05,2.0396448659428925e-07,90366.79
2025-12-08 03:00:00,91375.16,2.0075252649871967e-05,3.433348493730092e-06,90924.41
2025-12-08 04:00:00,91085.0,2.0442355368560644e-05,5.074124404776655e-06,91375.16
2025-12-08 05:00:00,91291.52,2.4920506134147203e-05,1.4483561815018693e-05,91085.0
2025-12-08 06:00:00,91334.54,3.9701106687898795e-05,1.6971343229724174e-05,91291.52
2025-12-08 07:00:00,91467.45,5.109238722248557e-05,1.1841603028673222e-05,91334.54
2025-12-08 08:00:00,91571.83,5.597246712997747e-05,4.477950901842012e-06,91467.45
2025-12-08 09:00:00,91840.36,5.645517146993288e-05,5.1861921601524e-07,91571.83
2025-12-08 10:00:00,91923.52,5.6722161483520413e-05,1.2509675611709067e-07,91840.36
2025-12-08 11:00:00,92138.49,5.3801051544814134e-05,2.495524930074306e-07,91923.52
2025-12-08 12:00:00,91971.79,5.050769370094335e-05,1.9578839353615545e-06,92138.49
2025-12-08 13:00:00,91776.74,3.64209776939487e-05,3.175156219664299e-07,91971.79
2025-12-08 14:00:00,91455.79,2.0161832829068718e-05,7.064367286331395e-07,91776.74
2025-12-08 15:00:00,90855.56,8.822641023441543e-06,4.902411242438146e-07,91455.79
2025-12-08 16:00:00,89970.91,4.349648155904554e-06,0.0,90855.56
2025-12-08 17:00:00,89968.79,3.8422632485323595e-06,0.0,89970.91
2025-12-08 18:00:00,90261.72,3.7205323281492457e-06,0.0,89968.79
2025-12-08 19:00:00,89915.63,3.479096980081004e-06,0.0,90261.72
2025-12-08 20:00:00,90125.45,1.5184608158240686e-06,0.0,89915.63
2025-12-08 21:00:00,90807.62,1.1983982785473907e-06,0.0,90125.45
2025-12-08 22:00:00,91325.44,4.902411242438146e-07,0.0,90807.62
2025-12-08 23:00:00,90845.85,0.0,0.0,91325.44
2025-12-09 00:00:00,90652.25,0.0,0.0,90845.85
2025-12-09 01:00:00,90406.46,0.0,0.0,90652.25
2025-12-09 02:00:00,90068.39,0.0,0.0,90406.46
2025-12-09 03:00:00,90077.4,2.93093134995018e-06,2.9359107853722343e-06,90068.39
2025-12-09 04:00:00,90424.44,3.929793778327216e-06,9.914941460153975e-07,90077.4
2025-12-09 05:00:00,89931.66,3.959538843919248e-06,0.0,90424.44
2025-12-09 06:00:00,89908.34,3.9821176583861215e-06,0.0,89931.66
2025-12-09 07:00:00,90168.94,3.961205809422838e-06,0.0,89908.34
2025-12-09 08:00:00,90485.81,9.393163922183337e-06,5.411394426008539e-06,90168.94
2025-12-09 09:00:00,90499.64,1.1371810613369094e-05,2.005873865607606e-06,90485.81
2025-12-09 10:00:00,90148.25,1.1329286351119895e-05,0.0,90499.64
2025-12-09 11:00:00,90297.12,8.394215197874395e-06,0.0,90148.25
2025-12-09 12:00:00,90392.74,7.431241416721185e-06,0.0,90297.12
2025-12-09 13:00:00,90590.04,7.39074387927078e-06,0.0,90392.74
2025-12-09 14:00:00,90428.28,7.3888274001658175e-06,0.0,90590.04
2025-12-09 15:00:00,90361.6,7.4174613174020864e-06,7.238103636404988e-09,90428.28
2025-12-09 16:00:00,92690.49,5.168118249849485e-06,3.1506708004769847e-06,90361.6
2025-12-09 17:00:00,94196.87,2.289614465634412e-05,2.0211131076551424e-05,92690.49
2025-12-09 18:00:00,93923.9,2.404388440251282e-05,1.2921787617863875e-06,94196.87
2025-12-09 19:00:00,93942.06,2.4083590254495545e-05,0.0,93923.9
2025-12-09 20:00:00,93816.89,2.4115791917696883e-05,6.961396947783087e-09,93942.06
2025-12-09 21:00:00,93116.94,2.4175074370626385e-05,6.8816726896504435e-09,93816.89
2025-12-09 22:00:00,92668.05,2.4131906710802055e-05,0.0,93116.94
2025-12-09 23:00:00,92885.85,2.4106879560390398e-05,0.0,92668.05
2025-12-10 00:00:00,92698.85,2.149631324034398e-05,0.0,92885.85
2025-12-10 01:00:00,92148.96,1.3060685859907102e-06,0.0,92698.85
2025-12-10 02:00:00,92332.2,1.385839936055773e-08,8.659228343506008e-12,92148.96
2025-12-10 03:00:00,92513.28,1.3861078854620347e-08,0.0,92332.2
2025-12-10 04:00:00,92431.57,6.8904886532054045e-09,0.0,92513.28
2025-12-10 05:00:00,92573.69,8.750189325072667e-12,0.0,92431.57
2025-12-10 06:00:00,92566.93,8.708007177698281e-12,0.0,92573.69
2025-12-10 07:00:00,92709.4,8.72847382141532e-12,0.0,92566.93
2025-12-10 08:00:00,92789.44,8.710901450547156e-12,0.0,92709.4
2025-12-10 09:00:00,92623.34,5.1466185708443165e-08,5.181518126599983e-08,92789.44
2025-12-10 10:00:00,92935.63,6.810929710693027e-08,1.6601629709037446e-08,92623.34
2025-12-10 11:00:00,92283.54,1.5701943761990112e-06,1.5088083495106357e-06,92935.63
2025-12-10 12:00:00,92133.42,4.111407486905165e-06,2.5385279479896485e-06,92283.54
2025-12-10 13:00:00,92002.05,1.0384058321933406e-05,6.236527305360453e-06,92133.42
2025-12-10 14:00:00,92097.38,1.3920621807618511e-05,3.5157356240787932e-06,92002.05
2025-12-10 15:00:00,91850.9,1.4742673349817671e-05,7.953409525427552e-07,92097.38
2025-12-10 16:00:00,92075.72,1.4755401331822942e-05,0.0,91850.9
2025-12-10 17:00:00,92177.0,1.4677265637580383e-05,0.0,92075.72
2025-12-10 18:00:00,92394.27,1.57827105520805e-05,1.0638607406309392e-06,92177.0
2025-12-10 19:00:00,92504.31,1.420838552842025e-05,3.4678820004809345e-08,92394.27
2025-12-10 20:00:00,92979.02,1.2192627300644343e-05,5.439342455655652e-07,92504.31
2025-12-10 21:00:00,92469.18,7.742227381522819e-06,1.8136770666725667e-06,92979.02
2025-12-10 22:00:00,92389.69,3.927812470423721e-06,-3.042821191041396e-07,92469.18
2025-12-10 23:00:00,92537.27,3.0296501263544084e-06,-9.49919309391101e-08,92389.69
2025-12-11 00:00:00,92036.16,3.03706568724066e-06,0.0,92537.27
2025-12-11 01:00:00,91410.82,2.7415762676690422e-06,-2.983734918054339e-07,92036.16
2025-12-11 02:00:00,90705.19,1.681670062904529e-06,0.0,91410.82
2025-12-11 03:00:00,90075.98,1.5107537758457232e-06,-1.3551116758988253e-07,90705.19
2025-12-11 04:00:00,89900.3,9.716836329923295e-07,-9.43433660706021e-11,90075.98
2025-12-11 05:00:00,90461.84,-8.37376457374964e-07,0.0,89900.3
2025-12-11 06:00:00,90324.66,4.156392438526649e-06,4.591184868306916e-06,90461.84
2025-12-11 07:00:00,90308.53,4.258175379428513e-06,0.0,90324.66
2025-12-11 08:00:00,90285.04,4.235116408006669e-06,0.0,90308.53
2025-12-11 09:00:00,90208.57,4.502687087374596e-06,0.0,90285.04
2025-12-11 10:00:00,90251.34,4.467929373906275e-06,0.0,90208.57
2025-12-11 11:00:00,90342.04,4.576385221072229e-06,4.887639285983212e-09,90251.34
2025-12-11 12:00:00,90262.23,5.80178040638977e-06,1.2402911713451643e-06,90342.04
2025-12-11 13:00:00,90041.09,6.068382754062392e-06,2.298546495782053e-07,90262.23
2025-12-11 14:00:00,90104.47,2.4687937416188127e-06,9.907158376524759e-07,90041.09
2025-12-11 15:00:00,89564.05,2.734921675575252e-06,2.659664708163718e-07,90104.47
2025-12-11 16:00:00,89897.29,3.382150628291547e-06,6.427660660899386e-07,89564.05
2025-12-11 17:00:00,89740.32,4.476235536237758e-06,1.0931643252218808e-06,89897.29
2025-12-11 18:00:00,89989.03,4.4783578245512165e-06,0.0,89740.32
2025-12-11 19:00:00,90718.28,4.512742168763188e-06,3.464038696420479e-08,89989.03
2025-12-11 20:00:00,90849.98,5.212993898768643e-06,1.953253052598445e-06,90718.28
2025-12-11 21:00:00,91808.9,1.2044161976327293e-05,7.13677411648158e-06,90849.98
2025-12-11 22:00:00,92891.62,3.12720791393664e-05,2.0593164061471135e-05,91808.9
2025-12-11 23:00:00,92381.99,3.498631157685529e-05,4.320949774878414e-06,92891.62
2025-12-12 00:00:00,92546.05,4.72226119374143e-05,1.3103721610242468e-05,92381.99
2025-12-12 01:00:00,91571.6,5.777364032685764e-05,1.2091313355302421e-05,92546.05
2025-12-12 02:00:00,92184.13,5.793375656096169e-05,0.0,91571.6
2025-12-12 03:00:00,92606.01,6.02252486961753e-05,1.8869364535905402e-06,92184.13
2025-12-12 04:00:00,92305.31,5.892217550092343e-05,5.765157654293666e-07,92606.01
2025-12-12 05:00:00,92410.18,5.233199541886618e-05,0.0,92305.31
2025-12-12 06:00:00,92459.88,3.523400477759581e-05,3.1046963872049212e-06,92410.18
2025-12-12 07:00:00,92528.87,3.60163422297561e-05,5.277330815858091e-06,92459.88
2025-12-12 08:00:00,92450.02,2.2967361330537033e-05,1.4047871454106665e-08,92528.87
2025-12-12 09:00:00,92314.02,1.0761530230290693e-05,0.0,92450.02
2025-12-12 10:00:00,92537.76,1.0992868956084745e-05,1.59578494893777e-07,92314.02
2025-12-12 11:00:00,92511.79,1.6922133388950393e-05,7.768797878591705e-06,92537.76
2025-12-12 12:00:00,92428.65,1.7426218507562056e-05,1.1362125156913432e-06,92511.79
2025-12-12 13:00:00,92442.74,1.7921936725852088e-05,4.760150476999121e-07,92428.65
2025-12-12 14:00:00,92324.21,1.4867353759903488e-05,4.21366073176248e-08,92442.74
2025-12-12 15:00:00,92475.09,9.891824457819053e-06,2.939940957630742e-07,92324.21
2025-12-12 16:00:00,89923.01,9.966364881129523e-06,9.703211012231825e-08,92475.09
2025-12-12 17:00:00,90054.66,8.784295608287791e-06,-1.1371712589950427e-06,89923.01
2025-12-12 18:00:00,90099.36,8.645620701028381e-06,0.0,90054.66
2025-12-12 19:00:00,90396.57,8.765767489559837e-07,0.0,90099.36
2025-12-12 20:00:00,90209.25,-2.59402433041931e-07,0.0,90396.57
2025-12-12 21:00:00,90213.92,-7.355295891876946e-07,0.0,90209.25
2025-12-12 22:00:00,90205.66,-7.750890442644032e-07,1.5439139886589755e-09,90213.92
2025-12-12 23:00:00,90349.52,-1.0712084463364003e-06,-3.6888632702160044e-10,90205.66
2025-12-13 00:00:00,90279.51,-1.1360000540777297e-06,0.0,90349.52
2025-12-13 01:00:00,90328.05,1.172919596652302e-09,0.0,90279.51
2025-12-13 02:00:00,90235.12,1.173501793131311e-09,0.0,90328.05
2025-12-13 03:00:00,90242.01,1.1773728136128833e-09,0.0,90235.12
2025-12-13 04:00:00,90352.89,1.1749330587035325e-09,0.0,90242.01
2025-12-13 05:00:00,90384.17,1.1749938832573798e-09,0.0,90352.89
2025-12-13 06:00:00,90350.22,-3.6888632702160044e-10,0.0,90384.17
2025-12-13 07:00:00,90361.58,0.0,0.0,90350.22
2025-12-13 08:00:00,90341.35,0.0,0.0,90361.58
2025-12-13 09:00:00,90465.56,-1.0937376069512429e-08,-1.0938986500621105e-08,90341.35
2025-12-13 10:00:00,90435.32,-1.0926123636208046e-08,0.0,90465.56
2025-12-13 11:00:00,90602.21,-1.0926957912173474e-08,0.0,90435.32
2025-12-13 12:00:00,90357.45,-1.0940383822049615e-08,0.0,90602.21
2025-12-13 13:00:00,90364.68,-1.0944171362281628e-08,0.0,90357.45
2025-12-13 14:00:00,90272.4,-1.094006052497738e-08,0.0,90364.68
2025-12-13 15:00:00,90097.72,-3.4447369680460635e-09,7.489300411798967e-09,90272.4
2025-12-13 16:00:00,90113.43,3.423042903657332e-07,3.4481585200411216e-07,90097.72
2025-12-13 17:00:00,90109.8,3.537289497882175e-07,0.0,90113.43
2025-12-13 18:00:00,90071.82,3.536107085100826e-07,0.0,90109.8
2025-12-13 19:00:00,90134.66,3.542632642940754e-07,0.0,90071.82
2025-12-13 20:00:00,90204.39,3.533062293986946e-07,0.0,90134.66
2025-12-13 21:00:00,90110.08,3.847719778546701e-07,3.1381714275207275e-08,90204.39
2025-12-13 22:00:00,90189.95,4.582390636467582e-07,7.372720451537936e-08,90110.08
2025-12-13 23:00:00,90157.39,4.4987754793280837e-07,0.0,90189.95
2025-12-14 00:00:00,90258.82,1.2600253918632683e-07,2.0932730672405382e-08,90157.39
2025-12-14 01:00:00,90360.1,5.146366986276239e-07,3.892819512421222e-07,90258.82
2025-12-14 02:00:00,90317.46,5.144197865735092e-07,0.0,90360.1
2025-12-14 03:00:00,90311.13,5.147786795034875e-07,0.0,90317.46
2025-12-14 04:00:00,90280.84,5.151769227244834e-07,0.0,90311.13
2025-12-14 05:00:00,90217.68,4.832893935315227e-07,0.0,90280.84
2025-12-14 06:00:00,90216.92,4.09925208692041e-07,0.0,90217.68
2025-12-14 07:00:00,90166.62,5.794299608534738e-07,1.6976476161787074e-07,90216.92
2025-12-14 08:00:00,90268.06,4.365585027155895e-06,3.8025711451018914e-06,90166.62
2025-12-14 09:00:00,90134.24,1.6009231080625184e-05,1.2016214080131433e-05,90268.06
2025-12-14 10:00:00,90039.07,2.038343163634444e-05,4.372866221333614e-06,90134.24
2025-12-14 11:00:00,89867.98,2.375910933080375e-05,3.3669328425455534e-06,90039.07
2025-12-14 12:00:00,89378.52,2.3851465358603014e-05,9.9865948808999e-08,89867.98
2025-12-14 13:00:00,89446.31,2.3834778999104703e-05,0.0,89378.52
2025-12-14 14:00:00,89502.95,2.3834578213271604e-05,0.0,89446.31
2025-12-14 15:00:00,89123.01,2.3651619251312847e-05,0.0,89502.95
2025-12-14 16:00:00,89034.09,1.987137884723123e-05,0.0,89123.01
2025-12-14 17:00:00,88836.48,7.84351969409022e-06,0.0,89034.09
2025-12-14 18:00:00,88821.57,3.4669889154141086e-06,0.0,88836.48
2025-12-14 19:00:00,89016.38,9.9865948808999e-08,0.0,88821.57
2025-12-14 20:00:00,88660.09,0.0,0.0,89016.38
2025-12-14 21:00:00,88575.05,0.0,0.0,88660.09
2025-12-14 22:00:00,88462.69,0.0,0.0,88575.05
2025-12-14 23:00:00,88427.95,0.0,0.0,88462.69
2025-12-15 00:00:00,88158.9,0.0,0.0,88427.95
2025-12-15 01:00:00,88467.68,9.504884676988167e-07,9.432388335851806e-07,88158.9
2025-12-15 02:00:00,89261.06,9.714101045659164e-06,8.728854783141169e-06,88467.68
2025-12-15 03:00:00,89327.13,1.3495163240077284e-05,3.770090984842312e-06,89261.06
2025-12-15 04:00:00,89285.63,1.3441148555242793e-05,0.0,89327.13
2025-12-15 05:00:00,89674.59,1.5596321410269887e-05,2.1854581630175916e-06,89285.63
2025-12-15 06:00:00,89618.92,1.6285970860866924e-05,7.191527650771483e-07,89674.59
2025-12-15 07:00:00,89753.03,1.643352725944245e-05,1.56025493368631e-07,89618.92
2025-12-15 08:00:00,89753.87,1.6500557751942486e-05,1.1914718715761633e-07,89753.03
2025-12-15 09:00:00,89781.12,1.6473828744081044e-05,8.745522060860426e-07,89753.87
2025-12-15 10:00:00,89873.44,7.81443104901012e-06,0.0,89781.12
2025-12-15 11:00:00,89869.21,7.482834002007256e-06,3.456511318119912e-06,89873.44
2025-12-15 12:00:00,89655.57,1.990905526490237e-05,1.2510939445510911e-05,89869.21
2025-12-15 13:00:00,89706.36,2.324407557720623e-05,5.442113656391787e-06,89655.57
2025-12-15 14:00:00,89436.75,2.3547224506144097e-05,1.0372962595386809e-06,89706.36
2025-12-15 15:00:00,88068.6,3.420538619944767e-05,1.0741198807347747e-05,89436.75
2025-12-15 16:00:00,87033.37,3.661225587777701e-05,2.4782739043475192e-06,88068.6
2025-12-15 17:00:00,86394.11,3.8496789456017186e-05,2.6641258164761393e-06,87033.37
2025-12-15 18:00:00,85754.07,4.8801582804914615e-05,9.867804133596206e-06,86394.11
2025-12-15 19:00:00,86183.74,5.191997403717495e-05,6.275872143094392e-06,85754.07
2025-12-15 20:00:00,86137.57,4.025651972812471e-05,9.047236399323601e-07,86183.74
2025-12-15 21:00:00,85785.46,3.5577200456973e-05,7.135103296951951e-07,86137.57
2025-12-15 22:00:00,86201.48,3.477468970561325e-05,3.247709999529725e-07,85785.46
2025-12-15 23:00:00,86244.06,2.3750273967544985e-05,8.26430190582659e-08,86201.48
2025-12-16 00:00:00,86422.63,2.1062562606174707e-05,4.024264148097702e-08,86244.06
2025-12-16 01:00:00,85847.58,1.827498235201058e-05,1.1685915256611343e-08,86422.63
2025-12-16 02:00:00,85883.69,8.503168059171617e-06,1.584459613585855e-07,85847.58
2025-12-16 03:00:00,85926.44,2.7344520214905686e-06,4.94269440655459e-07,85883.69
2025-12-16 04:00:00,85856.9,2.2515175650800447e-06,4.2173315686407834e-07,85926.44
2025-12-16 05:00:00,85817.08,1.846567127172613e-06,3.151090980441885e-07,85856.9
2025-12-16 06:00:00,86019.03,1.5435446571918754e-06,1.430444530327067e-08,85817.08
2025-12-16 07:00:00,86492.75,1.4617240542031976e-06,1.0052751917150739e-10,86019.03
2025-12-16 08:00:00,85999.05,1.4244246175744714e-06,0.0,86492.75
2025-12-16 09:00:00,86263.25,1.4033384400165638e-06,0.0,85999.05
2025-12-16 10:00:00,86333.58,8.339303434596451e-07,-4.1350859412490076e-07,86263.25
2025-12-16 11:00:00,86965.08,1.4285478525327089e-06,1.0951768639052753e-06,86333.58
2025-12-16 12:00:00,87239.98,1.806936446532646e-06,8.104399463829977e-07,86965.08
2025-12-16 13:00:00,87199.9,1.5132257688205664e-06,2.2185387331586328e-08,87239.98
2025-12-16 14:00:00,86446.71,2.3404319952577625e-06,8.49816011007282e-07,87199.9
2025-12-16 15:00:00,87277.33,6.911749602706161e-06,4.553229862076573e-06,86446.71
2025-12-16 16:00:00,87956.79,1.1634692356586904e-05,4.835755271800054e-06,87277.33
2025-12-16 17:00:00,87574.33,1.4776027236554572e-05,3.1695486763396978e-06,87956.79
2025-12-16 18:00:00,87114.84,1.6505073447083642e-05,1.318907672827378e-06,87574.33
2025-12-16 19:00:00,87768.64,1.6582749192210977e-05,1.0619602214066207e-06,87114.84
2025-12-16 20:00:00,87571.01,1.586390347989931e-05,4.1990272668167536e-08,87768.64
2025-12-16 21:00:00,87562.68,1.6391875736364145e-05,5.598080483715359e-07,87571.01
2025-12-16 22:00:00,87763.06,1.5689051396279493e-05,2.848669417100398e-07,87562.68
2025-12-16 23:00:00,87776.42,1.1749384507084764e-05,5.093840626789777e-07,87763.06
2025-12-17 00:00:00,87850.95,6.9963210696050555e-06,2.8809556371735327e-08,87776.42
2025-12-17 01:00:00,87515.9,5.11263026942784e-06,1.3066119054998104e-06,87850.95
2025-12-17 02:00:00,87533.36,9.53713713734803e-06,5.789852878640749e-06,87515.9
2025-12-17 03:00:00,87468.36,1.5350747338759772e-05,6.793703192427505e-06,87533.36
2025-12-17 04:00:00,87193.55,2.2503354430901008e-05,7.220594476162859e-06,87468.36
2025-12-17 05:00:00,86738.97,3.104232560946489e-05,9.062500865893029e-06,87193.55
2025-12-17 06:00:00,86607.08,4.372578112936935e-05,1.2747433042609721e-05,86738.97
2025-12-17 07:00:00,86751.27,5.032408234882043e-05,7.0065070058756835e-06,86607.08
2025-12-17 08:00:00,87021.92,5.6873288752770286e-05,6.453504613882623e-06,86751.27
2025-12-17 09:00:00,86363.62,5.569421407071074e-05,3.3754390703795023e-07,87021.92
2025-12-17 10:00:00,86393.6,4.991431744169335e-05,0.0,86363.62
2025-12-17 11:00:00,86593.65,4.310624157211554e-05,1.7430728177463023e-08,86393.6
2025-12-17 12:00:00,86955.87,3.937421662634271e-05,3.5765384397172766e-06,86593.65
2025-12-17 13:00:00,86999.19,3.21118478482958e-05,1.9630575652195624e-06,86955.87
2025-12-17 14:00:00,87598.13,2.0750952200166415e-05,1.4223925446073292e-06,86999.19
2025-12-17 15:00:00,89623.94,1.5365547381424363e-05,1.6138211070689944e-06,87598.13
2025-12-17 16:00:00,87205.92,1.6380785478976728e-05,7.663428158720092e-06,89623.94
2025-12-17 17:00:00,86967.8,1.6563528385560756e-05,6.47908077691745e-07,87205.92
2025-12-17 18:00:00,86396.35,1.656927819758808e-05,0.0,86967.8
2025-12-17 19:00:00,85778.52,1.6728105962510433e-05,1.3761734232418667e-07,86396.35
2025-12-17 20:00:00,85988.37,1.3264744486791077e-05,5.7376624267281416e-08,85778.52
2025-12-17 21:00:00,85864.29,1.1307317238161327e-05,0.0,85988.37
2025-12-17 22:00:00,85947.6,9.952976784567226e-06,0.0,85864.29
2025-12-17 23:00:00,86315.49,8.670417363734719e-06,1.327314027805275e-07,85947.6
2025-12-18 00:00:00,86212.12,1.2363524123827713e-06,2.539120403566636e-07,86315.49
2025-12-18 01:00:00,86202.02,5.346263143190837e-06,4.718070016808449e-06,86212.12
2025-12-18 02:00:00,86094.11,8.219967964418426e-06,2.90229137220444e-06,86202.02
2025-12-18 03:00:00,86659.16,1.0885257456337358e-05,2.871229524428854e-06,86094.11
2025-12-18 04:00:00,86579.07,1.2850339862777871e-05,2.0115399585154145e-06,86659.16
2025-12-18 05:00:00,86733.27,2.05140431393011e-05,7.746197236056721e-06,86579.07
2025-12-18 06:00:00,86406.99,3.267660336714678e-05,1.2253655706526332e-05,86733.27
2025-12-18 07:00:00,86615.31,3.757840912418294e-05,4.900425677880562e-06,86406.99
2025-12-18 08:00:00,86801.4,4.829417568629925e-05,1.1065888969334709e-05,86615.31
2025-12-18 09:00:00,86942.05,5.2308992668279974e-05,8.798749084046619e-06,86801.4
2025-12-18 10:00:00,87247.67,6.811199897548538e-05,1.8951983743013304e-05,86942.05
2025-12-18 11:00:00,87298.26,8.086289191367868e-05,1.529711977639493e-05,87247.67
2025-12-18 12:00:00,87219.2,8.756175331391245e-05,8.856235821312542e-06,87298.26
2025-12-18 13:00:00,87216.12,8.662520246375256e-05,6.7048475664656205e-06,87219.2
2025-12-18 14:00:00,88810.18,8.274104244358895e-05,8.730265671539245e-06,87216.12
2025-12-18 15:00:00,88307.67,8.328815449966756e-05,5.393157970606937e-06,88810.18
2025-12-18 16:00:00,88466.16,8.588852307704086e-05,1.3745549284723283e-05,88307.67
2025-12-18 17:00:00,87965.2,8.824717561665644e-05,1.1225889535850112e-05,88466.16
2025-12-18 18:00:00,86436.39,7.090231604234414e-05,1.374750475678303e-06,87965.2
2025-12-18 19:00:00,85940.04,5.791230890824785e-05,2.2524112025836413e-06,86436.39
2025-12-18 20:00:00,84446.03,4.9331135962898064e-05,3.148039247761427e-07,85940.04
2025-12-18 21:00:00,84634.29,4.358056834161823e-05,9.254283206084082e-07,84446.03
2025-12-18 22:00:00,85582.65,3.608492328392856e-05,5.695551650581155e-07,84634.29
2025-12-18 23:00:00,85534.29,3.127868422440704e-05,7.371103401553942e-07,85582.65
2025-12-19 00:00:00,85460.88,1.909400672079668e-05,1.47871801503055e-06,85534.29
2025-12-19 01:00:00,85558.09,1.222487768683582e-05,4.276012537908657e-06,85460.88
2025-12-19 02:00:00,85281.19,1.466751231266496e-05,3.965251756350097e-06,85558.09
2025-12-19 03:00:00,85599.45,1.3370479502329919e-05,1.0187996764276743e-06,85281.19
2025-12-19 04:00:00,86814.97,3.0589588011641624e-05,1.8003466460755557e-05,85599.45
2025-12-19 05:00:00,87041.01,5.3358956158598213e-05,2.4237478772836083e-05,86814.97
2025-12-19 06:00:00,87094.23,6.569077505481844e-05,1.2519612744636722e-05,87041.01
2025-12-19 07:00:00,87435.49,6.996153954489921e-05,5.13657904171129e-06,87094.23
2025-12-19 08:00:00,87892.34,8.510589591802475e-05,1.7067291167802086e-05,87435.49
2025-12-19 09:00:00,88059.67,0.00010476336556569711,2.449199983967384e-05,87892.34
2025-12-19 10:00:00,88054.73,0.00012073286978643413,2.092108591544151e-05,88059.67
2025-12-19 11:00:00,88222.25,0.00012941985310605217,9.524603198598774e-06,88054.73
2025-12-19 12:00:00,88141.83,0.00012405149702999908,1.1232157645338629e-05,88222.25
2025-12-19 13:00:00,87806.49,0.00011067455960430355,1.073472374265586e-05,88141.83
2025-12-19 14:00:00,87948.36,0.00010655207639700616,8.405295320284013e-06,87806.49
2025-12-19 15:00:00,88130.39,0.00010779630321327596,6.01852804071338e-06,87948.36
2025-12-19 16:00:00,87915.08,9.590704206042307e-05,4.716711742454977e-06,88130.39
2025-12-19 17:00:00,87926.18,7.59928884468854e-05,4.434592435377349e-06,87915.08
2025-12-19 18:00:00,86897.67,5.7323032160889626e-05,2.251028013096958e-06,87926.18
2025-12-19 19:00:00,87100.35,5.79425318292412e-05,9.90222905183185e-06,86897.67
2025-12-19 20:00:00,87787.49,5.109742645790941e-05,4.3772913158828315e-06,87100.35
2025-12-19 21:00:00,87974.73,4.479255568997692e-05,4.582423113797979e-06,87787.49
2025-12-19 22:00:00,87790.49,3.77430519091245e-05,1.2973890921354146e-06,87974.73
2025-12-19 23:00:00,88294.43,3.295825445729589e-05,1.16356416687096e-06,87790.49
2025-12-20 00:00:00,88097.27,2.8183633703002665e-05,1.1135308665467664e-08,88294.43
2025-12-20 01:00:00,87966.35,2.3758655915026986e-05,6.629010054360412e-09,88097.27
2025-12-20 02:00:00,88036.85,2.1256044012201006e-05,0.0,87966.35
2025-12-20 03:00:00,88161.22,1.1380296581984189e-05,0.0,88036.85
2025-12-20 04:00:00,88174.29,7.058252403897575e-06,0.0,88161.22
2025-12-20 05:00:00,88249.26,2.4811099317522753e-06,0.0,88174.29
2025-12-20 06:00:00,88262.15,1.1814047586516404e-06,1.6376322902337037e-10,88249.26
2025-12-20 07:00:00,88268.31,4.453903760441739e-06,4.434338994107667e-06,88262.15
2025-12-20 08:00:00,88238.7,1.3416581249160919e-05,9.001785639235243e-06,88268.31
2025-12-20 09:00:00,88219.98,4.396039809980595e-05,3.066441203417079e-05,88238.7
2025-12-20 10:00:00,88192.49,5.1741798452382226e-05,7.762281812475063e-06,88219.98
2025-12-20 11:00:00,88121.05,6.723673407655477e-05,1.5427309773792494e-05,88192.49
2025-12-20 12:00:00,88241.2,8.025739722034382e-05,1.3002839310914958e-05,88121.05
2025-12-20 13:00:00,88209.42,8.915598174663938e-05,8.829539352308823e-06,88241.2
2025-12-20 14:00:00,88230.64,9.073065381027378e-05,1.5608803456753888e-06,88209.42
2025-12-20 15:00:00,88213.82,8.630233761641818e-05,0.0,88230.64
2025-12-20 16:00:00,88137.66,7.727463896328755e-05,1.7797524570835668e-11,88213.82
2025-12-20 17:00:00,88115.2,4.6614673455463e-05,1.4321594122012729e-08,88137.66
2025-12-20 18:00:00,88149.3,3.884028494962589e-05,0.0,88115.2
2025-12-20 19:00:00,88274.46,2.3394009581976576e-05,0.0,88149.3
2025-12-20 20:00:00,88195.78,1.0405338271874907e-05,0.0,88274.46
2025-12-20 21:00:00,88247.71,1.5752313968027515e-06,0.0,88195.78
2025-12-20 22:00:00,88177.95,1.4354503471850748e-08,0.0,88247.71
2025-12-20 23:00:00,88253.43,1.435176697636124e-08,0.0,88177.95
2025-12-21 00:00:00,88327.72,7.664728050084923e-08,6.24075520048592e-08,88253.43
2025-12-21 01:00:00,88352.11,6.230980400896113e-08,0.0,88327.72
2025-12-21 02:00:00,87992.54,1.0567859488303365e-07,4.344440290315691e-08,88352.11
2025-12-21 03:00:00,87924.84,7.847840980170288e-07,6.767870903715182e-07,87992.54
2025-12-21 04:00:00,88047.82,9.686398412405698e-07,1.8398827091607428e-07,87924.84
2025-12-21 05:00:00,88048.22,9.69378051117032e-07,1.6749092621373273e-10,88047.82
2025-12-21 06:00:00,88111.07,9.68611755732756e-07,0.0,88048.22
2025-12-21 07:00:00,88067.1,9.69440883823426e-07,0.0,88111.07
2025-12-21 08:00:00,88144.47,9.077968546212591e-07,0.0,88067.1
2025-12-21 09:00:00,88508.13,1.842228603740273e-06,9.31985620347692e-07,88144.47
2025-12-21 10:00:00,88854.54,4.496678444625062e-06,2.7210659613607972e-06,88508.13
2025-12-21 11:00:00,88634.78,5.814837849022425e-06,2.0190107044423413e-06,88854.54
2025-12-21 12:00:00,88579.67,8.151337949555563e-06,2.52936255595796e-06,88634.78
2025-12-21 13:00:00,88611.32,8.325373451864115e-06,1.7521721041960918e-07,88579.67
2025-12-21 14:00:00,87661.41,8.331316215061936e-06,0.0,88611.32
2025-12-21 15:00:00,88037.36,8.672967531519337e-06,3.442158832287592e-07,87661.41
2025-12-21 16:00:00,88039.93,1.2069718898642068e-05,3.3850135129744357e-06,88037.36
2025-12-21 17:00:00,88323.42,1.1193887633243977e-05,1.0149137012203023e-08,88039.93
2025-12-21 18:00:00,88300.25,8.505983260037366e-06,0.0,88323.42
2025-12-21 19:00:00,88421.65,6.545547945661717e-06,7.433769992915383e-08,88300.25
2025-12-21 20:00:00,88461.88,4.039813587491389e-06,2.607871535128038e-08,88421.65
2025-12-21 21:00:00,88217.56,3.865977218469523e-06,0.0,88461.88
2025-12-21 22:00:00,88143.76,3.824534088860389e-06,0.0,88217.56
2025-12-21 23:00:00,88454.75,4.304553592393762e-06,8.102875980828082e-07,88143.76
2025-12-22 00:00:00,88635.8,9.769221276979088e-07,5.762544691730676e-08,88454.75
2025-12-22 01:00:00,88611.8,3.845809564990637e-06,2.886095042058268e-06,88635.8
2025-12-22 02:00:00,88605.01,8.583396578139982e-06,4.7553150895854014e-06,88611.8
2025-12-22 03:00:00,88442.36,1.0605130573619545e-05,2.088695341957674e-06,88605.01
2025-12-22 04:00:00,88754.38,1.6302264853069934e-05,5.7171379254467626e-06,88442.36
2025-12-22 05:00:00,88886.42,2.0786816171532472e-05,4.557139314679745e-06,88754.38
2025-12-22 06:00:00,88808.52,2.1270264718820623e-05,5.050579741097321e-07,88886.42
2025-12-22 07:00:00,88883.53,2.075215521342316e-05,2.2087076795970945e-07,88808.52
2025-12-22 08:00:00,89140.77,3.364567806797136e-05,1.2944869587857453e-05,88883.53
2025-12-22 09:00:00,89298.22,4.407587548627287e-05,1.3404162868254898e-05,89140.77
2025-12-22 10:00:00,89793.04,5.279251175534745e-05,1.3580387057545339e-05,89298.22
2025-12-22 11:00:00,89748.42,6.757723544338954e-05,1.7225604816440412e-05,89793.04
2025-12-22 12:00:00,89914.87,6.718004865488216e-05,5.158850615979289e-06,89748.42
2025-12-22 13:00:00,90182.14,6.543402180548137e-05,2.7493959912382457e-06,89914.87
2025-12-22 14:00:00,89889.78,6.533019355694604e-05,4.6521947252432083e-07,90182.14
2025-12-22 15:00:00,90104.27,6.525159977350864e-05,8.82720877901606e-08,89889.78
2025-12-22 16:00:00,89701.19,5.3594793000912496e-05,1.1489667199171908e-06,90104.27
2025-12-22 17:00:00,89513.77,4.2059615971297865e-05,1.8061105299264253e-06,89701.19
2025-12-22 18:00:00,89273.49,3.01416991680833e-05,1.4999812026226747e-06,89513.77
2025-12-22 19:00:00,89108.83,1.5634965427748057e-05,2.7108676825826948e-06,89273.49
2025-12-22 20:00:00,88016.12,1.5660253310418227e-05,5.118410265738651e-06,89108.83
2025-12-22 21:00:00,88318.14,2.322490972070791e-05,1.0028871102571416e-05,88016.12
2025-12-22 22:00:00,88242.09,2.7963316228892406e-05,5.18513959028819e-06,88318.14
2025-12-22 23:00:00,88619.1,3.816835842963321e-05,1.001544368415841e-05,88242.09
2025-12-23 00:00:00,88561.93,4.21008675075454e-05,5.1837844708538965e-06,88619.1
2025-12-23 01:00:00,88729.53,4.318792017363592e-05,2.945694771043569e-06,88561.93
2025-12-23 02:00:00,88469.66,4.1904700820735887e-05,3.2666132945467034e-07,88729.53
2025-12-23 03:00:00,88159.01,4.1543650312270185e-05,2.40473445186133e-06,88469.66
2025-12-23 04:00:00,88138.33,3.6391031369895896e-05,4.1313074318568465e-07,88159.01
2025-12-23 05:00:00,87879.64,2.6645814186375417e-05,1.9280102610996314e-07,88138.33
2025-12-23 06:00:00,87705.22,2.2594152525476974e-05,1.1472259256228817e-06,87879.64
2025-12-23 07:00:00,87350.64,1.4435165836004325e-05,1.7841246699845104e-06,87705.22
2025-12-23 08:00:00,87517.18,9.490523400121134e-06,2.4175783865901885e-07,87350.64
2025-12-23 09:00:00,87419.55,6.5572144621125205e-06,0.0,87517.18
2025-12-23 10:00:00,87479.53,6.212305162195438e-06,0.0,87419.55
2025-12-23 11:00:00,87559.12,3.794200908289369e-06,0.0,87479.53
2025-12-23 12:00:00,87810.19,3.5306910015634275e-06,1.494254942351417e-07,87559.12
2025-12-23 13:00:00,87747.81,3.3280931168364467e-06,0.0,87810.19
2025-12-23 14:00:00,87573.57,2.1765386931053403e-06,0.0,87747.81
2025-12-23 15:00:00,86828.79,4.905097732444948e-07,9.993662719590625e-08,87573.57
2025-12-23 16:00:00,87399.48,3.821481887230525e-06,3.544157148707389e-06,86828.79
