evidence_set,candidate,metric,value
overlap,fixed_1.5,windows_evaluated,33
overlap,fixed_1.5,window_pass_rate_pct,60.60606060606061
overlap,fixed_1.5,test_positive_ratio_pct,96.96969696969695
overlap,fixed_1.5,median_test_return_pct,35.95042550752496
overlap,fixed_1.5,median_test_sharpe,6.23364139572239
overlap,fixed_1.5,median_test_max_drawdown_pct,-4.51205017850407
overlap,fixed_1.5,median_test_cvar5_pct,-1.520393619614921
overlap,fixed_1.5,test_return_iqr_pct,14.870242369604632
overlap,fixed_1.5,median_generalization_gap_abs_pct,75.37534812013334
overlap,fixed_1.5,objective_score,0.4016137923785479
overlap,fixed_1.5,selected_by_objective,False
overlap,fixed_1.5,in_robust_band,False
overlap,fixed_1.5,window_dist_window_count,33.0
overlap,fixed_1.5,window_dist_positive_window_ratio_pct,96.96969696969697
overlap,fixed_1.5,window_dist_median_test_return_pct,35.95042550752496
overlap,fixed_1.5,window_dist_mean_test_return_pct,38.01897573910362
overlap,fixed_1.5,window_dist_worst_test_return_pct,-3.2849572262094062
overlap,fixed_1.68,windows_evaluated,33
overlap,fixed_1.68,window_pass_rate_pct,81.81818181818183
overlap,fixed_1.68,test_positive_ratio_pct,96.96969696969695
overlap,fixed_1.68,median_test_return_pct,36.72563727613676
overlap,fixed_1.68,median_test_sharpe,5.823486650538456
overlap,fixed_1.68,median_test_max_drawdown_pct,-4.493024182692299
overlap,fixed_1.68,median_test_cvar5_pct,-1.6135673859036026
overlap,fixed_1.68,test_return_iqr_pct,12.430815902986936
overlap,fixed_1.68,median_generalization_gap_abs_pct,73.15200941323732
overlap,fixed_1.68,objective_score,0.7684025097789746
overlap,fixed_1.68,selected_by_objective,True
overlap,fixed_1.68,in_robust_band,True
overlap,fixed_1.68,window_dist_window_count,33.0
overlap,fixed_1.68,window_dist_positive_window_ratio_pct,96.96969696969697
overlap,fixed_1.68,window_dist_median_test_return_pct,36.72563727613676
overlap,fixed_1.68,window_dist_mean_test_return_pct,37.55023313233118
overlap,fixed_1.68,window_dist_worst_test_return_pct,-0.5323924929937718
overlap,delta_1.68_minus_1.5,window_pass_rate_pct,21.212121212121218
overlap,delta_1.68_minus_1.5,test_positive_ratio_pct,0.0
overlap,delta_1.68_minus_1.5,median_test_return_pct,0.775211768611797
overlap,delta_1.68_minus_1.5,median_test_sharpe,-0.41015474518393447
overlap,delta_1.68_minus_1.5,median_test_max_drawdown_pct,0.01902599581177089
overlap,delta_1.68_minus_1.5,median_test_cvar5_pct,-0.09317376628868157
overlap,delta_1.68_minus_1.5,test_return_iqr_pct,-2.4394264666176966
overlap,delta_1.68_minus_1.5,median_generalization_gap_abs_pct,-2.2233387068960155
overlap,delta_1.68_minus_1.5,objective_score,0.36678871740042673
overlap,delta_1.68_minus_1.5,window_count,33.0
overlap,delta_1.68_minus_1.5,beat_rate_168_vs_150_pct,36.36363636363637
overlap,delta_1.68_minus_1.5,median_delta_ret_pct,-0.9693833041353646
overlap,delta_1.68_minus_1.5,mean_delta_ret_pct,-0.46874260677243235
overlap,delta_1.68_minus_1.5,worst_delta_ret_pct,-5.814900482141038
overlap,stress_low,test_return_pct,38.544637276136775
overlap,stress_low,test_daily_win_rate_pct,50.0
overlap,stress_low,test_position_win_rate_pct,27.27272727272727
overlap,stress_low,test_max_drawdown_pct,-3.074026835538022
overlap,stress_low,portfolio_positive_ratio_pct,100.0
overlap,stress_low,portfolio_median_return_pct,33.719903220495866
overlap,stress_low,portfolio_worst_return_pct,12.158721273085238
overlap,stress_base,test_return_pct,36.72563727613676
overlap,stress_base,test_daily_win_rate_pct,45.83333333333333
overlap,stress_base,test_position_win_rate_pct,26.83982683982684
overlap,stress_base,test_max_drawdown_pct,-3.2782400331272576
overlap,stress_base,portfolio_positive_ratio_pct,100.0
overlap,stress_base,portfolio_median_return_pct,31.94190322049587
overlap,stress_base,portfolio_worst_return_pct,10.375721273085237
overlap,stress_high,test_return_pct,33.087637276136775
overlap,stress_high,test_daily_win_rate_pct,45.83333333333333
overlap,stress_high,test_position_win_rate_pct,26.83982683982684
overlap,stress_high,test_max_drawdown_pct,-4.067485378188123
overlap,stress_high,portfolio_positive_ratio_pct,100.0
overlap,stress_high,portfolio_median_return_pct,28.385903220495855
overlap,stress_high,portfolio_worst_return_pct,6.809721273085234
nonoverlap,fixed_1.5,windows_evaluated,11
nonoverlap,fixed_1.5,window_pass_rate_pct,63.63636363636363
nonoverlap,fixed_1.5,test_positive_ratio_pct,100.0
nonoverlap,fixed_1.5,median_test_return_pct,35.505939165136226
nonoverlap,fixed_1.5,median_test_sharpe,6.0158272016074275
nonoverlap,fixed_1.5,median_test_max_drawdown_pct,-4.51205017850407
nonoverlap,fixed_1.5,median_test_cvar5_pct,-1.5529782625950368
nonoverlap,fixed_1.5,test_return_iqr_pct,17.161468374694877
nonoverlap,fixed_1.5,median_generalization_gap_abs_pct,72.81781805409543
nonoverlap,fixed_1.5,objective_score,0.7128023941450687
nonoverlap,fixed_1.5,selected_by_objective,False
nonoverlap,fixed_1.5,in_robust_band,False
nonoverlap,fixed_1.5,window_dist_window_count,11.0
nonoverlap,fixed_1.5,window_dist_positive_window_ratio_pct,100.0
nonoverlap,fixed_1.5,window_dist_median_test_return_pct,35.505939165136226
nonoverlap,fixed_1.5,window_dist_mean_test_return_pct,38.341586422986865
nonoverlap,fixed_1.5,window_dist_worst_test_return_pct,7.301832733552649
nonoverlap,fixed_1.68,windows_evaluated,11
nonoverlap,fixed_1.68,window_pass_rate_pct,90.9090909090909
nonoverlap,fixed_1.68,test_positive_ratio_pct,100.0
nonoverlap,fixed_1.68,median_test_return_pct,35.77820365664854
nonoverlap,fixed_1.68,median_test_sharpe,5.4454627277684375
nonoverlap,fixed_1.68,median_test_max_drawdown_pct,-4.493024182692299
nonoverlap,fixed_1.68,median_test_cvar5_pct,-1.6691080232274365
nonoverlap,fixed_1.68,test_return_iqr_pct,19.30375308009049
nonoverlap,fixed_1.68,median_generalization_gap_abs_pct,65.93593085567586
nonoverlap,fixed_1.68,objective_score,0.3326845513941857
nonoverlap,fixed_1.68,selected_by_objective,True
nonoverlap,fixed_1.68,in_robust_band,True
nonoverlap,fixed_1.68,window_dist_window_count,11.0
nonoverlap,fixed_1.68,window_dist_positive_window_ratio_pct,100.0
nonoverlap,fixed_1.68,window_dist_median_test_return_pct,35.77820365664854
nonoverlap,fixed_1.68,window_dist_mean_test_return_pct,37.925956620184145
nonoverlap,fixed_1.68,window_dist_worst_test_return_pct,5.965573677365854
nonoverlap,delta_1.68_minus_1.5,window_pass_rate_pct,27.272727272727273
nonoverlap,delta_1.68_minus_1.5,test_positive_ratio_pct,0.0
nonoverlap,delta_1.68_minus_1.5,median_test_return_pct,0.2722644915123169
nonoverlap,delta_1.68_minus_1.5,median_test_sharpe,-0.5703644738389899
nonoverlap,delta_1.68_minus_1.5,median_test_max_drawdown_pct,0.01902599581177089
nonoverlap,delta_1.68_minus_1.5,median_test_cvar5_pct,-0.11612976063239966
nonoverlap,delta_1.68_minus_1.5,test_return_iqr_pct,2.142284705395614
nonoverlap,delta_1.68_minus_1.5,median_generalization_gap_abs_pct,-6.881887198419562
nonoverlap,delta_1.68_minus_1.5,objective_score,-0.38011784275088306
nonoverlap,delta_1.68_minus_1.5,window_count,11.0
nonoverlap,delta_1.68_minus_1.5,beat_rate_168_vs_150_pct,36.36363636363637
nonoverlap,delta_1.68_minus_1.5,median_delta_ret_pct,-0.17222185087641861
nonoverlap,delta_1.68_minus_1.5,mean_delta_ret_pct,-0.4156298028027179
nonoverlap,delta_1.68_minus_1.5,worst_delta_ret_pct,-5.542991566482129
nonoverlap,stress_low,test_return_pct,99.7596134563293
nonoverlap,stress_low,test_daily_win_rate_pct,64.51612903225806
nonoverlap,stress_low,test_position_win_rate_pct,28.432956381260095
nonoverlap,stress_low,test_max_drawdown_pct,-2.1444344937865645
nonoverlap,stress_low,portfolio_positive_ratio_pct,100.0
nonoverlap,stress_low,portfolio_median_return_pct,77.4220108133248
nonoverlap,stress_low,portfolio_worst_return_pct,47.494489304755035
nonoverlap,stress_base,test_return_pct,94.91661345632932
nonoverlap,stress_base,test_daily_win_rate_pct,64.51612903225806
nonoverlap,stress_base,test_position_win_rate_pct,28.27140549273021
nonoverlap,stress_base,test_max_drawdown_pct,-2.3397439260614425
nonoverlap,stress_base,portfolio_positive_ratio_pct,100.0
nonoverlap,stress_base,portfolio_median_return_pct,72.62751081332479
nonoverlap,stress_base,portfolio_worst_return_pct,42.70048930475501
nonoverlap,stress_high,test_return_pct,85.23061345632932
nonoverlap,stress_high,test_daily_win_rate_pct,61.29032258064516
nonoverlap,stress_high,test_position_win_rate_pct,27.94830371567044
nonoverlap,stress_high,test_max_drawdown_pct,-2.7634688833808463
nonoverlap,stress_high,portfolio_positive_ratio_pct,100.0
nonoverlap,stress_high,portfolio_median_return_pct,63.03851081332476
nonoverlap,stress_high,portfolio_worst_return_pct,33.11248930475503
