trade_date,daily_pnl,daily_return_pct,positions,equity
2024-01-21,20.011082794414087,2.0011082794414086,10,1020.011082794414
2024-01-22,37.014213024609965,3.6288049854523274,10,1057.025295819024
2024-01-23,-15.86469135802469,-1.5008809553353324,10,1041.1606044609994
2024-01-24,0.7169147565451757,0.06885726884723195,10,1041.8775192175444
2024-01-25,-18.116554337806004,-1.7388372436917185,10,1023.7609648797385
2024-01-26,63.491504825103455,6.201789968868546,10,1087.252469704842
2024-01-27,-1.1570358043911493,-0.10641831926169379,10,1086.0954339004509
2024-01-28,-11.54982552800733,-1.0634263958305123,10,1074.5456083724434
2024-01-29,17.97623855848552,1.6729153624026403,10,1092.5218469309289
2024-01-30,0.9053455346384913,0.08286749937145457,10,1093.4271924655673
2024-01-31,1.5127163996441373,0.1383463306992682,10,1094.9399088652115
2024-02-01,-14.284401530295574,-1.304583147864236,10,1080.655507334916
2024-02-02,8.75083726572621,0.809771218147705,10,1089.4063446006421
2024-02-03,1.660517345465916,0.15242405679899296,10,1091.066861946108
2024-02-04,8.874309973714091,0.8133607832140746,10,1099.9411719198222
2024-02-05,10.525234246511975,0.956890651537425,10,1110.466406166334
2024-02-06,7.032233225853818,0.6332684344888212,10,1117.498639392188
2024-02-07,-6.589842956630879,-0.5896958371434906,10,1110.908796435557
2024-02-08,5.28541829585316,0.4757742771334481,10,1116.19421473141
2024-02-09,7.705537436908044,0.6903402056032183,10,1123.8997521683182
2024-02-10,7.854956312847864,0.6989018635953472,10,1131.754708481166
2024-02-11,-14.168506431809885,-1.2519061176095534,10,1117.5862020493562
2024-02-12,-16.286459297801596,-1.4572888666607153,10,1101.2997427515545
2024-02-13,-6.922923283363309,-0.6286139017944973,10,1094.3768194681911
2024-02-14,14.102843966068168,1.2886643535561544,10,1108.4796634342592
2024-02-15,25.823558077961263,2.329637514318979,10,1134.3032215122205
2024-02-16,5.127742008894151,0.45206095792075707,10,1139.4309635211146
2024-02-17,-15.977237398083693,-1.4022119733090457,10,1123.453726123031
2024-02-18,-5.363552840093468,-0.477416444965896,10,1118.0901732829375
2024-02-19,14.973330710738697,1.3391881145662865,10,1133.0635039936762
2024-02-20,-8.929673913043478,-0.7881000386623798,10,1124.1338300806328
2024-02-21,-1.0531704100963828,-0.09368728010087911,10,1123.0806596705365
2024-02-22,-10.979361985269893,-0.9776111707320081,10,1112.1012976852667
2024-02-23,-0.6826599345632136,-0.061384690044342674,10,1111.4186377507035
2024-02-24,-19.600000000000005,-1.763511905798756,10,1091.8186377507036
2024-02-25,13.016809011816058,1.1922134832422784,10,1104.8354467625197
2024-02-26,2.0688875829353464,0.18725753133625211,10,1106.904334345455
2024-02-27,0.033025340603806796,0.002983576771639949,10,1106.937359686059
2024-02-28,5.3833360453386465,0.48632707155763777,10,1112.3206957313976
2024-02-29,-16.11218934911244,-1.4485201445000535,10,1096.2085063822851
2024-03-01,22.01860364150045,2.0086145576598744,10,1118.2271100237856
2024-03-02,2.718677645633959,0.24312392547665304,10,1120.9457876694196
2024-03-03,-0.8504259768560796,-0.07586682480195736,10,1120.0953616925635
2024-03-04,13.69988971779449,1.2231002989863953,10,1133.795251410358
2024-03-05,-11.428864599650879,-1.008018386515044,10,1122.3663868107071
2024-03-06,-19.600000000000005,-1.7463103163392977,10,1102.7663868107072
2024-03-07,2.0108446811176295,0.18234548179629967,10,1104.7772314918248
2024-03-08,57.50739253118019,5.205338315447148,10,1162.2846240230049
2024-03-09,3.1011482864571933,0.266814876697174,10,1165.385772309462
2024-03-10,-1.5927261261419257,-0.13666943290251407,10,1163.79304618332
2024-03-11,1.8841105332568981,0.16189395008295265,10,1165.677156716577
2024-03-12,-9.524076447359038,-0.8170423854050632,10,1156.153080269218
2024-03-13,0.6478565183591856,0.0560355310568673,10,1156.8009367875773
2024-03-14,5.7801487336745705,0.4996666712361053,10,1162.581085521252
2024-03-15,-3.507507424703065,-0.3017000249174403,10,1159.0735780965488
2024-03-16,-12.736294570030307,-1.0988340007668949,10,1146.3372835265184
2024-03-17,54.82865093892776,4.78294230911311,10,1201.165934465446
2024-03-18,9.270209842717783,0.7717676281623236,10,1210.4361443081639
2024-03-19,9.31589720460931,0.7696314463522484,10,1219.752041512773
2024-03-20,-19.600000000000005,-1.6068839676375124,10,1200.1520415127732
2024-03-21,0.0738126767490066,0.006150277147882601,10,1200.2258541895221
2024-03-22,-0.5134766963926611,-0.0427816726827133,10,1199.7123774931295
2024-03-23,2.826174172396912,0.23557097729560572,10,1202.5385516655263
2024-03-24,10.467640247310381,0.870461926797491,10,1213.0061919128366
2024-03-25,105.72606709970361,8.716036884608155,10,1318.7322590125402
2024-03-26,4.613238328508886,0.34982372630842096,10,1323.3454973410492
2024-03-27,5.706338917197764,0.431205526346922,10,1329.051836258247
2024-03-28,-13.138278135440338,-0.9885452001954459,10,1315.9135581228068
2024-03-29,7.6016742432955295,0.5776727655378492,10,1323.5152323661023
2024-03-30,3.806142371107023,0.28757828229166854,10,1327.3213747372092
2024-03-31,0.02964394978094731,0.0022333664133764434,10,1327.35101868699
2024-04-01,-5.957055867573158,-0.4487928048954113,10,1321.3939628194169
2024-04-02,19.546596410975432,1.4792406323144895,10,1340.9405592303922
2024-04-03,-1.3305323756962206,-0.09922381469763693,10,1339.610026854696
2024-04-04,9.499464845172454,0.7091216588962451,10,1349.1094916998684
2024-04-05,-4.652280279817914,-0.34484082340537636,10,1344.4572114200505
2024-04-06,19.62232188153735,1.4594976853753303,10,1364.0795333015878
2024-04-07,1.2342637301632822,0.09048326728984032,10,1365.3137970317512
2024-04-08,-7.195600974449081,-0.5270290969074374,10,1358.1181960573022
2024-04-09,4.98608388456728,0.36713180775003074,10,1363.1042799418694
2024-04-10,11.905671889685348,0.8734234104373197,10,1375.0099518315549
2024-04-11,-5.491745786051,-0.39939680281846895,10,1369.5182060455038
2024-04-12,48.717196218782554,3.557250718079455,10,1418.2354022642864
2024-04-13,1.879204368471015,0.13250299389443865,10,1420.1146066327574
2024-04-14,41.83727688083059,2.9460493318937986,10,1461.951883513588
2024-04-15,-12.817283568757368,-0.8767240367687681,10,1449.1345999448306
2024-04-16,-16.367832185505787,-1.12949012370065,10,1432.766767759325
2024-04-17,11.650472359837917,0.8131450716195668,10,1444.417240119163
2024-04-18,-19.600000000000005,-1.3569486333729321,10,1424.817240119163
2024-04-19,-12.990187734668336,-0.911709050739863,10,1411.8270523844947
2024-04-20,22.64410889049388,1.6038868820546597,10,1434.4711612749886
2024-04-21,3.1829971510442716,0.22189342225710246,10,1437.6541584260328
2024-04-22,7.104003141141923,0.4941385311276463,10,1444.7581615671747
2024-04-23,-0.3642025989667661,-0.02520855106793126,10,1444.393958968208
2024-04-24,-9.753966331758612,-0.6752981948724215,10,1434.6399926364493
2024-04-25,-7.110178733817981,-0.4956071746439711,10,1427.5298139026313
2024-04-26,19.71396149655744,1.380984222155243,10,1447.2437753991887
2024-04-27,-0.3120317049041872,-0.021560410914057686,10,1446.9317436942845
2024-04-28,-10.92710168120893,-0.755191233368757,10,1436.0046420130755
2024-04-29,-10.070972140436599,-0.7013189126128813,10,1425.9336698726388
2024-04-30,46.970989514694224,3.294051505136951,10,1472.9046593873331
2024-05-01,-9.80741741322049,-0.665855549489535,10,1463.0972419741126
2024-05-02,87.90426429991696,6.008094457297343,10,1551.0015062740297
2024-05-03,16.731797697924634,1.078773787790795,10,1567.7333039719542
2024-05-04,-11.124286262918973,-0.7095777218443259,10,1556.6090177090352
2024-05-05,0.30893884364425683,0.01984691339505039,10,1556.9179565526795
2024-05-06,-2.5895632796108305,-0.16632625172778082,10,1554.3283932730687
2024-05-07,-19.600000000000005,-1.260994786225759,10,1534.7283932730688
2024-05-08,-6.332795348978482,-0.4126329698946092,10,1528.3955979240905
2024-05-09,-8.430026806905719,-0.5515605264995278,10,1519.9655711171847
2024-05-10,0.6075760234912648,0.039973012220578946,10,1520.573147140676
2024-05-11,-11.023355197991775,-0.7249473804479823,10,1509.5497919426841
2024-05-12,-12.485512771315696,-0.827101751658534,10,1497.0642791713685
2024-05-13,3.891809148668634,0.2599627285758743,10,1500.9560883200372
2024-05-14,0.7633337587537914,0.05085650171206286,10,1501.719422078791
2024-05-15,-0.4832987694609401,-0.032183027159089564,10,1501.23612330933
2024-05-16,-11.334725885694189,-0.7550261887322482,10,1489.9013974236357
2024-05-17,15.032514833645976,1.0089603821863964,10,1504.9339122572817
2024-05-18,-4.751122087422351,-0.3157030384341624,10,1500.1827901698593
2024-05-19,-14.052863859157743,-0.9367434389489695,10,1486.1299263107016
2024-05-20,57.23204458738498,3.851079476574622,10,1543.3619708980866
2024-05-21,-16.32213075060532,-1.0575698415782158,10,1527.0398401474813
2024-05-22,-7.6805447001700395,-0.502969503364644,10,1519.3592954473113
2024-05-23,-7.578093438500691,-0.49876901804649443,10,1511.7812020088106
2024-05-24,4.725355672595528,0.3125687544147668,10,1516.506557681406
2024-05-25,9.271241666135545,0.6113551978509337,10,1525.7777993475415
2024-05-26,4.677320122211537,0.30655316417709505,10,1530.455119469753
2024-05-27,3.1910528249772248,0.20850352188588242,10,1533.6461722947304
2024-05-28,-13.410231958762898,-0.8744019449217372,10,1520.2359403359674
2024-05-29,-12.834811353966884,-0.8442644337911411,10,1507.4011289820005
2024-05-30,-8.674181141885647,-0.5754394749421222,10,1498.726947840115
2024-05-31,-3.2715175513921455,-0.2182864301003516,10,1495.4554302887227
2024-06-01,-7.68525926851982,-0.5139076105421646,10,1487.770171020203
2024-06-02,-4.90853961607552,-0.32992593289524047,10,1482.8616314041274
2024-06-03,9.55993977553478,0.6446953359014648,10,1492.4215711796621
2024-06-04,5.017079392493034,0.33617038840623026,10,1497.4386505721552
2024-06-05,-10.471366791352912,-0.6992851952466911,10,1486.9672837808023
2024-06-06,-1.9138025728946808,-0.12870508946428166,10,1485.0534812079077
2024-06-07,18.88176337994397,1.271453427023112,10,1503.9352445878517
2024-06-08,-19.600000000000005,-1.303247601286937,10,1484.3352445878518
2024-06-09,-11.964586366798505,-0.8060568803727794,10,1472.3706582210532
2024-06-10,22.179415521516766,1.5063744579312908,10,1494.55007374257
2024-06-11,16.29121981005282,1.0900417521145507,10,1510.8412935526228
2024-06-12,12.501632433190352,0.8274616590465144,10,1523.342925985813
2024-06-13,31.49435144910315,2.0674498769685727,10,1554.8372774349161
2024-06-14,-5.239698768728713,-0.3369933847593927,10,1549.5975786661875
2024-06-15,-5.759505670849182,-0.3716775084152276,10,1543.8380729953383
2024-06-16,-5.964945586218286,-0.3863711933626019,10,1537.87312740912
2024-06-17,44.8343352287409,2.915346814354838,10,1582.7074626378608
2024-06-18,-1.4773114964813412,-0.09334078036247719,10,1581.2301511413793
2024-06-19,-11.901932227136339,-0.7527008145237534,10,1569.328218914243
2024-06-20,-3.104821163680829,-0.1978439644594509,10,1566.2233977505623
2024-06-21,-16.42559369656744,-1.0487388785123608,10,1549.797804053995
2024-06-22,18.08900436216588,1.1671847975812242,10,1567.8868084161609
2024-06-23,3.3163137278177777,0.21151486893163118,10,1571.2031221439786
2024-06-24,-15.538455003981953,-0.9889526557698677,10,1555.6646671399967
2024-06-25,3.3316240725434794,0.21416081131857842,10,1558.9962912125402
2024-06-26,-12.704167040862137,-0.8148939873988552,10,1546.292124171678
2024-06-27,9.249211749493682,0.5981542300390571,10,1555.5413359211718
2024-06-28,13.047140871497966,0.8387524375089406,10,1568.5884767926698
2024-06-29,-10.149227016101207,-0.6470292983953047,10,1558.4392497765687
2024-06-30,-14.15990803373208,-0.9085954448184084,10,1544.2793417428366
2024-07-01,5.21663791885606,0.33780403440278417,10,1549.4959796616927
2024-07-02,-5.549662673389596,-0.358159217334741,10,1543.9463169883031
2024-07-03,18.907434228164043,1.2246173341729787,10,1562.8537512164671
2024-07-04,-1.1142171100302458,-0.07129375408050695,10,1561.7395341064368
2024-07-05,-10.454441327338968,-0.6694100455951235,10,1551.2850927790978
2024-07-06,16.934529881074752,1.0916452404462202,10,1568.2196226601725
2024-07-07,-3.667918907736873,-0.23389063972525598,10,1564.5517037524355
2024-07-08,23.423215194154103,1.4971199186307262,10,1587.9749189465897
2024-07-09,2.4143998265501123,0.1520426927241235,10,1590.3893187731398
2024-07-10,-4.687211014279877,-0.294720981771664,10,1585.70210775886
2024-07-11,-2.097615566469339,-0.13228307865680952,10,1583.6044921923906
2024-07-12,9.270936808824917,0.5854325909362601,10,1592.8754290012155
2024-07-13,21.732928890346756,1.3643834599152556,10,1614.6083578915623
2024-07-14,15.817800022047123,0.9796679141871166,10,1630.4261579136094
2024-07-15,5.302245390224158,0.3252061042132216,10,1635.7284033038336
2024-07-16,-11.08368504170352,-0.6775993508040066,10,1624.64471826213
2024-07-17,3.186469888063865,0.19613333624550278,10,1627.8311881501938
2024-07-18,3.627191576338455,0.22282357057308008,10,1631.4583797265323
2024-07-19,16.76006264645894,1.0273055601497043,10,1648.2184423729911
2024-07-20,-0.5423512790795229,-0.03290530339526373,10,1647.6760910939117
2024-07-21,3.6118880367896997,0.21921104859825477,10,1651.2879791307014
2024-07-22,6.589035947750312,0.39902403645056644,10,1657.8770150784517
2024-07-23,12.854352456217462,0.7753501821490171,10,1670.731367534669
2024-07-24,5.281445764322534,0.31611579616870633,10,1676.0128132989917
2024-07-25,4.201732694883152,0.25069812483191234,10,1680.2145459938747
2024-07-26,26.172255612197663,1.5576734337052378,10,1706.3868016060724
2024-07-27,-8.210741706213794,-0.48117705191377136,10,1698.1760598998585
2024-07-28,-9.977654319301136,-0.5875512295167745,10,1688.1984055805574
2024-07-29,-5.779435469428596,-0.34234337920969043,10,1682.4189701111288
2024-07-30,-11.779839214811586,-0.7001727526903416,10,1670.6391308963173
2024-07-31,0.017473245423020867,0.001045901840791091,10,1670.6566041417402
2024-08-01,7.796003843453552,0.4666431045210851,10,1678.4526079851937
2024-08-02,0.16509752837329628,0.009836293714094111,10,1678.617705513567
2024-08-03,-4.812394366197188,-0.2866879308129813,10,1673.8053111473698
2024-08-04,12.263073984152445,0.7326463778362778,10,1686.0683851315223
2024-08-05,37.7927921188866,2.241474453359053,10,1723.861177250409
2024-08-06,24.365197911573286,1.4134083552154841,10,1748.226375161982
2024-08-07,11.960922295393656,0.6841746850024166,10,1760.1872974573757
2024-08-08,99.36128694212908,5.6449269396307065,10,1859.5485843995048
2024-08-09,-9.170449052513703,-0.493154582216795,10,1850.378135346991
2024-08-10,-4.102400404995457,-0.22170605708255178,10,1846.2757349419956
2024-08-11,28.568266522270115,1.5473456094123257,10,1874.8440014642656
2024-08-12,37.459134295222086,1.9979867266805267,10,1912.3031357594878
2024-08-13,-11.213474293843321,-0.586385813219398,10,1901.0896614656444
2024-08-14,3.8414486016619493,0.20206561949847152,10,1904.9311100673065
2024-08-15,1.3599896387151575,0.07139311398337683,10,1906.2910997060217
2024-08-16,-16.090000000000007,-0.844047375685766,10,1890.2010997060218
2024-08-17,-0.4966788295085973,-0.026276507276704292,10,1889.704420876513
2024-08-18,-5.161841553474892,-0.27315602887146995,10,1884.5425793230381
2024-08-19,-3.671422162656132,-0.19481768164532387,10,1880.871157160382
2024-08-20,6.3398701682816005,0.3370709441816912,10,1887.2110273286635
2024-08-21,-1.158042568011709,-0.061362643140704394,10,1886.0529847606517
2024-08-22,-4.302734607276702,-0.2281343441590925,10,1881.750250153375
2024-08-23,31.571633700032233,1.6777802313276662,10,1913.3218838534071
2024-08-24,-16.237183275699472,-0.8486383505423553,10,1897.0847005777077
2024-08-25,-18.449219025249565,-0.9725037063253599,10,1878.6354815524583
2024-08-26,8.658665055282505,0.4609018162548062,10,1887.2941466077407
2024-08-27,23.324762339504467,1.2358837853351503,10,1910.6189089472452
2024-08-28,-13.594884804556038,-0.7115435077551308,10,1897.0240241426893
2024-08-29,-12.399303590859647,-0.6536186908050988,10,1884.6247205518296
2024-08-30,-11.700583154392739,-0.6208441939022606,10,1872.9241373974369
2024-08-31,4.697210140479407,0.2507955365990701,10,1877.6213475379163
2024-09-01,22.661364728785003,1.206918783624843,10,1900.2827122667013
2024-09-02,21.741815526159087,1.144135837568345,10,1922.0245277928605
2024-09-03,18.03746603224814,0.9384618027201401,10,1940.0619938251086
2024-09-04,18.845040156911764,0.9713627820601796,10,1958.9070339820205
2024-09-05,1.8480503214973742,0.09434088955925084,10,1960.7550843035178
2024-09-06,-15.241009020027521,-0.777303047281976,10,1945.5140752834902
2024-09-07,-5.757480190652138,-0.29593618796169274,10,1939.756595092838
2024-09-08,12.96640172928011,0.668455091844115,10,1952.7229968221181
2024-09-09,11.04609206235278,0.5656763442807456,10,1963.7690888844709
2024-09-10,-6.366809406539539,-0.3242137501082797,10,1957.4022794779314
2024-09-11,-11.745707302755646,-0.600066088912924,10,1945.6565721751758
2024-09-12,-1.793617964631098,-0.09218574286344357,10,1943.8629542105448
2024-09-13,-14.618771560529686,-0.7520474387797962,10,1929.244182650015
2024-09-14,11.956019713769363,0.6197255806855171,10,1941.2002023637845
2024-09-15,3.3358997577324585,0.17184728054686782,10,1944.536102121517
2024-09-16,34.31519499797113,1.7646982722785531,10,1978.851297119488
2024-09-17,49.89727195435565,2.5215271115615683,10,2028.7485690738436
2024-09-18,-13.389877033842183,-0.6600067271990673,10,2015.3586920400014
2024-09-19,8.289474610899685,0.41131509957211887,10,2023.6481666509012
2024-09-20,1.3594524820907434,0.06717830226094149,10,2025.007619132992
2024-09-21,-13.734104979811587,-0.6782248545658238,10,2011.2735141531805
2024-09-22,12.187869784414254,0.6059777399070355,10,2023.4613839375947
2024-09-23,20.816350626913728,1.0287495868295613,10,2044.2777345645084
2024-09-24,21.58755453161592,1.055999102598195,10,2065.8652890961243
2024-09-25,6.748949092515355,0.3266887307772239,10,2072.61423818864
2024-09-26,24.972124316631085,1.2048611775655589,10,2097.5863625052707
2024-09-27,11.378550207577518,0.5424592002966422,10,2108.964912712848
2024-09-28,7.1952093745895604,0.3411725501556148,10,2116.1601220874377
2024-09-29,-9.422178646915665,-0.44524885185065166,10,2106.737943440522
2024-09-30,4.993084820954262,0.23700550115882169,10,2111.7310282614762
2024-10-01,-19.600000000000005,-0.9281485064949814,10,2092.1310282614763
2024-10-02,-19.600000000000005,-0.9368438083100012,10,2072.5310282614764
2024-10-03,7.738607640224466,0.3733892296278877,10,2080.269635901701
2024-10-04,40.62007394177126,1.9526350450317624,10,2120.8897098434722
2024-10-05,-12.967567756600804,-0.6114211265402314,10,2107.9221420868716
2024-10-06,-7.319273660219468,-0.3472269451552555,10,2100.602868426652
2024-10-07,-7.044752852843912,-0.3353681440090777,10,2093.558115573808
2024-10-08,0.9070082645529876,0.043323768172749876,10,2094.4651238383613
2024-10-09,-3.3475629378376004,-0.15982901313261236,10,2091.1175609005236
2024-10-10,-15.3705944055944,-0.7350420986840727,10,2075.746966494929
2024-10-11,22.0970710168222,1.0645358694241494,10,2097.844037511751
2024-10-12,3.9223753596731434,0.18697173333845474,10,2101.766412871424
2024-10-13,3.1285054542649453,0.14885124412996945,10,2104.894918325689
2024-10-14,29.377284228759063,1.3956651219495002,10,2134.272202554448
2024-10-15,-1.1831777502360608,-0.055437059472542904,10,2133.089024804212
2024-10-16,-4.163789984847623,-0.19520000977126595,10,2128.9252348193645
2024-10-17,4.4240273146741735,0.20780566843389145,10,2133.349262134039
2024-10-18,5.893081782414244,0.2762361459988627,10,2139.242343916453
2024-10-19,-9.615391903266847,-0.44947651352409707,10,2129.6269520131864
2024-10-20,7.8948972442745236,0.3707173801877034,10,2137.521849257461
2024-10-21,1.791004337216673,0.08378882011610023,10,2139.3128535946776
2024-10-22,7.100526333979026,0.33190687009840775,10,2146.4133799286565
2024-10-23,6.703242369929783,0.3122996917840956,10,2153.116622298586
2024-10-24,-18.252898151789225,-0.8477431256047394,10,2134.863724146797
2024-10-25,33.71893789679936,1.5794421683882989,10,2168.582662043596
2024-10-26,14.371719246973612,0.6627240685134967,10,2182.9543812905695
2024-10-27,12.122306038030597,0.5553165078449258,10,2195.0766873286
2024-10-28,-10.553401689689275,-0.48077599067997595,10,2184.523285638911
2024-10-29,23.100782647389117,1.0574747726084683,10,2207.6240682863004
2024-10-30,7.164056126994742,0.3245143151821108,10,2214.788124413295
2024-10-31,8.375995130879772,0.3781849396135173,10,2223.164119544175
2024-11-01,-7.120375751079384,-0.32028115641499766,10,2216.0437437930955
2024-11-02,18.846571599025935,0.850460269650055,10,2234.8903153921215
2024-11-03,7.364023289348688,0.3295026712779252,10,2242.25433868147
2024-11-04,-8.11177165156935,-0.36176857868583173,10,2234.142567029901
2024-11-05,22.225111382789684,0.9947937840124521,10,2256.3676784126906
2024-11-06,48.903399105667006,2.167350630552799,10,2305.2710775183577
2024-11-07,-12.974549198823642,-0.5628209769061452,10,2292.296528319534
2024-11-08,-9.283986199639067,-0.40500808184903936,10,2283.012542119895
2024-11-09,-8.168365955510007,-0.3577889216467141,10,2274.844176164385
2024-11-10,35.4364800302008,1.5577541706592957,10,2310.280656194586
2024-11-11,14.51889123225589,0.6284470760436052,10,2324.799547426842
2024-11-12,-13.407727929417403,-0.5767261932005054,10,2311.3918194974244
2024-11-13,-4.829187243145666,-0.20892984055795857,10,2306.562632254279
2024-11-14,-8.147300491843529,-0.35322259963437047,10,2298.4153317624355
2024-11-15,-19.600000000000005,-0.8527614539087952,10,2278.8153317624356
2024-11-16,13.332972945522584,0.5850835194798721,10,2292.1483047079582
2024-11-17,2.354599626772667,0.10272457597688756,10,2294.502904334731
2024-11-18,36.42655674131396,1.58755766543148,10,2330.929461076045
2024-11-19,2.1496026567844693,0.09222083690993084,10,2333.079063732829
2024-11-20,23.18517858805061,0.9937588034824372,10,2356.26424232088
2024-11-21,-19.600000000000005,-0.8318252107706876,10,2336.66424232088
2024-11-22,5.820494119180365,0.24909415797792106,10,2342.4847364400603
2024-11-23,2.873809051803155,0.12268208228202004,10,2345.3585454918634
2024-11-24,-9.199685430463589,-0.3922507050423819,10,2336.1588600614
2024-11-25,1.39515827947101,0.05972018013511041,10,2337.554018340871
2024-11-26,-19.600000000000005,-0.8384832969084292,10,2317.9540183408712
2024-11-27,47.37185483573879,2.043692603947609,10,2365.32587317661
2024-11-28,16.679799758623467,0.7051797787263306,10,2382.0056729352336
2024-11-29,3.329189533771326,0.13976413119406733,10,2385.3348624690047
2024-11-30,11.860883414211312,0.4972418590291506,10,2397.195745883216
2024-12-01,-17.289913144180662,-0.7212557912249429,10,2379.9058327390358
2024-12-02,-19.600000000000005,-0.8235619968812946,10,2360.305832739036
2024-12-03,19.891512646085218,0.8427514930555399,10,2380.197345385121
2024-12-04,-11.862857643298165,-0.49839807049187046,10,2368.334487741823
2024-12-05,-19.600000000000005,-0.8275858035022898,10,2348.734487741823
2024-12-06,6.78211870387402,0.2887562957528949,10,2355.516606445697
2024-12-07,12.545766175576254,0.5326120877792028,10,2368.0623726212734
2024-12-08,0.6276685324005944,0.02650557433188767,10,2368.690041153674
2024-12-09,41.1057029066681,1.735377030869244,10,2409.7957440603423
2024-12-10,1.7280872186652265,0.0717109415984575,10,2411.5238312790075
2024-12-11,-19.600000000000005,-0.8127641015102343,10,2391.9238312790076
2024-12-12,-1.0598730821005127,-0.044310486322375,10,2390.863958196907
2024-12-13,-14.548498486629533,-0.6085038187451461,10,2376.3154597102775
2024-12-14,-1.157289904635339,-0.04870102157128738,10,2375.158169805642
2024-12-15,-6.425021965821505,-0.27050922534339095,10,2368.7331478398205
2024-12-16,20.52328186267422,0.8664243957319777,10,2389.2564297024946
2024-12-17,-14.22413348026311,-0.5953372481678021,10,2375.0322962222317
2024-12-18,14.208472822066952,0.5982433520869253,10,2389.2407690442988
2024-12-19,18.246758253057006,0.763705294563333,10,2407.487527297356
2024-12-20,-1.8930339812536379,-0.07863110233342545,10,2405.594493316102
2024-12-21,27.118115422966536,1.1272937104866882,10,2432.712608739069
2024-12-22,12.85269580867622,0.5283277507793273,10,2445.565304547745
2024-12-23,54.49933792389504,2.2284965289026917,10,2500.06464247164
2024-12-24,-8.235795755392651,-0.3294233123208563,10,2491.8288467162474
2024-12-25,-15.809667907421662,-0.6344604256530609,10,2476.019178808826
2024-12-26,3.913906597440433,0.15807254769825135,10,2479.9330854062664
2024-12-27,27.007849939754507,1.0890555918096492,10,2506.940935346021
2024-12-28,-3.7291623394833495,-0.14875349821389516,10,2503.2117730065374
2024-12-29,46.114647896195606,1.8422191998884934,10,2549.326420902733
2024-12-30,17.527994437497966,0.6875539473399875,10,2566.854415340231
2024-12-31,-11.641062465653075,-0.45351471419971745,10,2555.2133528745776
2025-01-01,3.355334488493356,0.1313132809328291,10,2558.568687363071
2025-01-02,13.428330585339934,0.5248376036048314,10,2571.997017948411
2025-01-03,-12.598004020763943,-0.4898140990386106,10,2559.399013927647
2025-01-04,-13.593114382785956,-0.5311057130527685,10,2545.805899544861
2025-01-05,-13.503623368533166,-0.5304262736977451,10,2532.3022761763277
2025-01-06,12.856794732526776,0.5077116919841026,10,2545.1590709088546
2025-01-07,23.629278519241048,0.9284008527924046,10,2568.7883494280954
2025-01-08,6.555273661576277,0.255189325466838,10,2575.343623089672
2025-01-09,29.609243852697595,1.149720122287022,10,2604.9528669423694
2025-01-10,6.116511554398862,0.23480315640329705,10,2611.0693784967684
2025-01-11,-0.8062271324938624,-0.0308772773000011,10,2610.2631513642746
2025-01-12,-7.895994363276006,-0.30249802052138314,10,2602.3671570009988
2025-01-13,20.676606895725158,0.7945307348388589,10,2623.0437638967237
2025-01-14,31.23568414963623,1.1908182615768992,10,2654.27944804636
2025-01-15,-8.328586366107366,-0.31377955973089006,10,2645.9508616802527
2025-01-16,1.8222608041412467,0.06886979008310305,10,2647.7731224843938
2025-01-17,-1.7115438335606712,-0.06464087950083643,10,2646.061578650833
2025-01-18,35.73391219386223,1.3504565608817822,10,2681.795490844695
2025-01-19,-6.287004514165496,-0.23443266034373322,10,2675.5084863305296
2025-01-20,38.61814513381394,1.4433946044693313,10,2714.1266314643435
2025-01-21,18.990493732287657,0.6996907775832766,10,2733.117125196631
2025-01-22,-3.20117377749117,-0.11712537849108333,10,2729.91595141914
2025-01-23,-2.699045048691315,-0.09886916288716592,10,2727.2169063704487
2025-01-24,-19.600000000000005,-0.7186813763957233,10,2707.6169063704488
2025-01-25,33.50212531076595,1.2373288566762362,10,2741.119031681215
2025-01-26,14.722092857839279,0.5370833111471907,10,2755.8411245390544
2025-01-27,7.534373757079391,0.2733965209383977,10,2763.3754982961336
2025-01-28,14.564203201079359,0.5270439435414942,10,2777.939701497213
2025-01-29,45.90556326408617,1.6525039488562214,10,2823.845264761299
2025-01-30,8.909970116126114,0.3155261454058205,10,2832.755234877425
2025-01-31,8.613837669307564,0.30407984294768375,10,2841.3690725467327
2025-02-01,52.5784357373648,1.850461323218335,10,2893.9475082840977
2025-02-02,7.382712481228599,0.25510872122231465,10,2901.3302207653264
2025-02-03,-16.080000000000005,-0.5542285357562073,10,2885.2502207653265
2025-02-04,16.438434832485008,0.5697403543781597,10,2901.6886555978117
2025-02-05,-5.776913607386238,-0.19908798954848816,10,2895.9117419904255
2025-02-06,0.5444451470123111,0.01880047444533312,10,2896.4561871374376
2025-02-07,8.46898710135751,0.2923913414940135,10,2904.925174238795
2025-02-08,-4.754080050717604,-0.16365585223596543,10,2900.1710941880774
2025-02-09,-14.819430055354337,-0.5109846824227844,10,2885.3516641327233
2025-02-10,-17.25156109380408,-0.597901507405668,10,2868.1001030389193
2025-02-11,4.100940577837447,0.14298456924471573,10,2872.2010436167566
2025-02-12,-17.543242617255366,-0.6107943821078909,10,2854.6578009995014
2025-02-13,10.480828255105347,0.3671483233974907,10,2865.1386292546067
2025-02-14,-7.268830462375333,-0.2536990841614665,10,2857.8697987922314
2025-02-15,40.24585476840253,1.4082466173025407,10,2898.115653560634
2025-02-16,-7.476276032011126,-0.25797024431463766,10,2890.6393775286233
2025-02-17,-11.230116852034346,-0.38849940740915356,10,2879.409260676589
2025-02-18,-1.983954084871869,-0.06890142752425857,10,2877.425306591717
2025-02-19,-19.600000000000005,-0.6811645103384463,10,2857.825306591717
2025-02-20,-11.876282612276466,-0.4155706293482399,10,2845.9490239794404
2025-02-21,-19.600000000000005,-0.6886982105039137,10,2826.3490239794405
2025-02-22,-6.453538736037065,-0.22833481220060423,10,2819.8954852434035
2025-02-23,45.48727042714001,1.613083558067178,10,2865.3827556705437
2025-02-24,24.160065020971025,0.8431706016642513,10,2889.542820691515
2025-02-25,-5.350303030303039,-0.18516088399834213,10,2884.1925176612117
2025-02-26,-19.600000000000005,-0.6795662869236491,10,2864.592517661212
2025-02-27,17.760403152197636,0.6199975404075294,10,2882.3529208134096
2025-02-28,60.04804957905025,2.0832996939911332,10,2942.40097039246
2025-03-01,-11.522578644790373,-0.3916046371903379,10,2930.8783917476694
2025-03-02,13.767684529828092,0.46974601773287783,10,2944.6460762774973
2025-03-03,45.111776846582465,1.5319931726264011,10,2989.7578531240797
2025-03-04,-12.20740994016363,-0.4083076469690606,10,2977.5504431839163
2025-03-05,5.768246869693677,0.1937245725894621,10,2983.3186900536098
2025-03-06,6.352220804418267,0.21292464749396647,10,2989.670910858028
2025-03-07,-17.31223497016982,-0.5790682481906094,10,2972.358675887858
2025-03-08,-8.832764679989632,-0.29716348675017296,10,2963.5259112078684
2025-03-09,32.50218560755615,1.096740389028992,10,2996.0280968154243
2025-03-10,-5.327845503922758,-0.17783029169806178,10,2990.7002513115017
2025-03-11,23.44389533599851,0.7838931810607812,10,3014.1441466475003
2025-03-12,-16.662505528105772,-0.5528105066454351,10,2997.4816411193947
2025-03-13,-10.554630427277862,-0.352116599564436,10,2986.9270106921167
2025-03-14,-3.762583015366407,-0.12596836152667015,10,2983.16442767675
2025-03-15,11.242665815260189,0.37687047052970635,10,2994.4070934920105
2025-03-16,-15.22280696785158,-0.5083746629152913,10,2979.184286524159
2025-03-17,-6.646635232194756,-0.22310252045365897,10,2972.537651291964
2025-03-18,3.0514330687991356,0.1026541435891613,10,2975.589084360763
2025-03-19,21.242361342852824,0.7138875947118974,10,2996.831445703616
2025-03-20,-5.770369746155147,-0.19254902555256462,10,2991.0610759574606
2025-03-21,1.6600829097171947,0.05550147146981243,10,2992.721158867178
2025-03-22,-6.0101619175771805,-0.20082599074656796,10,2986.710996949601
2025-03-23,-1.7894261752426441,-0.059912933560368836,10,2984.9215707743583
2025-03-24,8.09374737804821,0.27115444028060354,10,2993.0153181524065
2025-03-25,-15.204626275588303,-0.5080036237493815,10,2977.810691876818
2025-03-26,4.990361628943092,0.16758491876452455,10,2982.801053505761
2025-03-27,1.746035166424443,0.05853676242913632,10,2984.5470886721855
2025-03-28,34.76176119615695,1.1647248364113543,10,3019.3088498683423
2025-03-29,-13.847125784541317,-0.4586190573099246,10,3005.461724083801
2025-03-30,-10.846917213599985,-0.36090684924315947,10,2994.614806870201
2025-03-31,-4.74725844558977,-0.1585265134834263,10,2989.867548424611
2025-04-01,-0.033852353558821546,-0.0011322358937491618,10,2989.833696071052
2025-04-02,-7.442925809822376,-0.24894113072587093,10,2982.3907702612296
2025-04-03,-15.89465735528901,-0.532950192636788,10,2966.4961129059407
2025-04-04,-12.892867848184151,-0.43461603715214264,10,2953.6032450577563
2025-04-05,4.403838425045611,0.14910054125971464,10,2958.007083482802
2025-04-06,21.838223395901164,0.7382748850685141,10,2979.845306878703
2025-04-07,-16.080000000000002,-0.5396253276262624,10,2963.765306878703
2025-04-08,-19.600000000000005,-0.6613209201993728,10,2944.165306878703
2025-04-09,43.68794006442417,1.4838820348284223,10,2987.8532469431275
2025-04-10,-3.136422700268218,-0.10497244814406771,10,2984.7168242428593
2025-04-11,7.124693182087448,0.23870583380702412,10,2991.8415174249467
2025-04-12,34.691043673173034,1.1595214342446631,10,3026.53256109812
2025-04-13,15.984230721814647,0.5281367505266513,10,3042.5167918199345
2025-04-14,-2.0371191183057817,-0.06695506574631734,10,3040.4796727016287
2025-04-15,84.61916601259463,2.7830860627792315,10,3125.0988387142233
2025-04-16,6.444760482203304,0.20622581284036787,10,3131.543599196427
2025-04-17,23.623400055360044,0.7543691890932622,10,3155.166999251787
2025-04-18,-5.678948233360726,-0.1799888321191058,10,3149.488051018426
2025-04-19,56.853922218077585,1.8051798037364568,10,3206.3419732365037
2025-04-20,0.9369140468567296,0.029220652527933634,10,3207.2788872833603
2025-04-21,-9.090727899419626,-0.2834405182369309,10,3198.1881593839407
2025-04-22,36.93942403446589,1.1550109685097902,10,3235.1275834184066
2025-04-23,-15.948108108108109,-0.4929668984261973,10,3219.1794753102986
2025-04-24,-12.693523357086326,-0.39430927832511703,10,3206.4859519532124
2025-04-25,-11.787480138274013,-0.3676136529178847,10,3194.6984718149383
2025-04-26,1.0065108892597416,0.03150566158714607,10,3195.704982704198
2025-04-27,-7.442779758993839,-0.23289946347599885,10,3188.262202945204
2025-04-28,-2.976637890188574,-0.09336239307541461,10,3185.2855650550155
2025-04-29,26.356163912055155,0.8274348837417326,10,3211.641728967071
2025-04-30,5.490453501492624,0.1709547317178017,10,3217.1321824685633
2025-05-01,-0.013525992903277828,-0.0004204363431812457,10,3217.11865647566
2025-05-02,2.6462772510043697,0.0822561283426007,10,3219.7649337266644
2025-05-03,4.158263859103121,0.1291480572244821,10,3223.9231975857674
2025-05-04,0.13735740772407978,0.004260566995731778,10,3224.0605549934917
2025-05-05,16.725504121777785,0.5187714013582337,10,3240.7860591152694
2025-05-06,-6.273053945834283,-0.1935658149414164,10,3234.513005169435
2025-05-07,-4.41251645395271,-0.13641980869764866,10,3230.1004887154822
2025-05-08,41.23224661322452,1.276500429546122,10,3271.332735328707
2025-05-09,-11.076562050532697,-0.3385947852663087,10,3260.256173278174
2025-05-10,63.1003180818654,1.9354404908132814,10,3323.3564913600394
2025-05-11,43.66605264866131,1.313914193743072,10,3367.0225440087006
2025-05-12,-19.600000000000005,-0.5821166845133353,10,3347.4225440087007
2025-05-13,-13.604424843807418,-0.4064149256614452,10,3333.8181191648932
2025-05-14,-17.840000000000003,-0.5351221741055522,10,3315.978119164893
2025-05-15,33.42903435943389,1.0081198716670896,10,3349.407153524327
2025-05-16,-11.278149621525587,-0.3367207719031246,10,3338.1290039028013
2025-05-17,2.911126626029385,0.08720833205145209,10,3341.0401305288306
2025-05-18,27.281660481099138,0.8165618913646785,10,3368.3217910099297
2025-05-19,4.2658736204540055,0.1266468551739815,10,3372.5876646303836
2025-05-20,-1.5348617319550248,-0.04550991359103002,10,3371.0528028984286
2025-05-21,17.00583062538473,0.5044664566144775,10,3388.058633523813
2025-05-22,31.77179342489498,0.9377580750971284,10,3419.830426948708
2025-05-23,17.461453525707554,0.5105941332093262,10,3437.2918804744154
2025-05-24,1.0519340197483515,0.030603569796439967,10,3438.343814494164
2025-05-25,-6.372067134289178,-0.18532373369492758,10,3431.971747359875
2025-05-26,-6.3595496176994715,-0.18530308772476653,10,3425.6121977421753
2025-05-27,17.33753108101169,0.5061148221167263,10,3442.949728823187
2025-05-28,5.652799560517737,0.16418478356493127,10,3448.602528383705
2025-05-29,-3.225870754106354,-0.09354139039091462,10,3445.3766576295984
2025-05-30,-5.419119662416438,-0.15728671204688444,10,3439.957537967182
2025-05-31,25.211308867062456,0.7328959322550505,10,3465.1688468342445
2025-06-01,0.5932851337849594,0.017121391770764095,10,3465.7621319680293
2025-06-02,4.466325778771493,0.1288699457350033,10,3470.228457746801
2025-06-03,5.8260351318086805,0.16788621275936083,10,3476.0544928786094
2025-06-04,58.835733453602835,1.6926010099709188,10,3534.890226332212
2025-06-05,19.921145418020732,0.5635576819224407,10,3554.811371750233
2025-06-06,-0.7364116662948257,-0.020715913990458766,10,3554.074960083938
2025-06-07,6.166652886973119,0.17350936477793025,10,3560.2416129709113
2025-06-08,-4.968186548883632,-0.13954633109121586,10,3555.2734264220276
2025-06-09,3.745642546041224,0.10535455636701285,10,3559.019068968069
2025-06-10,4.773474435785042,0.13412331721979512,9,3563.792543403854
2025-06-11,-15.051962349577034,-0.4223579842613561,10,3548.740581054277
2025-06-12,17.790383525303447,0.5013154137070847,10,3566.53096457958
2025-06-13,-1.9208223944720069,-0.053856882599600024,10,3564.610142185108
2025-06-14,9.841452670511247,0.27608777055429773,10,3574.4515948556195
2025-06-15,-5.3277177858884155,-0.14904993520002094,10,3569.123877069731
2025-06-16,-5.61065450616189,-0.15719976945065484,10,3563.513222563569
2025-06-17,-1.789130304435186,-0.05020692200906433,10,3561.7240922591336
2025-06-18,3.365358628837803,0.09448678622108599,9,3565.0894508879715
2025-06-19,13.381431529586443,0.37534630516082773,10,3578.4708824175577
2025-06-20,3.9964392622850395,0.11168008329817984,10,3582.467321679843
2025-06-21,-5.627307032590059,-0.1570790889992369,10,3576.8400146472527
2025-06-22,3.35505524711479,0.09379942165083571,10,3580.1950698943674
2025-06-23,31.831706567176568,0.8891053684433946,10,3612.026776461544
2025-06-24,-13.50311779784726,-0.37383769926189037,10,3598.523658663697
2025-06-25,16.65369597070959,0.462792454639409,10,3615.1773546344066
2025-06-26,-19.600000000000005,-0.5421587401479533,10,3595.5773546344067
2025-06-27,17.145040835298175,0.4768369344967537,10,3612.7223954697047
2025-06-28,34.73753575714586,0.9615334906636105,10,3647.4599312268506
2025-06-29,-4.931878410661785,-0.13521405316721083,10,3642.528052816189
2025-06-30,14.663086573948629,0.4025524679929916,10,3657.1911393901373
2025-07-01,4.968607307664222,0.1358585624401565,10,3662.1597466978014
2025-07-02,84.29244909223286,2.301714150188015,10,3746.4521957900342
2025-07-03,-12.40282552658088,-0.3310552191355382,10,3734.0493702634535
2025-07-04,15.344521056476559,0.41093514131533665,10,3749.39389131993
2025-07-05,-16.05965454616175,-0.42832668457002626,10,3733.334236773768
2025-07-06,-6.758056085637789,-0.18101931563132403,10,3726.5761806881305
2025-07-07,-7.568970869369291,-0.20310790662467132,10,3719.007209818761
2025-07-08,-11.000836379346904,-0.2958003509727804,10,3708.0063734394143
2025-07-09,-15.08694197246944,-0.4068747583752218,10,3692.919431466945
2025-07-10,19.830187435416107,0.536978610105743,10,3712.749618902361
2025-07-11,14.58916165465415,0.39294763052099635,10,3727.338780557015
2025-07-12,33.97581368179294,0.9115300669480755,10,3761.3145942388082
2025-07-13,5.017311378869384,0.13339249491532512,10,3766.3319056176774
2025-07-14,-19.600000000000005,-0.520400232671093,10,3746.7319056176775
2025-07-15,-13.832206438750308,-0.36918057622460076,10,3732.899699178927
2025-07-16,2.55195847721603,0.06836397125208984,10,3735.451657656143
2025-07-17,-19.600000000000005,-0.5247022795711477,10,3715.8516576561433
2025-07-18,33.93013299788806,0.9131186097803013,10,3749.7817906540313
2025-07-19,-7.92799892022993,-0.211425607217724,10,3741.8537917338012
2025-07-20,2.2290083994530683,0.05956962841191743,10,3744.0828001332543
2025-07-21,9.959890955292906,0.26601684543243614,10,3754.042691088547
2025-07-22,-15.443806228373706,-0.41139133193755767,10,3738.5988848601733
2025-07-23,-6.282437923250573,-0.1680425773594468,10,3732.3164469369226
2025-07-24,-11.317388950165453,-0.30322693991967187,10,3720.999057986757
2025-07-25,-2.4126178852447944,-0.06483790636996664,10,3718.5864401015124
2025-07-26,89.28235724719264,2.40097571174802,10,3807.868797348705
2025-07-27,-1.5649846132402299,-0.041098701045841644,10,3806.303812735465
2025-07-28,38.248155201620975,1.0048634340129905,10,3844.551967937086
2025-07-29,2.396734498221493,0.06234106127865753,10,3846.9487024353075
2025-07-30,-1.988913117802057,-0.05170105638640248,10,3844.9597893175055
2025-07-31,-19.600000000000005,-0.5097582568861942,10,3825.3597893175056
2025-08-01,-8.356621671570576,-0.21845322092073088,10,3817.003167645935
2025-08-02,21.546417812426277,0.5644851960056043,10,3838.549585458361
2025-08-03,5.654599053009429,0.1473108247560703,10,3844.2041845113704
2025-08-04,4.888026960146402,0.12715315642807642,10,3849.0922114715167
2025-08-05,21.969102522096435,0.5707606187407394,10,3871.061313993613
2025-08-06,10.91134444854216,0.28186958468207207,10,3881.972658442155
2025-08-07,80.84613616326286,2.082604471400543,10,3962.818794605418
2025-08-08,-11.8200435444372,-0.29827363190383105,10,3950.998751060981
2025-08-09,-6.309961791168631,-0.15970548685884012,10,3944.6887892698123
2025-08-10,-19.600000000000005,-0.49687062901679735,10,3925.0887892698124
2025-08-11,16.703081953078794,0.4255466016142295,10,3941.791871222891
2025-08-12,-7.765582770180429,-0.19700641291776916,10,3934.0262884527106
2025-08-13,-6.4543819497976065,-0.16406555209716647,10,3927.571906502913
2025-08-14,36.441787218095385,0.9278451950875405,10,3964.013693721008
2025-08-15,-14.996148546462782,-0.37830718320213325,10,3949.0175451745454
2025-08-16,-10.411360434561326,-0.26364431951646716,10,3938.606184739984
2025-08-17,-5.306836342360612,-0.13473894300277586,10,3933.2993483976234
2025-08-18,3.1655301438446335,0.0804802752969776,10,3936.464878541468
2025-08-19,8.706905418826398,0.22118590378615205,10,3945.1717839602943
2025-08-20,14.369538676154058,0.36423100090535065,10,3959.5413226364485
2025-08-21,24.611107085426667,0.621564597513518,10,3984.1524297218753
2025-08-22,44.9162683745335,1.1273732410300628,10,4029.0686980964088
2025-08-23,4.662068007219174,0.11571080953327588,10,4033.730766103628
2025-08-24,2.6681344619500447,0.06614557630794289,10,4036.398900565578
2025-08-25,-19.600000000000005,-0.48558134324270236,10,4016.798900565578
2025-08-26,-5.971173885776644,-0.1486550368487674,10,4010.8277266798013
2025-08-27,-2.8114159779686063,-0.07009565529995779,10,4008.016310701833
2025-08-28,27.16568575586678,0.6777838124892728,10,4035.1819964577
2025-08-29,13.234055056799807,0.32796674520300134,10,4048.4160515144995
2025-08-30,-12.600972305839163,-0.3112568507163482,10,4035.8150792086603
2025-08-31,5.317334051914683,0.13175365936135264,10,4041.132413260575
2025-09-01,-19.600000000000005,-0.4850125656779904,10,4021.532413260575
2025-09-02,-19.600000000000005,-0.48737640247212954,10,4001.9324132605752
2025-09-03,-14.067128736668685,-0.35150840354166524,10,3987.8652845239067
2025-09-04,25.64929388557821,0.6431835595128526,10,4013.514578409485
2025-09-05,26.733458941928568,0.6660860056604745,10,4040.248037351413
2025-09-06,0.18930595018242596,0.004685503177832754,10,4040.437343301596
2025-09-07,5.895066414159562,0.14590169116055338,10,4046.332409715755
2025-09-08,-7.597883973911307,-0.18777211569835012,10,4038.7345257418438
2025-09-09,-0.6862568623031424,-0.01699187846908777,10,4038.0482688795405
2025-09-10,9.846935029733645,0.24385382179856727,10,4047.895203909274
2025-09-11,1.682726169725832,0.041570398564190376,10,4049.577930079
2025-09-12,11.851927220725312,0.29267067890440873,10,4061.4298572997254
2025-09-13,34.07714071153437,0.839042945682948,10,4095.50699801126
2025-09-14,-10.2371807296464,-0.24996125594749274,10,4085.2698172816135
2025-09-15,-13.536757749985187,-0.33135529243923245,10,4071.7330595316284
2025-09-16,1.8048202988481201,0.044325604661709546,10,4073.5378798304764
2025-09-17,-2.8658295540218877,-0.07035234821828026,10,4070.6720502764547
2025-09-18,18.30017682766791,0.4495615613747385,10,4088.972227104123
2025-09-19,15.659621267875536,0.3829720623699598,10,4104.631848371999
2025-09-20,-13.39792155314489,-0.32640982305048494,10,4091.233926818854
2025-09-21,10.374825523058327,0.2535867102354934,10,4101.608752341912
2025-09-22,62.94355931775221,1.5346066170210182,10,4164.552311659664
2025-09-23,-9.42438140633461,-0.22629998859538375,10,4155.127930253329
2025-09-24,12.112256956788087,0.2915014208972774,10,4167.240187210117
2025-09-25,43.63975064610642,1.0472098723765273,9,4210.8799378562235
2025-09-26,-16.48987969764719,-0.3916017540514883,10,4194.390058158577
2025-09-27,-17.574169014135933,-0.41899224369827337,10,4176.815889144441
2025-09-28,-15.306925476784858,-0.3664735502603218,10,4161.508963667656
2025-09-29,-16.284976076555015,-0.39132382553376993,10,4145.223987591101
2025-09-30,5.309253486383879,0.12808122075616055,10,4150.5332410774845
2025-10-01,-19.600000000000005,-0.4722284791269812,10,4130.933241077484
2025-10-02,-1.2904863215776365,-0.031239583073994073,10,4129.642754755907
2025-10-03,-2.078903162896995,-0.050340992825658445,10,4127.5638515930095
2025-10-04,3.868275067511539,0.0937181157359589,10,4131.432126660521
2025-10-05,2.8169662656404473,0.0681837720983554,10,4134.249092926161
2025-10-06,41.00974370439534,0.9919514471095703,10,4175.258836630556
2025-10-07,15.502371442690798,0.37129126718288075,10,4190.761208073247
2025-10-08,23.44454253948822,0.5594339876565559,10,4214.205750612735
2025-10-09,39.46478459314553,0.9364702847602411,10,4253.670535205881
2025-10-10,48.80029063041617,1.1472513027634896,10,4302.470825836297
2025-10-11,7.833324871182616,0.1820657289328628,10,4310.3041507074795
2025-10-12,62.764863375787684,1.4561585721389443,10,4373.069014083268
2025-10-13,28.020308096909247,0.6407469904241423,10,4401.089322180177
2025-10-14,11.721322267729768,0.26632775228300415,10,4412.810644447907
2025-10-15,5.721950697168902,0.12966680780577167,10,4418.532595145076
2025-10-16,-6.2930331484959305,-0.14242359907926191,10,4412.23956199658
2025-10-17,23.764684703014048,0.538608214016836,10,4436.004246699594
2025-10-18,-9.487296428788552,-0.21387031889897626,10,4426.516950270805
2025-10-19,26.435368168467708,0.5972047202225318,10,4452.952318439273
2025-10-20,44.936570689623835,1.0091410703758394,10,4497.888889128897
2025-10-21,0.8055109173826371,0.01790864419371284,10,4498.69440004628
2025-10-22,10.037421058533429,0.2231185354228589,10,4508.731821104813
2025-10-23,2.709780238609658,0.06010071891891004,10,4511.441601343423
2025-10-24,3.7168007991484924,0.0823861002221928,10,4515.1584021425715
2025-10-25,4.640329058579982,0.1027722317865529,9,4519.798731201152
2025-10-26,-1.0805902860660477,-0.023907929320093356,10,4518.718140915086
2025-10-27,-19.600000000000005,-0.4337513292216718,10,4499.118140915086
2025-10-28,72.69281676698373,1.6157125572212372,10,4571.81095768207
2025-10-29,30.31223974626693,0.6630247844201193,10,4602.123197428336
2025-10-30,35.93397626723521,0.7808130014275823,10,4638.057173695572
2025-10-31,0.17575867602360984,0.0037894892072571533,10,4638.232932371595
2025-11-01,-2.337725075285813,-0.05040120040048314,10,4635.895207296309
2025-11-02,8.412992233558747,0.18147503033109477,10,4644.308199529868
2025-11-03,70.78230882706984,1.5240657119662075,10,4715.090508356938
2025-11-04,-8.135158524572217,-0.17253451466421726,10,4706.955349832366
2025-11-05,34.90961631632163,0.7416602394064543,10,4741.864966148687
2025-11-06,10.170279287584936,0.21447846702064935,10,4752.035245436272
2025-11-07,7.110132978723411,0.14962290074661785,10,4759.145378414995
2025-11-08,-14.24793893129772,-0.29938019956101675,10,4744.897439483698
2025-11-09,-11.617439203875687,-0.244840681006159,10,4733.280000279822
2025-11-10,-8.033796488387402,-0.16973000726583806,10,4725.246203791435
2025-11-11,16.46414951706377,0.3484294533447441,10,4741.710353308498
2025-11-12,6.364162927771267,0.13421661074955188,10,4748.074516236269
2025-11-13,23.847361502501077,0.5022533117573003,10,4771.9218777387705
2025-11-14,6.150639824611159,0.12889229920766662,10,4778.072517563382
2025-11-15,-6.746197497331291,-0.14119077248269918,10,4771.32632006605
2025-11-16,-2.355861363274653,-0.049375398060010296,10,4768.970458702775
2025-11-17,8.583058236696008,0.17997717350152587,10,4777.553516939472
2025-11-18,16.47953480269955,0.34493668661730525,10,4794.033051742171
2025-11-19,97.83530734886436,2.0407724830622644,10,4891.868359091035
2025-11-20,-19.600000000000005,-0.40066491085303674,10,4872.268359091035
2025-11-21,12.178167059642064,0.249948610423298,10,4884.446526150677
2025-11-22,-19.600000000000005,-0.40127371433107545,10,4864.846526150676
2025-11-23,101.00450909936902,2.076211624692077,10,4965.851035250045
2025-11-24,23.54074822164351,0.4740526458514309,10,4989.3917834716885
2025-11-25,39.74878109691996,0.7966658627329162,10,5029.140564568608
2025-11-26,135.62914222047107,2.6968652094556265,10,5164.7697067890795
2025-11-27,28.889463466954254,0.5593562754401056,10,5193.659170256034
2025-11-28,21.597826318416498,0.41584989716126836,10,5215.25699657445
2025-11-29,-5.069696652974238,-0.09720895166439888,10,5210.187299921476
2025-11-30,-19.600000000000005,-0.37618609220239363,10,5190.587299921475
2025-12-01,-19.600000000000005,-0.3776065956986509,10,5170.987299921475
2025-12-02,56.90819373124056,1.1005285921337449,10,5227.895493652715
2025-12-03,19.772723289421677,0.3782157335284936,10,5247.6682169421365
2025-12-04,-1.5772614041866932,-0.03005642390070494,10,5246.090955537949
2025-12-05,-15.120730230870587,-0.28822851832007673,10,5230.970225307079
2025-12-06,-8.638779159953653,-0.16514678516348316,10,5222.3314461471255
2025-12-07,51.27290030560087,0.9818009606308775,10,5273.6043464527265
2025-12-08,3.346972038677807,0.06346649878899499,10,5276.951318491404
2025-12-09,-14.557893273611871,-0.2758769674944384,10,5262.393425217792
2025-12-10,14.812439040819427,0.28147722611990744,10,5277.205864258612
2025-12-11,-7.208292060939242,-0.13659296692894748,10,5269.9975721976725
2025-12-12,-10.527286926902507,-0.19975885724198655,10,5259.47028527077
