t,time,close
1597795200000,2020-08-19 00:00:00,11763.9
1597881600000,2020-08-20 00:00:00,11857.9
1597968000000,2020-08-21 00:00:00,11538.5
1598054400000,2020-08-22 00:00:00,11670.5
1598140800000,2020-08-23 00:00:00,11654.0
1598227200000,2020-08-24 00:00:00,11753.3
1598313600000,2020-08-25 00:00:00,11327.2
1598400000000,2020-08-26 00:00:00,11466.2
1598486400000,2020-08-27 00:00:00,11335.5
1598572800000,2020-08-28 00:00:00,11526.9
1598659200000,2020-08-29 00:00:00,11466.7
1598745600000,2020-08-30 00:00:00,11714.1
1598832000000,2020-08-31 00:00:00,11658.1
1598918400000,2020-09-01 00:00:00,11930.2
1599004800000,2020-09-02 00:00:00,11397.0
1599091200000,2020-09-03 00:00:00,10141.1
1599177600000,2020-09-04 00:00:00,10448.0
1599264000000,2020-09-05 00:00:00,10168.7
1599350400000,2020-09-06 00:00:00,10258.1
1599436800000,2020-09-07 00:00:00,10378.8
1599523200000,2020-09-08 00:00:00,10129.0
1599609600000,2020-09-09 00:00:00,10219.3
1599696000000,2020-09-10 00:00:00,10335.9
1599782400000,2020-09-11 00:00:00,10387.8
1599868800000,2020-09-12 00:00:00,10438.3
1599955200000,2020-09-13 00:00:00,10327.7
1600041600000,2020-09-14 00:00:00,10664.1
1600128000000,2020-09-15 00:00:00,10776.8
1600214400000,2020-09-16 00:00:00,10948.2
1600300800000,2020-09-17 00:00:00,10935.3
1600387200000,2020-09-18 00:00:00,10926.3
1600473600000,2020-09-19 00:00:00,11073.7
1600560000000,2020-09-20 00:00:00,10914.3
1600646400000,2020-09-21 00:00:00,10414.7
1600732800000,2020-09-22 00:00:00,10523.3
1600819200000,2020-09-23 00:00:00,10237.9
1600905600000,2020-09-24 00:00:00,10724.9
1600992000000,2020-09-25 00:00:00,10683.5
1601078400000,2020-09-26 00:00:00,10726.5
1601164800000,2020-09-27 00:00:00,10768.0
1601251200000,2020-09-28 00:00:00,10691.5
1601337600000,2020-09-29 00:00:00,10837.0
1601424000000,2020-09-30 00:00:00,10773.0
1601510400000,2020-10-01 00:00:00,10612.6
1601596800000,2020-10-02 00:00:00,10565.2
1601683200000,2020-10-03 00:00:00,10538.0
1601769600000,2020-10-04 00:00:00,10660.2
1601856000000,2020-10-05 00:00:00,10785.0
1601942400000,2020-10-06 00:00:00,10593.7
1602028800000,2020-10-07 00:00:00,10658.8
1602115200000,2020-10-08 00:00:00,10919.5
1602201600000,2020-10-09 00:00:00,11050.5
1602288000000,2020-10-10 00:00:00,11294.8
1602374400000,2020-10-11 00:00:00,11369.6
1602460800000,2020-10-12 00:00:00,11530.4
1602547200000,2020-10-13 00:00:00,11419.4
1602633600000,2020-10-14 00:00:00,11417.1
1602720000000,2020-10-15 00:00:00,11502.0
1602806400000,2020-10-16 00:00:00,11318.9
1602892800000,2020-10-17 00:00:00,11356.3
1602979200000,2020-10-18 00:00:00,11501.1
1603065600000,2020-10-19 00:00:00,11745.0
1603152000000,2020-10-20 00:00:00,11900.0
1603238400000,2020-10-21 00:00:00,12796.1
1603324800000,2020-10-22 00:00:00,12968.9
1603411200000,2020-10-23 00:00:00,12925.8
1603497600000,2020-10-24 00:00:00,13110.9
1603584000000,2020-10-25 00:00:00,13023.8
1603670400000,2020-10-26 00:00:00,13047.2
1603756800000,2020-10-27 00:00:00,13629.4
1603843200000,2020-10-28 00:00:00,13256.2
1603929600000,2020-10-29 00:00:00,13446.7
1604016000000,2020-10-30 00:00:00,13549.1
1604102400000,2020-10-31 00:00:00,13783.7
1604188800000,2020-11-01 00:00:00,13752.9
1604275200000,2020-11-02 00:00:00,13540.5
1604361600000,2020-11-03 00:00:00,14016.6
1604448000000,2020-11-04 00:00:00,14134.3
1604534400000,2020-11-05 00:00:00,15598.8
1604620800000,2020-11-06 00:00:00,15591.0
1604707200000,2020-11-07 00:00:00,14824.3
1604793600000,2020-11-08 00:00:00,15473.2
1604880000000,2020-11-09 00:00:00,15328.7
1604966400000,2020-11-10 00:00:00,15294.7
1605052800000,2020-11-11 00:00:00,15690.2
1605139200000,2020-11-12 00:00:00,16289.0
1605225600000,2020-11-13 00:00:00,16320.5
1605312000000,2020-11-14 00:00:00,16064.5
1605398400000,2020-11-15 00:00:00,15952.3
1605484800000,2020-11-16 00:00:00,16707.1
1605571200000,2020-11-17 00:00:00,17670.0
1605657600000,2020-11-18 00:00:00,17788.3
1605744000000,2020-11-19 00:00:00,17811.7
1605830400000,2020-11-20 00:00:00,18664.3
1605916800000,2020-11-21 00:00:00,18722.0
1606003200000,2020-11-22 00:00:00,18435.2
1606089600000,2020-11-23 00:00:00,18382.1
1606176000000,2020-11-24 00:00:00,19179.6
1606262400000,2020-11-25 00:00:00,18741.7
1606348800000,2020-11-26 00:00:00,17155.3
1606435200000,2020-11-27 00:00:00,17144.1
1606521600000,2020-11-28 00:00:00,17717.7
1606608000000,2020-11-29 00:00:00,18181.1
1606694400000,2020-11-30 00:00:00,19720.0
1606780800000,2020-12-01 00:00:00,18772.7
1606867200000,2020-12-02 00:00:00,19207.0
1606953600000,2020-12-03 00:00:00,19434.3
1607040000000,2020-12-04 00:00:00,18664.2
1607126400000,2020-12-05 00:00:00,19147.6
1607212800000,2020-12-06 00:00:00,19375.0
1607299200000,2020-12-07 00:00:00,19172.9
1607385600000,2020-12-08 00:00:00,18319.3
1607472000000,2020-12-09 00:00:00,18538.0
1607558400000,2020-12-10 00:00:00,18253.5
1607644800000,2020-12-11 00:00:00,18031.5
1607731200000,2020-12-12 00:00:00,18800.0
1607817600000,2020-12-13 00:00:00,19175.1
1607904000000,2020-12-14 00:00:00,19270.7
1607990400000,2020-12-15 00:00:00,19424.9
1608076800000,2020-12-16 00:00:00,21346.8
1608163200000,2020-12-17 00:00:00,22817.0
1608249600000,2020-12-18 00:00:00,23124.4
1608336000000,2020-12-19 00:00:00,23847.3
1608422400000,2020-12-20 00:00:00,23473.0
1608508800000,2020-12-21 00:00:00,22730.1
1608595200000,2020-12-22 00:00:00,23827.0
1608681600000,2020-12-23 00:00:00,23238.3
1608768000000,2020-12-24 00:00:00,23737.4
1608854400000,2020-12-25 00:00:00,24730.0
1608940800000,2020-12-26 00:00:00,26508.8
1609027200000,2020-12-27 00:00:00,26305.6
1609113600000,2020-12-28 00:00:00,27102.7
1609200000000,2020-12-29 00:00:00,27402.8
1609286400000,2020-12-30 00:00:00,28907.0
1609372800000,2020-12-31 00:00:00,28951.7
1609459200000,2021-01-01 00:00:00,29337.2
1609545600000,2021-01-02 00:00:00,32199.9
1609632000000,2021-01-03 00:00:00,33054.5
1609718400000,2021-01-04 00:00:00,32031.1
1609804800000,2021-01-05 00:00:00,33999.5
1609891200000,2021-01-06 00:00:00,36823.7
1609977600000,2021-01-07 00:00:00,39498.9
1610064000000,2021-01-08 00:00:00,40637.2
1610150400000,2021-01-09 00:00:00,40136.0
1610236800000,2021-01-10 00:00:00,38221.7
1610323200000,2021-01-11 00:00:00,35408.5
1610409600000,2021-01-12 00:00:00,34056.9
1610496000000,2021-01-13 00:00:00,37421.1
1610582400000,2021-01-14 00:00:00,39163.3
1610668800000,2021-01-15 00:00:00,36755.2
1610755200000,2021-01-16 00:00:00,36025.7
1610841600000,2021-01-17 00:00:00,35869.8
1610928000000,2021-01-18 00:00:00,36686.9
1611014400000,2021-01-19 00:00:00,35891.0
1611100800000,2021-01-20 00:00:00,35500.0
1611187200000,2021-01-21 00:00:00,30880.0
1611273600000,2021-01-22 00:00:00,32986.3
1611360000000,2021-01-23 00:00:00,32086.5
1611446400000,2021-01-24 00:00:00,32275.6
1611532800000,2021-01-25 00:00:00,32253.7
1611619200000,2021-01-26 00:00:00,32474.1
1611705600000,2021-01-27 00:00:00,30381.0
1611792000000,2021-01-28 00:00:00,33399.8
1611878400000,2021-01-29 00:00:00,34269.4
1611964800000,2021-01-30 00:00:00,34289.9
1612051200000,2021-01-31 00:00:00,33126.2
1612137600000,2021-02-01 00:00:00,33546.1
1612224000000,2021-02-02 00:00:00,35504.1
1612310400000,2021-02-03 00:00:00,37652.5
1612396800000,2021-02-04 00:00:00,36976.9
1612483200000,2021-02-05 00:00:00,38362.7
1612569600000,2021-02-06 00:00:00,39249.5
1612656000000,2021-02-07 00:00:00,38849.3
1612742400000,2021-02-08 00:00:00,46451.3
1612828800000,2021-02-09 00:00:00,46492.5
1612915200000,2021-02-10 00:00:00,44850.0
1613001600000,2021-02-11 00:00:00,48060.2
1613088000000,2021-02-12 00:00:00,47361.0
1613174400000,2021-02-13 00:00:00,47221.6
1613260800000,2021-02-14 00:00:00,48655.2
1613347200000,2021-02-15 00:00:00,47981.6
1613433600000,2021-02-16 00:00:00,49197.9
1613520000000,2021-02-17 00:00:00,52194.6
1613606400000,2021-02-18 00:00:00,51619.7
1613692800000,2021-02-19 00:00:00,56004.1
1613779200000,2021-02-20 00:00:00,55917.4
1613865600000,2021-02-21 00:00:00,57487.4
1613952000000,2021-02-22 00:00:00,54121.1
1614038400000,2021-02-23 00:00:00,48930.0
1614124800000,2021-02-24 00:00:00,49702.0
1614211200000,2021-02-25 00:00:00,47089.4
1614297600000,2021-02-26 00:00:00,46313.1
1614384000000,2021-02-27 00:00:00,46102.6
1614470400000,2021-02-28 00:00:00,45163.4
1614556800000,2021-03-01 00:00:00,49592.7
1614643200000,2021-03-02 00:00:00,48450.6
1614729600000,2021-03-03 00:00:00,50373.8
1614816000000,2021-03-04 00:00:00,48385.8
1614902400000,2021-03-05 00:00:00,48770.6
1614988800000,2021-03-06 00:00:00,48908.2
1615075200000,2021-03-07 00:00:00,50995.3
1615161600000,2021-03-08 00:00:00,52429.4
1615248000000,2021-03-09 00:00:00,54917.8
1615334400000,2021-03-10 00:00:00,55948.0
1615420800000,2021-03-11 00:00:00,57844.5
1615507200000,2021-03-12 00:00:00,57291.0
1615593600000,2021-03-13 00:00:00,61267.4
1615680000000,2021-03-14 00:00:00,59037.1
1615766400000,2021-03-15 00:00:00,55646.6
1615852800000,2021-03-16 00:00:00,56954.2
1615939200000,2021-03-17 00:00:00,58959.0
1616025600000,2021-03-18 00:00:00,57700.0
1616112000000,2021-03-19 00:00:00,58089.1
1616198400000,2021-03-20 00:00:00,58145.6
1616284800000,2021-03-21 00:00:00,57415.2
1616371200000,2021-03-22 00:00:00,54129.6
1616457600000,2021-03-23 00:00:00,54400.0
1616544000000,2021-03-24 00:00:00,52311.5
1616630400000,2021-03-25 00:00:00,51325.2
1616716800000,2021-03-26 00:00:00,55030.0
1616803200000,2021-03-27 00:00:00,55828.0
1616889600000,2021-03-28 00:00:00,55805.1
1616976000000,2021-03-29 00:00:00,57677.6
1617062400000,2021-03-30 00:00:00,58794.2
1617148800000,2021-03-31 00:00:00,58807.2
1617235200000,2021-04-01 00:00:00,58794.0
1617321600000,2021-04-02 00:00:00,59031.4
1617408000000,2021-04-03 00:00:00,57134.7
1617494400000,2021-04-04 00:00:00,58234.6
1617580800000,2021-04-05 00:00:00,59243.4
1617667200000,2021-04-06 00:00:00,58060.0
1617753600000,2021-04-07 00:00:00,56018.2
1617840000000,2021-04-08 00:00:00,58122.3
1617926400000,2021-04-09 00:00:00,58176.0
1618012800000,2021-04-10 00:00:00,59832.4
1618099200000,2021-04-11 00:00:00,60090.2
1618185600000,2021-04-12 00:00:00,59911.2
1618272000000,2021-04-13 00:00:00,63649.7
1618358400000,2021-04-14 00:00:00,63019.1
1618444800000,2021-04-15 00:00:00,63232.6
1618531200000,2021-04-16 00:00:00,61424.7
1618617600000,2021-04-17 00:00:00,60090.1
1618704000000,2021-04-18 00:00:00,56140.1
1618790400000,2021-04-19 00:00:00,55634.4
1618876800000,2021-04-20 00:00:00,56410.6
1618963200000,2021-04-21 00:00:00,53800.0
1619049600000,2021-04-22 00:00:00,51714.6
1619136000000,2021-04-23 00:00:00,51122.6
1619222400000,2021-04-24 00:00:00,50092.4
1619308800000,2021-04-25 00:00:00,49063.9
1619395200000,2021-04-26 00:00:00,53984.3
1619481600000,2021-04-27 00:00:00,55006.3
1619568000000,2021-04-28 00:00:00,54861.8
1619654400000,2021-04-29 00:00:00,53558.8
1619740800000,2021-04-30 00:00:00,57684.2
1619827200000,2021-05-01 00:00:00,57836.3
1619913600000,2021-05-02 00:00:00,56630.3
1620000000000,2021-05-03 00:00:00,57214.8
1620086400000,2021-05-04 00:00:00,53263.3
1620172800000,2021-05-05 00:00:00,57497.8
1620259200000,2021-05-06 00:00:00,56435.4
1620345600000,2021-05-07 00:00:00,57350.9
1620432000000,2021-05-08 00:00:00,58925.0
1620518400000,2021-05-09 00:00:00,58292.5
1620604800000,2021-05-10 00:00:00,55869.7
1620691200000,2021-05-11 00:00:00,56710.4
1620777600000,2021-05-12 00:00:00,49595.8
1620864000000,2021-05-13 00:00:00,49707.9
1620950400000,2021-05-14 00:00:00,49873.3
1621036800000,2021-05-15 00:00:00,46793.4
1621123200000,2021-05-16 00:00:00,46429.3
1621209600000,2021-05-17 00:00:00,43566.2
1621296000000,2021-05-18 00:00:00,42882.5
1621382400000,2021-05-19 00:00:00,36689.1
1621468800000,2021-05-20 00:00:00,40500.3
1621555200000,2021-05-21 00:00:00,37211.0
1621641600000,2021-05-22 00:00:00,37432.6
1621728000000,2021-05-23 00:00:00,34651.6
1621814400000,2021-05-24 00:00:00,38779.7
1621900800000,2021-05-25 00:00:00,38326.8
1621987200000,2021-05-26 00:00:00,39224.2
1622073600000,2021-05-27 00:00:00,38527.4
1622160000000,2021-05-28 00:00:00,35671.0
1622246400000,2021-05-29 00:00:00,34611.9
1622332800000,2021-05-30 00:00:00,35651.8
1622419200000,2021-05-31 00:00:00,37243.4
1622505600000,2021-06-01 00:00:00,36693.4
1622592000000,2021-06-02 00:00:00,37570.0
1622678400000,2021-06-03 00:00:00,39247.4
1622764800000,2021-06-04 00:00:00,36828.0
1622851200000,2021-06-05 00:00:00,35498.6
1622937600000,2021-06-06 00:00:00,35801.7
1623024000000,2021-06-07 00:00:00,33551.0
1623110400000,2021-06-08 00:00:00,33372.6
1623196800000,2021-06-09 00:00:00,37368.5
1623283200000,2021-06-10 00:00:00,36669.7
1623369600000,2021-06-11 00:00:00,37300.4
1623456000000,2021-06-12 00:00:00,35537.1
1623542400000,2021-06-13 00:00:00,38993.7
1623628800000,2021-06-14 00:00:00,40489.1
1623715200000,2021-06-15 00:00:00,40132.9
1623801600000,2021-06-16 00:00:00,38345.0
1623888000000,2021-06-17 00:00:00,38060.7
1623974400000,2021-06-18 00:00:00,35811.4
1624060800000,2021-06-19 00:00:00,35483.0
1624147200000,2021-06-20 00:00:00,35588.6
1624233600000,2021-06-21 00:00:00,31606.0
1624320000000,2021-06-22 00:00:00,32496.0
1624406400000,2021-06-23 00:00:00,33649.0
1624492800000,2021-06-24 00:00:00,34644.6
1624579200000,2021-06-25 00:00:00,31568.1
1624665600000,2021-06-26 00:00:00,32255.6
1624752000000,2021-06-27 00:00:00,34687.7
1624838400000,2021-06-28 00:00:00,34487.2
1624924800000,2021-06-29 00:00:00,35911.3
1625011200000,2021-06-30 00:00:00,35031.4
1625097600000,2021-07-01 00:00:00,33490.0
1625184000000,2021-07-02 00:00:00,33760.9
1625270400000,2021-07-03 00:00:00,34652.9
1625356800000,2021-07-04 00:00:00,35280.2
1625443200000,2021-07-05 00:00:00,33672.7
1625529600000,2021-07-06 00:00:00,34206.0
1625616000000,2021-07-07 00:00:00,33845.6
1625702400000,2021-07-08 00:00:00,32852.0
1625788800000,2021-07-09 00:00:00,33805.0
1625875200000,2021-07-10 00:00:00,33498.0
1625961600000,2021-07-11 00:00:00,34253.8
1626048000000,2021-07-12 00:00:00,33070.9
1626134400000,2021-07-13 00:00:00,32709.1
1626220800000,2021-07-14 00:00:00,32803.0
1626307200000,2021-07-15 00:00:00,31866.4
1626393600000,2021-07-16 00:00:00,31383.0
1626480000000,2021-07-17 00:00:00,31496.7
1626566400000,2021-07-18 00:00:00,31767.0
1626652800000,2021-07-19 00:00:00,30823.6
1626739200000,2021-07-20 00:00:00,29775.9
1626825600000,2021-07-21 00:00:00,32120.0
1626912000000,2021-07-22 00:00:00,32268.1
1626998400000,2021-07-23 00:00:00,33634.5
1627084800000,2021-07-24 00:00:00,34230.0
1627171200000,2021-07-25 00:00:00,35370.7
1627257600000,2021-07-26 00:00:00,37218.1
1627344000000,2021-07-27 00:00:00,39442.3
1627430400000,2021-07-28 00:00:00,40003.1
1627516800000,2021-07-29 00:00:00,40012.9
1627603200000,2021-07-30 00:00:00,42203.3
1627689600000,2021-07-31 00:00:00,41448.1
1627776000000,2021-08-01 00:00:00,39846.8
1627862400000,2021-08-02 00:00:00,39147.5
1627948800000,2021-08-03 00:00:00,38203.3
1628035200000,2021-08-04 00:00:00,39731.3
1628121600000,2021-08-05 00:00:00,40882.4
1628208000000,2021-08-06 00:00:00,42825.4
1628294400000,2021-08-07 00:00:00,44601.1
1628380800000,2021-08-08 00:00:00,43787.7
1628467200000,2021-08-09 00:00:00,46259.7
1628553600000,2021-08-10 00:00:00,45590.0
1628640000000,2021-08-11 00:00:00,45522.1
1628726400000,2021-08-12 00:00:00,44385.1
1628812800000,2021-08-13 00:00:00,47792.5
1628899200000,2021-08-14 00:00:00,47083.7
1628985600000,2021-08-15 00:00:00,47006.0
1629072000000,2021-08-16 00:00:00,45926.2
1629158400000,2021-08-17 00:00:00,44704.8
1629244800000,2021-08-18 00:00:00,44714.1
1629331200000,2021-08-19 00:00:00,46772.0
1629417600000,2021-08-20 00:00:00,49332.7
1629504000000,2021-08-21 00:00:00,48848.3
1629590400000,2021-08-22 00:00:00,49273.3
1629676800000,2021-08-23 00:00:00,49523.9
1629763200000,2021-08-24 00:00:00,47719.4
1629849600000,2021-08-25 00:00:00,48992.7
1629936000000,2021-08-26 00:00:00,46853.1
1630022400000,2021-08-27 00:00:00,49084.0
1630108800000,2021-08-28 00:00:00,48932.0
1630195200000,2021-08-29 00:00:00,48795.4
1630281600000,2021-08-30 00:00:00,47024.7
1630368000000,2021-08-31 00:00:00,47150.3
1630454400000,2021-09-01 00:00:00,48842.9
1630540800000,2021-09-02 00:00:00,49299.1
1630627200000,2021-09-03 00:00:00,50027.1
1630713600000,2021-09-04 00:00:00,49940.7
1630800000000,2021-09-05 00:00:00,51799.6
1630886400000,2021-09-06 00:00:00,52684.0
1630972800000,2021-09-07 00:00:00,46864.4
1631059200000,2021-09-08 00:00:00,46062.3
1631145600000,2021-09-09 00:00:00,46413.9
1631232000000,2021-09-10 00:00:00,44860.8
1631318400000,2021-09-11 00:00:00,45193.8
1631404800000,2021-09-12 00:00:00,46046.7
1631491200000,2021-09-13 00:00:00,44976.0
1631577600000,2021-09-14 00:00:00,47087.2
1631664000000,2021-09-15 00:00:00,48106.1
1631750400000,2021-09-16 00:00:00,47745.6
1631836800000,2021-09-17 00:00:00,47303.1
1631923200000,2021-09-18 00:00:00,48285.2
1632009600000,2021-09-19 00:00:00,47256.9
1632096000000,2021-09-20 00:00:00,43026.6
1632182400000,2021-09-21 00:00:00,40726.1
1632268800000,2021-09-22 00:00:00,43520.0
1632355200000,2021-09-23 00:00:00,44828.3
1632441600000,2021-09-24 00:00:00,42798.5
1632528000000,2021-09-25 00:00:00,42651.6
1632614400000,2021-09-26 00:00:00,43150.0
1632700800000,2021-09-27 00:00:00,42122.7
1632787200000,2021-09-28 00:00:00,41006.3
1632873600000,2021-09-29 00:00:00,41499.7
1632960000000,2021-09-30 00:00:00,43796.6
1633046400000,2021-10-01 00:00:00,48123.9
1633132800000,2021-10-02 00:00:00,47626.6
1633219200000,2021-10-03 00:00:00,48187.3
1633305600000,2021-10-04 00:00:00,49198.2
1633392000000,2021-10-05 00:00:00,51455.1
1633478400000,2021-10-06 00:00:00,55321.6
1633564800000,2021-10-07 00:00:00,53815.0
1633651200000,2021-10-08 00:00:00,53975.0
1633737600000,2021-10-09 00:00:00,54960.8
1633824000000,2021-10-10 00:00:00,54700.0
1633910400000,2021-10-11 00:00:00,57500.0
1633996800000,2021-10-12 00:00:00,56011.8
1634083200000,2021-10-13 00:00:00,57393.7
1634169600000,2021-10-14 00:00:00,57378.2
1634256000000,2021-10-15 00:00:00,61702.3
1634342400000,2021-10-16 00:00:00,60925.6
1634428800000,2021-10-17 00:00:00,61571.5
1634515200000,2021-10-18 00:00:00,62037.9
1634601600000,2021-10-19 00:00:00,64316.7
1634688000000,2021-10-20 00:00:00,66064.2
1634774400000,2021-10-21 00:00:00,62260.3
1634860800000,2021-10-22 00:00:00,60734.3
1634947200000,2021-10-23 00:00:00,61325.1
1635033600000,2021-10-24 00:00:00,60902.8
1635120000000,2021-10-25 00:00:00,63127.0
1635206400000,2021-10-26 00:00:00,60358.8
1635292800000,2021-10-27 00:00:00,58449.4
1635379200000,2021-10-28 00:00:00,60622.0
1635465600000,2021-10-29 00:00:00,62308.2
1635552000000,2021-10-30 00:00:00,61895.2
1635638400000,2021-10-31 00:00:00,61348.6
1635724800000,2021-11-01 00:00:00,60942.9
1635811200000,2021-11-02 00:00:00,63266.7
1635897600000,2021-11-03 00:00:00,62946.5
1635984000000,2021-11-04 00:00:00,61431.9
1636070400000,2021-11-05 00:00:00,61006.0
1636156800000,2021-11-06 00:00:00,61511.3
1636243200000,2021-11-07 00:00:00,63316.4
1636329600000,2021-11-08 00:00:00,67607.0
1636416000000,2021-11-09 00:00:00,67010.0
1636502400000,2021-11-10 00:00:00,64920.1
1636588800000,2021-11-11 00:00:00,64831.3
1636675200000,2021-11-12 00:00:00,64156.1
1636761600000,2021-11-13 00:00:00,64427.0
1636848000000,2021-11-14 00:00:00,65568.4
1636934400000,2021-11-15 00:00:00,63654.5
1637020800000,2021-11-16 00:00:00,60106.0
1637107200000,2021-11-17 00:00:00,60367.0
1637193600000,2021-11-18 00:00:00,56921.1
1637280000000,2021-11-19 00:00:00,58069.5
1637366400000,2021-11-20 00:00:00,59716.3
1637452800000,2021-11-21 00:00:00,58661.4
1637539200000,2021-11-22 00:00:00,56268.3
1637625600000,2021-11-23 00:00:00,57574.2
1637712000000,2021-11-24 00:00:00,57165.1
1637798400000,2021-11-25 00:00:00,58988.2
1637884800000,2021-11-26 00:00:00,53755.7
1637971200000,2021-11-27 00:00:00,54738.8
1638057600000,2021-11-28 00:00:00,57315.7
1638144000000,2021-11-29 00:00:00,57828.0
1638230400000,2021-11-30 00:00:00,56975.0
1638316800000,2021-12-01 00:00:00,57209.3
1638403200000,2021-12-02 00:00:00,56513.6
1638489600000,2021-12-03 00:00:00,53612.0
1638576000000,2021-12-04 00:00:00,49135.7
1638662400000,2021-12-05 00:00:00,49376.6
1638748800000,2021-12-06 00:00:00,50424.7
1638835200000,2021-12-07 00:00:00,50577.2
1638921600000,2021-12-08 00:00:00,50455.6
1639008000000,2021-12-09 00:00:00,47539.8
1639094400000,2021-12-10 00:00:00,47136.4
1639180800000,2021-12-11 00:00:00,49381.2
1639267200000,2021-12-12 00:00:00,50057.0
1639353600000,2021-12-13 00:00:00,46679.9
1639440000000,2021-12-14 00:00:00,48324.0
1639526400000,2021-12-15 00:00:00,48870.5
1639612800000,2021-12-16 00:00:00,47624.5
1639699200000,2021-12-17 00:00:00,46125.3
1639785600000,2021-12-18 00:00:00,46816.0
1639872000000,2021-12-19 00:00:00,46668.6
1639958400000,2021-12-20 00:00:00,46898.1
1640044800000,2021-12-21 00:00:00,48875.2
1640131200000,2021-12-22 00:00:00,48569.7
1640217600000,2021-12-23 00:00:00,50817.9
1640304000000,2021-12-24 00:00:00,50808.6
1640390400000,2021-12-25 00:00:00,50403.6
1640476800000,2021-12-26 00:00:00,50765.7
1640563200000,2021-12-27 00:00:00,50707.7
1640649600000,2021-12-28 00:00:00,47522.0
1640736000000,2021-12-29 00:00:00,46436.5
1640822400000,2021-12-30 00:00:00,47095.0
1640908800000,2021-12-31 00:00:00,46210.6
1640995200000,2022-01-01 00:00:00,47704.4
1641081600000,2022-01-02 00:00:00,47280.0
1641168000000,2022-01-03 00:00:00,46445.8
1641254400000,2022-01-04 00:00:00,45833.4
1641340800000,2022-01-05 00:00:00,43421.7
1641427200000,2022-01-06 00:00:00,43080.0
1641513600000,2022-01-07 00:00:00,41553.9
1641600000000,2022-01-08 00:00:00,41688.1
1641686400000,2022-01-09 00:00:00,41851.2
1641772800000,2022-01-10 00:00:00,41801.6
1641859200000,2022-01-11 00:00:00,42700.7
1641945600000,2022-01-12 00:00:00,43880.7
1642032000000,2022-01-13 00:00:00,42534.3
1642118400000,2022-01-14 00:00:00,43042.4
1642204800000,2022-01-15 00:00:00,43070.5
1642291200000,2022-01-16 00:00:00,43060.7
1642377600000,2022-01-17 00:00:00,42176.3
1642464000000,2022-01-18 00:00:00,42337.6
1642550400000,2022-01-19 00:00:00,41657.9
1642636800000,2022-01-20 00:00:00,40661.7
1642723200000,2022-01-21 00:00:00,36426.0
1642809600000,2022-01-22 00:00:00,35043.7
1642896000000,2022-01-23 00:00:00,36230.0
1642982400000,2022-01-24 00:00:00,36648.3
1643068800000,2022-01-25 00:00:00,36934.3
1643155200000,2022-01-26 00:00:00,36787.4
1643241600000,2022-01-27 00:00:00,37131.0
1643328000000,2022-01-28 00:00:00,37696.2
1643414400000,2022-01-29 00:00:00,38150.0
1643500800000,2022-01-30 00:00:00,37870.0
1643587200000,2022-01-31 00:00:00,38439.0
1643673600000,2022-02-01 00:00:00,38680.5
1643760000000,2022-02-02 00:00:00,36892.0
1643846400000,2022-02-03 00:00:00,37289.9
1643932800000,2022-02-04 00:00:00,41550.0
1644019200000,2022-02-05 00:00:00,41374.7
1644105600000,2022-02-06 00:00:00,42361.4
1644192000000,2022-02-07 00:00:00,43830.0
1644278400000,2022-02-08 00:00:00,44021.6
1644364800000,2022-02-09 00:00:00,44358.1
1644451200000,2022-02-10 00:00:00,43471.3
1644537600000,2022-02-11 00:00:00,42366.0
1644624000000,2022-02-12 00:00:00,42199.9
1644710400000,2022-02-13 00:00:00,42041.1
1644796800000,2022-02-14 00:00:00,42525.1
1644883200000,2022-02-15 00:00:00,44529.6
1644969600000,2022-02-16 00:00:00,43860.7
1645056000000,2022-02-17 00:00:00,40491.7
1645142400000,2022-02-18 00:00:00,39966.8
1645228800000,2022-02-19 00:00:00,40052.6
1645315200000,2022-02-20 00:00:00,38368.1
1645401600000,2022-02-21 00:00:00,36986.4
1645488000000,2022-02-22 00:00:00,38212.0
1645574400000,2022-02-23 00:00:00,37227.8
1645660800000,2022-02-24 00:00:00,38315.1
1645747200000,2022-02-25 00:00:00,39205.4
1645833600000,2022-02-26 00:00:00,39099.3
1645920000000,2022-02-27 00:00:00,37672.0
1646006400000,2022-02-28 00:00:00,43155.0
1646092800000,2022-03-01 00:00:00,44394.1
1646179200000,2022-03-02 00:00:00,43885.7
1646265600000,2022-03-03 00:00:00,42449.5
1646352000000,2022-03-04 00:00:00,39127.7
1646438400000,2022-03-05 00:00:00,39375.1
1646524800000,2022-03-06 00:00:00,38401.1
1646611200000,2022-03-07 00:00:00,37963.8
1646697600000,2022-03-08 00:00:00,38709.9
1646784000000,2022-03-09 00:00:00,41937.5
1646870400000,2022-03-10 00:00:00,39407.2
1646956800000,2022-03-11 00:00:00,38713.0
1647043200000,2022-03-12 00:00:00,38792.6
1647129600000,2022-03-13 00:00:00,37743.7
1647216000000,2022-03-14 00:00:00,39653.8
1647302400000,2022-03-15 00:00:00,39271.0
1647388800000,2022-03-16 00:00:00,41105.8
1647475200000,2022-03-17 00:00:00,40898.1
1647561600000,2022-03-18 00:00:00,41751.5
1647648000000,2022-03-19 00:00:00,42188.2
1647734400000,2022-03-20 00:00:00,41261.0
1647820800000,2022-03-21 00:00:00,40982.0
1647907200000,2022-03-22 00:00:00,42349.8
1647993600000,2022-03-23 00:00:00,42867.9
1648080000000,2022-03-24 00:00:00,43973.4
1648166400000,2022-03-25 00:00:00,44290.6
1648252800000,2022-03-26 00:00:00,44489.2
1648339200000,2022-03-27 00:00:00,46820.8
1648425600000,2022-03-28 00:00:00,47121.9
1648512000000,2022-03-29 00:00:00,47418.5
1648598400000,2022-03-30 00:00:00,47053.2
1648684800000,2022-03-31 00:00:00,45506.0
1648771200000,2022-04-01 00:00:00,46266.2
1648857600000,2022-04-02 00:00:00,45794.6
1648944000000,2022-04-03 00:00:00,46392.4
1649030400000,2022-04-04 00:00:00,46580.9
1649116800000,2022-04-05 00:00:00,45477.4
1649203200000,2022-04-06 00:00:00,43159.7
1649289600000,2022-04-07 00:00:00,43417.1
1649376000000,2022-04-08 00:00:00,42229.2
1649462400000,2022-04-09 00:00:00,42727.7
1649548800000,2022-04-10 00:00:00,42140.4
1649635200000,2022-04-11 00:00:00,39505.6
1649721600000,2022-04-12 00:00:00,40060.7
1649808000000,2022-04-13 00:00:00,41129.8
1649894400000,2022-04-14 00:00:00,39915.9
1649980800000,2022-04-15 00:00:00,40529.5
1650067200000,2022-04-16 00:00:00,40361.0
1650153600000,2022-04-17 00:00:00,39649.1
1650240000000,2022-04-18 00:00:00,40785.6
1650326400000,2022-04-19 00:00:00,41472.9
1650412800000,2022-04-20 00:00:00,41327.7
1650499200000,2022-04-21 00:00:00,40449.8
1650585600000,2022-04-22 00:00:00,39674.2
1650672000000,2022-04-23 00:00:00,39415.1
1650758400000,2022-04-24 00:00:00,39433.4
1650844800000,2022-04-25 00:00:00,40411.0
1650931200000,2022-04-26 00:00:00,38093.7
1651017600000,2022-04-27 00:00:00,39209.0
1651104000000,2022-04-28 00:00:00,39732.5
1651190400000,2022-04-29 00:00:00,38572.2
1651276800000,2022-04-30 00:00:00,37614.5
1651363200000,2022-05-01 00:00:00,38440.5
1651449600000,2022-05-02 00:00:00,38525.6
1651536000000,2022-05-03 00:00:00,37712.9
1651622400000,2022-05-04 00:00:00,39684.0
1651708800000,2022-05-05 00:00:00,36534.7
1651795200000,2022-05-06 00:00:00,35995.3
1651881600000,2022-05-07 00:00:00,35466.7
1651968000000,2022-05-08 00:00:00,34032.0
1652054400000,2022-05-09 00:00:00,30056.6
1652140800000,2022-05-10 00:00:00,31002.1
1652227200000,2022-05-11 00:00:00,29074.7
1652313600000,2022-05-12 00:00:00,29020.7
1652400000000,2022-05-13 00:00:00,29274.3
1652486400000,2022-05-14 00:00:00,30079.8
1652572800000,2022-05-15 00:00:00,31324.4
1652659200000,2022-05-16 00:00:00,29866.7
1652745600000,2022-05-17 00:00:00,30437.0
1652832000000,2022-05-18 00:00:00,28700.6
1652918400000,2022-05-19 00:00:00,30319.9
1653004800000,2022-05-20 00:00:00,29188.9
1653091200000,2022-05-21 00:00:00,29427.4
1653177600000,2022-05-22 00:00:00,30284.0
1653264000000,2022-05-23 00:00:00,29097.7
1653350400000,2022-05-24 00:00:00,29643.1
1653436800000,2022-05-25 00:00:00,29536.7
1653523200000,2022-05-26 00:00:00,29194.0
1653609600000,2022-05-27 00:00:00,28623.2
1653696000000,2022-05-28 00:00:00,29018.8
1653782400000,2022-05-29 00:00:00,29452.8
1653868800000,2022-05-30 00:00:00,31726.5
1653955200000,2022-05-31 00:00:00,31797.8
1654041600000,2022-06-01 00:00:00,29796.9
1654128000000,2022-06-02 00:00:00,30437.1
1654214400000,2022-06-03 00:00:00,29682.8
1654300800000,2022-06-04 00:00:00,29848.4
1654387200000,2022-06-05 00:00:00,29909.9
1654473600000,2022-06-06 00:00:00,31361.2
1654560000000,2022-06-07 00:00:00,31118.1
1654646400000,2022-06-08 00:00:00,30192.5
1654732800000,2022-06-09 00:00:00,30093.3
1654819200000,2022-06-10 00:00:00,29077.7
1654905600000,2022-06-11 00:00:00,28416.7
1654992000000,2022-06-12 00:00:00,26564.7
1655078400000,2022-06-13 00:00:00,22471.5
1655164800000,2022-06-14 00:00:00,22122.7
1655251200000,2022-06-15 00:00:00,22567.5
1655337600000,2022-06-16 00:00:00,20387.4
1655424000000,2022-06-17 00:00:00,20457.3
1655510400000,2022-06-18 00:00:00,18959.7
1655596800000,2022-06-19 00:00:00,20564.2
1655683200000,2022-06-20 00:00:00,20570.1
1655769600000,2022-06-21 00:00:00,20713.1
1655856000000,2022-06-22 00:00:00,19977.4
1655942400000,2022-06-23 00:00:00,21096.6
1656028800000,2022-06-24 00:00:00,21231.2
1656115200000,2022-06-25 00:00:00,21481.9
1656201600000,2022-06-26 00:00:00,21029.1
1656288000000,2022-06-27 00:00:00,20730.0
1656374400000,2022-06-28 00:00:00,20268.6
1656460800000,2022-06-29 00:00:00,20109.9
1656547200000,2022-06-30 00:00:00,19923.5
1656633600000,2022-07-01 00:00:00,19272.0
1656720000000,2022-07-02 00:00:00,19240.9
1656806400000,2022-07-03 00:00:00,19305.9
1656892800000,2022-07-04 00:00:00,20226.6
1656979200000,2022-07-05 00:00:00,20170.0
1657065600000,2022-07-06 00:00:00,20554.1
1657152000000,2022-07-07 00:00:00,21613.4
1657238400000,2022-07-08 00:00:00,21587.9
1657324800000,2022-07-09 00:00:00,21580.0
1657411200000,2022-07-10 00:00:00,20853.8
1657497600000,2022-07-11 00:00:00,19954.3
1657584000000,2022-07-12 00:00:00,19322.9
1657670400000,2022-07-13 00:00:00,20220.1
1657756800000,2022-07-14 00:00:00,20578.6
1657843200000,2022-07-15 00:00:00,20823.1
1657929600000,2022-07-16 00:00:00,21183.5
1658016000000,2022-07-17 00:00:00,20794.4
1658102400000,2022-07-18 00:00:00,22423.9
1658188800000,2022-07-19 00:00:00,23385.9
1658275200000,2022-07-20 00:00:00,23221.5
1658361600000,2022-07-21 00:00:00,23144.5
1658448000000,2022-07-22 00:00:00,22675.1
1658534400000,2022-07-23 00:00:00,22440.2
1658620800000,2022-07-24 00:00:00,22570.6
1658707200000,2022-07-25 00:00:00,21300.0
1658793600000,2022-07-26 00:00:00,21241.0
1658880000000,2022-07-27 00:00:00,22941.1
1658966400000,2022-07-28 00:00:00,23836.2
1659052800000,2022-07-29 00:00:00,23771.1
1659139200000,2022-07-30 00:00:00,23629.9
1659225600000,2022-07-31 00:00:00,23290.1
1659312000000,2022-08-01 00:00:00,23257.6
1659398400000,2022-08-02 00:00:00,22975.1
1659484800000,2022-08-03 00:00:00,22801.5
1659571200000,2022-08-04 00:00:00,22608.9
1659657600000,2022-08-05 00:00:00,23298.1
1659744000000,2022-08-06 00:00:00,22943.3
1659830400000,2022-08-07 00:00:00,23167.8
1659916800000,2022-08-08 00:00:00,23804.4
1660003200000,2022-08-09 00:00:00,23140.2
1660089600000,2022-08-10 00:00:00,23940.9
1660176000000,2022-08-11 00:00:00,23917.2
1660262400000,2022-08-12 00:00:00,24387.5
1660348800000,2022-08-13 00:00:00,24429.0
1660435200000,2022-08-14 00:00:00,24294.1
1660521600000,2022-08-15 00:00:00,24085.2
1660608000000,2022-08-16 00:00:00,23843.0
1660694400000,2022-08-17 00:00:00,23333.1
1660780800000,2022-08-18 00:00:00,23185.1
1660867200000,2022-08-19 00:00:00,20824.9
1660953600000,2022-08-20 00:00:00,21127.8
1661040000000,2022-08-21 00:00:00,21505.6
1661126400000,2022-08-22 00:00:00,21387.0
1661212800000,2022-08-23 00:00:00,21518.2
1661299200000,2022-08-24 00:00:00,21354.9
1661385600000,2022-08-25 00:00:00,21548.3
1661472000000,2022-08-26 00:00:00,20228.7
1661558400000,2022-08-27 00:00:00,20023.9
1661644800000,2022-08-28 00:00:00,19547.5
1661731200000,2022-08-29 00:00:00,20275.5
1661817600000,2022-08-30 00:00:00,19803.1
1661904000000,2022-08-31 00:00:00,20041.5
1661990400000,2022-09-01 00:00:00,20122.5
1662076800000,2022-09-02 00:00:00,19941.0
1662163200000,2022-09-03 00:00:00,19820.7
1662249600000,2022-09-04 00:00:00,19992.7
1662336000000,2022-09-05 00:00:00,19784.9
1662422400000,2022-09-06 00:00:00,18781.5
1662508800000,2022-09-07 00:00:00,19287.0
1662595200000,2022-09-08 00:00:00,19309.3
1662681600000,2022-09-09 00:00:00,21352.0
1662768000000,2022-09-10 00:00:00,21639.5
1662854400000,2022-09-11 00:00:00,21820.3
1662940800000,2022-09-12 00:00:00,22386.0
1663027200000,2022-09-13 00:00:00,20162.5
1663113600000,2022-09-14 00:00:00,20217.0
1663200000000,2022-09-15 00:00:00,19690.8
1663286400000,2022-09-16 00:00:00,19792.5
1663372800000,2022-09-17 00:00:00,20102.0
1663459200000,2022-09-18 00:00:00,19404.5
1663545600000,2022-09-19 00:00:00,19528.6
1663632000000,2022-09-20 00:00:00,18866.8
1663718400000,2022-09-21 00:00:00,18447.5
1663804800000,2022-09-22 00:00:00,19392.5
1663891200000,2022-09-23 00:00:00,19280.7
1663977600000,2022-09-24 00:00:00,18911.0
1664064000000,2022-09-25 00:00:00,18799.7
1664150400000,2022-09-26 00:00:00,19216.3
1664236800000,2022-09-27 00:00:00,19070.1
1664323200000,2022-09-28 00:00:00,19407.3
1664409600000,2022-09-29 00:00:00,19582.5
1664496000000,2022-09-30 00:00:00,19411.7
1664582400000,2022-10-01 00:00:00,19304.0
1664668800000,2022-10-02 00:00:00,19049.4
1664755200000,2022-10-03 00:00:00,19622.0
1664841600000,2022-10-04 00:00:00,20333.0
1664928000000,2022-10-05 00:00:00,20150.0
1665014400000,2022-10-06 00:00:00,19954.0
1665100800000,2022-10-07 00:00:00,19520.9
1665187200000,2022-10-08 00:00:00,19406.2
1665273600000,2022-10-09 00:00:00,19430.0
1665360000000,2022-10-10 00:00:00,19124.0
1665446400000,2022-10-11 00:00:00,19055.0
1665532800000,2022-10-12 00:00:00,19148.0
1665619200000,2022-10-13 00:00:00,19365.5
1665705600000,2022-10-14 00:00:00,19164.6
1665792000000,2022-10-15 00:00:00,19060.4
1665878400000,2022-10-16 00:00:00,19251.9
1665964800000,2022-10-17 00:00:00,19540.6
1666051200000,2022-10-18 00:00:00,19320.9
1666137600000,2022-10-19 00:00:00,19116.7
1666224000000,2022-10-20 00:00:00,19034.7
1666310400000,2022-10-21 00:00:00,19150.9
1666396800000,2022-10-22 00:00:00,19195.1
1666483200000,2022-10-23 00:00:00,19560.7
1666569600000,2022-10-24 00:00:00,19318.1
1666656000000,2022-10-25 00:00:00,20068.3
1666742400000,2022-10-26 00:00:00,20758.3
1666828800000,2022-10-27 00:00:00,20285.5
1666915200000,2022-10-28 00:00:00,20582.8
1667001600000,2022-10-29 00:00:00,20796.7
1667088000000,2022-10-30 00:00:00,20615.6
1667174400000,2022-10-31 00:00:00,20482.0
1667260800000,2022-11-01 00:00:00,20472.1
1667347200000,2022-11-02 00:00:00,20140.1
1667433600000,2022-11-03 00:00:00,20199.7
1667520000000,2022-11-04 00:00:00,21137.6
1667606400000,2022-11-05 00:00:00,21289.9
1667692800000,2022-11-06 00:00:00,20900.0
1667779200000,2022-11-07 00:00:00,20578.6
1667865600000,2022-11-08 00:00:00,18534.0
1667952000000,2022-11-09 00:00:00,15905.0
1668038400000,2022-11-10 00:00:00,17588.0
1668124800000,2022-11-11 00:00:00,17058.3
1668211200000,2022-11-12 00:00:00,16806.9
1668297600000,2022-11-13 00:00:00,16321.2
1668384000000,2022-11-14 00:00:00,16605.2
1668470400000,2022-11-15 00:00:00,16888.3
1668556800000,2022-11-16 00:00:00,16650.6
1668643200000,2022-11-17 00:00:00,16682.1
1668729600000,2022-11-18 00:00:00,16689.7
1668816000000,2022-11-19 00:00:00,16692.9
1668902400000,2022-11-20 00:00:00,16272.6
1668988800000,2022-11-21 00:00:00,15773.0
1669075200000,2022-11-22 00:00:00,16220.6
1669161600000,2022-11-23 00:00:00,16595.8
1669248000000,2022-11-24 00:00:00,16592.4
1669334400000,2022-11-25 00:00:00,16516.1
1669420800000,2022-11-26 00:00:00,16449.2
1669507200000,2022-11-27 00:00:00,16422.6
1669593600000,2022-11-28 00:00:00,16204.5
1669680000000,2022-11-29 00:00:00,16433.2
1669766400000,2022-11-30 00:00:00,17153.3
1669852800000,2022-12-01 00:00:00,16970.5
1669939200000,2022-12-02 00:00:00,17083.0
1670025600000,2022-12-03 00:00:00,16879.5
1670112000000,2022-12-04 00:00:00,17099.5
1670198400000,2022-12-05 00:00:00,16958.3
1670284800000,2022-12-06 00:00:00,17078.6
1670371200000,2022-12-07 00:00:00,16828.0
1670457600000,2022-12-08 00:00:00,17216.0
1670544000000,2022-12-09 00:00:00,17122.0
1670630400000,2022-12-10 00:00:00,17120.0
1670716800000,2022-12-11 00:00:00,17077.3
1670803200000,2022-12-12 00:00:00,17200.0
1670889600000,2022-12-13 00:00:00,17777.1
1670976000000,2022-12-14 00:00:00,17803.9
1671062400000,2022-12-15 00:00:00,17351.8
1671148800000,2022-12-16 00:00:00,16624.1
1671235200000,2022-12-17 00:00:00,16768.0
1671321600000,2022-12-18 00:00:00,16730.3
1671408000000,2022-12-19 00:00:00,16429.2
1671494400000,2022-12-20 00:00:00,16887.2
1671580800000,2022-12-21 00:00:00,16819.6
1671667200000,2022-12-22 00:00:00,16815.5
1671753600000,2022-12-23 00:00:00,16776.4
1671840000000,2022-12-24 00:00:00,16828.9
1671926400000,2022-12-25 00:00:00,16824.4
1672012800000,2022-12-26 00:00:00,16912.9
1672099200000,2022-12-27 00:00:00,16698.2
1672185600000,2022-12-28 00:00:00,16539.0
1672272000000,2022-12-29 00:00:00,16630.3
1672358400000,2022-12-30 00:00:00,16601.2
1672444800000,2022-12-31 00:00:00,16537.6
1672531200000,2023-01-01 00:00:00,16610.3
1672617600000,2023-01-02 00:00:00,16666.0
1672704000000,2023-01-03 00:00:00,16667.2
1672790400000,2023-01-04 00:00:00,16842.1
1672876800000,2023-01-05 00:00:00,16823.8
1672963200000,2023-01-06 00:00:00,16943.8
1673049600000,2023-01-07 00:00:00,16936.5
1673136000000,2023-01-08 00:00:00,17124.7
1673222400000,2023-01-09 00:00:00,17169.7
1673308800000,2023-01-10 00:00:00,17428.8
1673395200000,2023-01-11 00:00:00,17935.7
1673481600000,2023-01-12 00:00:00,18838.0
1673568000000,2023-01-13 00:00:00,19924.2
1673654400000,2023-01-14 00:00:00,20962.8
1673740800000,2023-01-15 00:00:00,20882.7
1673827200000,2023-01-16 00:00:00,21188.3
1673913600000,2023-01-17 00:00:00,21130.9
1674000000000,2023-01-18 00:00:00,20680.0
1674086400000,2023-01-19 00:00:00,21068.3
1674172800000,2023-01-20 00:00:00,22661.1
1674259200000,2023-01-21 00:00:00,22781.9
1674345600000,2023-01-22 00:00:00,22704.6
1674432000000,2023-01-23 00:00:00,22913.1
1674518400000,2023-01-24 00:00:00,22627.4
1674604800000,2023-01-25 00:00:00,23060.6
1674691200000,2023-01-26 00:00:00,23001.9
1674777600000,2023-01-27 00:00:00,23068.0
1674864000000,2023-01-28 00:00:00,23015.9
1674950400000,2023-01-29 00:00:00,23740.3
1675036800000,2023-01-30 00:00:00,22819.9
1675123200000,2023-01-31 00:00:00,23119.4
1675209600000,2023-02-01 00:00:00,23730.0
1675296000000,2023-02-02 00:00:00,23493.1
1675382400000,2023-02-03 00:00:00,23424.7
1675468800000,2023-02-04 00:00:00,23322.6
1675555200000,2023-02-05 00:00:00,22929.2
1675641600000,2023-02-06 00:00:00,22757.7
1675728000000,2023-02-07 00:00:00,23234.1
1675814400000,2023-02-08 00:00:00,22955.9
1675900800000,2023-02-09 00:00:00,21793.4
1675987200000,2023-02-10 00:00:00,21618.6
1676073600000,2023-02-11 00:00:00,21851.3
1676160000000,2023-02-12 00:00:00,21771.1
1676246400000,2023-02-13 00:00:00,21766.2
1676332800000,2023-02-14 00:00:00,22187.4
1676419200000,2023-02-15 00:00:00,24332.6
1676505600000,2023-02-16 00:00:00,23526.6
1676592000000,2023-02-17 00:00:00,24581.5
1676678400000,2023-02-18 00:00:00,24636.9
1676764800000,2023-02-19 00:00:00,24265.9
1676851200000,2023-02-20 00:00:00,24849.9
1676937600000,2023-02-21 00:00:00,24443.4
1677024000000,2023-02-22 00:00:00,24171.3
1677110400000,2023-02-23 00:00:00,23928.8
1677196800000,2023-02-24 00:00:00,23175.6
1677283200000,2023-02-25 00:00:00,23146.2
1677369600000,2023-02-26 00:00:00,23550.0
1677456000000,2023-02-27 00:00:00,23477.0
1677542400000,2023-02-28 00:00:00,23119.0
1677628800000,2023-03-01 00:00:00,23625.0
1677715200000,2023-03-02 00:00:00,23456.0
1677801600000,2023-03-03 00:00:00,22342.0
1677888000000,2023-03-04 00:00:00,22337.0
1677974400000,2023-03-05 00:00:00,22416.0
1678060800000,2023-03-06 00:00:00,22394.0
1678147200000,2023-03-07 00:00:00,22187.0
1678233600000,2023-03-08 00:00:00,21697.0
1678320000000,2023-03-09 00:00:00,20352.0
1678406400000,2023-03-10 00:00:00,20141.0
1678492800000,2023-03-11 00:00:00,20449.0
1678579200000,2023-03-12 00:00:00,21984.0
1678665600000,2023-03-13 00:00:00,24118.0
1678752000000,2023-03-14 00:00:00,24688.0
1678838400000,2023-03-15 00:00:00,24285.0
1678924800000,2023-03-16 00:00:00,24994.0
1679011200000,2023-03-17 00:00:00,27384.0
1679097600000,2023-03-18 00:00:00,26902.0
1679184000000,2023-03-19 00:00:00,27950.0
1679270400000,2023-03-20 00:00:00,27709.0
1679356800000,2023-03-21 00:00:00,28093.0
1679443200000,2023-03-22 00:00:00,27234.0
1679529600000,2023-03-23 00:00:00,28278.0
1679616000000,2023-03-24 00:00:00,27436.0
1679702400000,2023-03-25 00:00:00,27456.0
1679788800000,2023-03-26 00:00:00,27959.0
1679875200000,2023-03-27 00:00:00,27107.0
1679961600000,2023-03-28 00:00:00,27251.0
1680048000000,2023-03-29 00:00:00,28332.0
1680134400000,2023-03-30 00:00:00,28014.0
1680220800000,2023-03-31 00:00:00,28463.0
1680307200000,2023-04-01 00:00:00,28438.0
1680393600000,2023-04-02 00:00:00,28160.0
1680480000000,2023-04-03 00:00:00,27790.0
1680566400000,2023-04-04 00:00:00,28153.0
1680652800000,2023-04-05 00:00:00,28159.0
1680739200000,2023-04-06 00:00:00,28021.0
1680825600000,2023-04-07 00:00:00,27887.0
1680912000000,2023-04-08 00:00:00,27925.0
1680998400000,2023-04-09 00:00:00,28311.0
1681084800000,2023-04-10 00:00:00,29626.0
1681171200000,2023-04-11 00:00:00,30186.0
1681257600000,2023-04-12 00:00:00,29867.0
1681344000000,2023-04-13 00:00:00,30359.0
1681430400000,2023-04-14 00:00:00,30454.0
1681516800000,2023-04-15 00:00:00,30281.0
1681603200000,2023-04-16 00:00:00,30288.0
1681689600000,2023-04-17 00:00:00,29420.0
1681776000000,2023-04-18 00:00:00,30369.0
1681862400000,2023-04-19 00:00:00,28804.0
1681948800000,2023-04-20 00:00:00,28229.0
1682035200000,2023-04-21 00:00:00,27254.0
1682121600000,2023-04-22 00:00:00,27800.0
1682208000000,2023-04-23 00:00:00,27574.0
1682294400000,2023-04-24 00:00:00,27494.0
1682380800000,2023-04-25 00:00:00,28281.0
1682467200000,2023-04-26 00:00:00,28396.0
1682553600000,2023-04-27 00:00:00,29465.0
1682640000000,2023-04-28 00:00:00,29296.0
1682726400000,2023-04-29 00:00:00,29214.0
1682812800000,2023-04-30 00:00:00,29216.0
1682899200000,2023-05-01 00:00:00,28054.0
1682985600000,2023-05-02 00:00:00,28660.0
1683072000000,2023-05-03 00:00:00,29015.0
1683158400000,2023-05-04 00:00:00,28828.0
1683244800000,2023-05-05 00:00:00,29492.0
1683331200000,2023-05-06 00:00:00,28837.0
1683417600000,2023-05-07 00:00:00,28419.0
1683504000000,2023-05-08 00:00:00,27656.0
1683590400000,2023-05-09 00:00:00,27615.0
1683676800000,2023-05-10 00:00:00,27588.0
1683763200000,2023-05-11 00:00:00,26958.0
1683849600000,2023-05-12 00:00:00,26776.0
1683936000000,2023-05-13 00:00:00,26756.0
1684022400000,2023-05-14 00:00:00,26901.0
1684108800000,2023-05-15 00:00:00,27150.0
1684195200000,2023-05-16 00:00:00,27023.0
1684281600000,2023-05-17 00:00:00,27392.0
1684368000000,2023-05-18 00:00:00,26809.0
1684454400000,2023-05-19 00:00:00,26872.0
1684540800000,2023-05-20 00:00:00,27089.0
1684627200000,2023-05-21 00:00:00,26738.0
1684713600000,2023-05-22 00:00:00,26829.0
1684800000000,2023-05-23 00:00:00,27207.0
1684886400000,2023-05-24 00:00:00,26316.0
1684972800000,2023-05-25 00:00:00,26462.0
1685059200000,2023-05-26 00:00:00,26692.0
1685145600000,2023-05-27 00:00:00,26826.0
1685232000000,2023-05-28 00:00:00,28052.0
1685318400000,2023-05-29 00:00:00,27724.0
1685404800000,2023-05-30 00:00:00,27682.0
1685491200000,2023-05-31 00:00:00,27196.0
1685577600000,2023-06-01 00:00:00,26802.0
1685664000000,2023-06-02 00:00:00,27223.0
1685750400000,2023-06-03 00:00:00,27057.0
1685836800000,2023-06-04 00:00:00,27122.0
1685923200000,2023-06-05 00:00:00,25707.0
1686009600000,2023-06-06 00:00:00,27226.0
1686096000000,2023-06-07 00:00:00,26331.0
1686182400000,2023-06-08 00:00:00,26497.0
1686268800000,2023-06-09 00:00:00,26471.0
1686355200000,2023-06-10 00:00:00,25833.0
1686441600000,2023-06-11 00:00:00,25882.0
1686528000000,2023-06-12 00:00:00,25872.0
1686614400000,2023-06-13 00:00:00,25904.0
1686700800000,2023-06-14 00:00:00,25131.0
1686787200000,2023-06-15 00:00:00,25600.0
1686873600000,2023-06-16 00:00:00,26345.0
1686960000000,2023-06-17 00:00:00,26507.0
1687046400000,2023-06-18 00:00:00,26326.0
1687132800000,2023-06-19 00:00:00,26825.0
1687219200000,2023-06-20 00:00:00,28297.0
1687305600000,2023-06-21 00:00:00,30024.0
1687392000000,2023-06-22 00:00:00,29894.0
1687478400000,2023-06-23 00:00:00,30681.0
1687564800000,2023-06-24 00:00:00,30533.0
1687651200000,2023-06-25 00:00:00,30451.0
1687737600000,2023-06-26 00:00:00,30268.0
1687824000000,2023-06-27 00:00:00,30680.0
1687910400000,2023-06-28 00:00:00,30076.0
1687996800000,2023-06-29 00:00:00,30449.0
1688083200000,2023-06-30 00:00:00,30459.0
1688169600000,2023-07-01 00:00:00,30585.0
1688256000000,2023-07-02 00:00:00,30613.0
1688342400000,2023-07-03 00:00:00,31149.0
1688428800000,2023-07-04 00:00:00,30754.0
1688515200000,2023-07-05 00:00:00,30504.0
1688601600000,2023-07-06 00:00:00,29884.0
1688688000000,2023-07-07 00:00:00,30342.0
1688774400000,2023-07-08 00:00:00,30286.0
1688860800000,2023-07-09 00:00:00,30159.0
1688947200000,2023-07-10 00:00:00,30392.0
1689033600000,2023-07-11 00:00:00,30608.0
1689120000000,2023-07-12 00:00:00,30366.0
1689206400000,2023-07-13 00:00:00,31443.0
1689292800000,2023-07-14 00:00:00,30289.0
1689379200000,2023-07-15 00:00:00,30273.0
1689465600000,2023-07-16 00:00:00,30228.0
1689552000000,2023-07-17 00:00:00,30123.0
1689638400000,2023-07-18 00:00:00,29857.0
1689724800000,2023-07-19 00:00:00,29916.0
1689811200000,2023-07-20 00:00:00,29798.0
1689897600000,2023-07-21 00:00:00,29900.0
1689984000000,2023-07-22 00:00:00,29794.0
1690070400000,2023-07-23 00:00:00,30070.0
1690156800000,2023-07-24 00:00:00,29171.0
1690243200000,2023-07-25 00:00:00,29215.0
1690329600000,2023-07-26 00:00:00,29338.0
1690416000000,2023-07-27 00:00:00,29212.0
1690502400000,2023-07-28 00:00:00,29300.0
1690588800000,2023-07-29 00:00:00,29349.0
1690675200000,2023-07-30 00:00:00,29278.0
1690761600000,2023-07-31 00:00:00,29229.0
1690848000000,2023-08-01 00:00:00,29712.0
1690934400000,2023-08-02 00:00:00,29163.0
1691020800000,2023-08-03 00:00:00,29182.0
1691107200000,2023-08-04 00:00:00,29106.0
1691193600000,2023-08-05 00:00:00,29062.0
1691280000000,2023-08-06 00:00:00,29081.0
1691366400000,2023-08-07 00:00:00,29208.0
1691452800000,2023-08-08 00:00:00,29763.0
1691539200000,2023-08-09 00:00:00,29564.0
1691625600000,2023-08-10 00:00:00,29448.0
1691712000000,2023-08-11 00:00:00,29421.0
1691798400000,2023-08-12 00:00:00,29419.0
1691884800000,2023-08-13 00:00:00,29299.0
1691971200000,2023-08-14 00:00:00,29418.0
1692057600000,2023-08-15 00:00:00,29192.0
1692144000000,2023-08-16 00:00:00,28716.0
1692230400000,2023-08-17 00:00:00,26621.0
1692316800000,2023-08-18 00:00:00,26047.0
1692403200000,2023-08-19 00:00:00,26085.0
1692489600000,2023-08-20 00:00:00,26180.0
1692576000000,2023-08-21 00:00:00,26119.0
1692662400000,2023-08-22 00:00:00,26049.0
1692748800000,2023-08-23 00:00:00,26436.0
1692835200000,2023-08-24 00:00:00,26172.0
1692921600000,2023-08-25 00:00:00,26047.0
1693008000000,2023-08-26 00:00:00,26002.0
1693094400000,2023-08-27 00:00:00,26090.0
1693180800000,2023-08-28 00:00:00,26106.0
1693267200000,2023-08-29 00:00:00,27713.0
1693353600000,2023-08-30 00:00:00,27296.0
1693440000000,2023-08-31 00:00:00,25932.0
1693526400000,2023-09-01 00:00:00,25793.0
1693612800000,2023-09-02 00:00:00,25859.0
1693699200000,2023-09-03 00:00:00,25969.0
1693785600000,2023-09-04 00:00:00,25813.0
1693872000000,2023-09-05 00:00:00,25783.0
1693958400000,2023-09-06 00:00:00,25752.0
1694044800000,2023-09-07 00:00:00,26241.0
1694131200000,2023-09-08 00:00:00,25915.0
1694217600000,2023-09-09 00:00:00,25909.0
1694304000000,2023-09-10 00:00:00,25823.0
1694390400000,2023-09-11 00:00:00,25146.0
1694476800000,2023-09-12 00:00:00,25816.0
1694563200000,2023-09-13 00:00:00,26216.0
1694649600000,2023-09-14 00:00:00,26524.0
1694736000000,2023-09-15 00:00:00,26607.0
1694822400000,2023-09-16 00:00:00,26553.0
1694908800000,2023-09-17 00:00:00,26498.0
1694995200000,2023-09-18 00:00:00,26760.0
1695081600000,2023-09-19 00:00:00,27212.0
1695168000000,2023-09-20 00:00:00,27133.0
1695254400000,2023-09-21 00:00:00,26582.0
1695340800000,2023-09-22 00:00:00,26582.0
1695427200000,2023-09-23 00:00:00,26578.0
1695513600000,2023-09-24 00:00:00,26254.0
1695600000000,2023-09-25 00:00:00,26305.0
1695686400000,2023-09-26 00:00:00,26207.0
1695772800000,2023-09-27 00:00:00,26365.0
1695859200000,2023-09-28 00:00:00,27020.0
1695945600000,2023-09-29 00:00:00,26910.0
1696032000000,2023-09-30 00:00:00,26975.0
1696118400000,2023-10-01 00:00:00,27957.0
1696204800000,2023-10-02 00:00:00,27498.0
1696291200000,2023-10-03 00:00:00,27433.0
1696377600000,2023-10-04 00:00:00,27779.0
1696464000000,2023-10-05 00:00:00,27415.0
1696550400000,2023-10-06 00:00:00,27933.0
1696636800000,2023-10-07 00:00:00,27948.0
1696723200000,2023-10-08 00:00:00,27907.0
1696809600000,2023-10-09 00:00:00,27562.0
1696896000000,2023-10-10 00:00:00,27383.0
1696982400000,2023-10-11 00:00:00,26891.0
1697068800000,2023-10-12 00:00:00,26755.0
1697155200000,2023-10-13 00:00:00,26867.0
1697241600000,2023-10-14 00:00:00,26850.0
1697328000000,2023-10-15 00:00:00,27163.0
1697414400000,2023-10-16 00:00:00,28503.0
1697500800000,2023-10-17 00:00:00,28403.0
1697587200000,2023-10-18 00:00:00,28308.0
1697673600000,2023-10-19 00:00:00,28706.0
1697760000000,2023-10-20 00:00:00,29681.0
1697846400000,2023-10-21 00:00:00,29922.0
1697932800000,2023-10-22 00:00:00,30015.0
1698019200000,2023-10-23 00:00:00,33121.0
1698105600000,2023-10-24 00:00:00,33935.0
1698192000000,2023-10-25 00:00:00,34500.0
1698278400000,2023-10-26 00:00:00,34168.0
1698364800000,2023-10-27 00:00:00,33922.0
1698451200000,2023-10-28 00:00:00,34102.0
1698537600000,2023-10-29 00:00:00,34546.0
1698624000000,2023-10-30 00:00:00,34498.0
1698710400000,2023-10-31 00:00:00,34680.0
1698796800000,2023-11-01 00:00:00,35457.0
1698883200000,2023-11-02 00:00:00,34947.0
1698969600000,2023-11-03 00:00:00,34716.0
1699056000000,2023-11-04 00:00:00,35082.0
1699142400000,2023-11-05 00:00:00,35041.0
1699228800000,2023-11-06 00:00:00,35055.0
1699315200000,2023-11-07 00:00:00,35418.0
1699401600000,2023-11-08 00:00:00,35703.0
1699488000000,2023-11-09 00:00:00,36736.0
1699574400000,2023-11-10 00:00:00,37339.0
1699660800000,2023-11-11 00:00:00,37178.0
1699747200000,2023-11-12 00:00:00,37079.0
1699833600000,2023-11-13 00:00:00,36479.0
1699920000000,2023-11-14 00:00:00,35580.0
1700006400000,2023-11-15 00:00:00,37899.0
1700092800000,2023-11-16 00:00:00,36176.0
1700179200000,2023-11-17 00:00:00,36602.0
1700265600000,2023-11-18 00:00:00,36575.0
1700352000000,2023-11-19 00:00:00,37365.0
1700438400000,2023-11-20 00:00:00,37466.0
1700524800000,2023-11-21 00:00:00,35737.0
1700611200000,2023-11-22 00:00:00,37410.0
1700697600000,2023-11-23 00:00:00,37287.0
1700784000000,2023-11-24 00:00:00,37727.0
1700870400000,2023-11-25 00:00:00,37793.0
1700956800000,2023-11-26 00:00:00,37453.0
1701043200000,2023-11-27 00:00:00,37248.0
1701129600000,2023-11-28 00:00:00,37828.0
1701216000000,2023-11-29 00:00:00,37872.0
1701302400000,2023-11-30 00:00:00,37721.0
1701388800000,2023-12-01 00:00:00,38700.0
1701475200000,2023-12-02 00:00:00,39471.0
1701561600000,2023-12-03 00:00:00,40004.0
1701648000000,2023-12-04 00:00:00,42010.0
1701734400000,2023-12-05 00:00:00,44028.0
1701820800000,2023-12-06 00:00:00,43796.0
1701907200000,2023-12-07 00:00:00,43303.0
1701993600000,2023-12-08 00:00:00,44204.0
1702080000000,2023-12-09 00:00:00,43729.0
1702166400000,2023-12-10 00:00:00,43823.0
1702252800000,2023-12-11 00:00:00,41299.0
1702339200000,2023-12-12 00:00:00,41549.0
1702425600000,2023-12-13 00:00:00,42891.0
1702512000000,2023-12-14 00:00:00,43065.0
1702598400000,2023-12-15 00:00:00,41965.0
1702684800000,2023-12-16 00:00:00,42251.0
1702771200000,2023-12-17 00:00:00,41362.0
1702857600000,2023-12-18 00:00:00,42692.0
1702944000000,2023-12-19 00:00:00,42322.0
1703030400000,2023-12-20 00:00:00,43700.0
1703116800000,2023-12-21 00:00:00,43934.0
1703203200000,2023-12-22 00:00:00,44026.0
1703289600000,2023-12-23 00:00:00,43749.0
1703376000000,2023-12-24 00:00:00,43020.0
1703462400000,2023-12-25 00:00:00,43656.0
1703548800000,2023-12-26 00:00:00,42582.0
1703635200000,2023-12-27 00:00:00,43454.0
1703721600000,2023-12-28 00:00:00,42620.0
1703808000000,2023-12-29 00:00:00,42132.0
1703894400000,2023-12-30 00:00:00,42184.0
1703980800000,2023-12-31 00:00:00,42315.0
1704067200000,2024-01-01 00:00:00,44241.0
1704153600000,2024-01-02 00:00:00,44971.0
1704240000000,2024-01-03 00:00:00,42887.0
1704326400000,2024-01-04 00:00:00,44208.0
1704412800000,2024-01-05 00:00:00,44186.0
1704499200000,2024-01-06 00:00:00,44009.0
1704585600000,2024-01-07 00:00:00,43976.0
1704672000000,2024-01-08 00:00:00,47035.0
1704758400000,2024-01-09 00:00:00,46163.0
1704844800000,2024-01-10 00:00:00,46679.0
1704931200000,2024-01-11 00:00:00,46370.0
1705017600000,2024-01-12 00:00:00,42784.0
1705104000000,2024-01-13 00:00:00,42897.0
1705190400000,2024-01-14 00:00:00,41786.0
1705276800000,2024-01-15 00:00:00,42498.0
1705363200000,2024-01-16 00:00:00,43140.0
1705449600000,2024-01-17 00:00:00,42815.0
1705536000000,2024-01-18 00:00:00,41343.0
1705622400000,2024-01-19 00:00:00,41673.0
1705708800000,2024-01-20 00:00:00,41668.0
1705795200000,2024-01-21 00:00:00,41583.0
1705881600000,2024-01-22 00:00:00,39577.0
1705968000000,2024-01-23 00:00:00,39921.0
1706054400000,2024-01-24 00:00:00,40120.0
1706140800000,2024-01-25 00:00:00,39988.0
1706227200000,2024-01-26 00:00:00,41797.0
1706313600000,2024-01-27 00:00:00,42095.0
1706400000000,2024-01-28 00:00:00,42013.0
1706486400000,2024-01-29 00:00:00,43240.0
1706572800000,2024-01-30 00:00:00,42912.0
1706659200000,2024-01-31 00:00:00,42562.0
1706745600000,2024-02-01 00:00:00,43084.0
1706832000000,2024-02-02 00:00:00,43181.0
1706918400000,2024-02-03 00:00:00,42978.0
1707004800000,2024-02-04 00:00:00,42563.0
1707091200000,2024-02-05 00:00:00,42737.0
1707177600000,2024-02-06 00:00:00,43089.0
1707264000000,2024-02-07 00:00:00,44377.0
1707350400000,2024-02-08 00:00:00,45352.0
1707436800000,2024-02-09 00:00:00,47166.0
1707523200000,2024-02-10 00:00:00,47777.0
1707609600000,2024-02-11 00:00:00,48311.0
1707696000000,2024-02-12 00:00:00,49946.0
1707782400000,2024-02-13 00:00:00,49734.0
1707868800000,2024-02-14 00:00:00,51853.0
1707955200000,2024-02-15 00:00:00,51919.0
1708041600000,2024-02-16 00:00:00,52165.0
1708128000000,2024-02-17 00:00:00,51683.0
1708214400000,2024-02-18 00:00:00,52193.0
1708300800000,2024-02-19 00:00:00,51821.0
1708387200000,2024-02-20 00:00:00,52314.0
1708473600000,2024-02-21 00:00:00,51909.0
1708560000000,2024-02-22 00:00:00,51292.0
1708646400000,2024-02-23 00:00:00,50771.0
1708732800000,2024-02-24 00:00:00,51630.0
1708819200000,2024-02-25 00:00:00,51766.0
1708905600000,2024-02-26 00:00:00,54522.0
1708992000000,2024-02-27 00:00:00,57130.0
1709078400000,2024-02-28 00:00:00,62574.0
1709164800000,2024-02-29 00:00:00,61201.0
1709251200000,2024-03-01 00:00:00,62445.0
1709337600000,2024-03-02 00:00:00,62079.0
1709424000000,2024-03-03 00:00:00,63187.0
1709510400000,2024-03-04 00:00:00,68354.0
1709596800000,2024-03-05 00:00:00,63930.0
1709683200000,2024-03-06 00:00:00,66178.0
1709769600000,2024-03-07 00:00:00,66894.0
1709856000000,2024-03-08 00:00:00,68200.0
1709942400000,2024-03-09 00:00:00,68407.0
1710028800000,2024-03-10 00:00:00,69003.0
1710115200000,2024-03-11 00:00:00,72153.0
1710201600000,2024-03-12 00:00:00,71559.0
1710288000000,2024-03-13 00:00:00,73137.0
1710374400000,2024-03-14 00:00:00,71493.0
1710460800000,2024-03-15 00:00:00,69522.0
1710547200000,2024-03-16 00:00:00,65358.0
1710633600000,2024-03-17 00:00:00,68454.0
1710720000000,2024-03-18 00:00:00,67648.0
1710806400000,2024-03-19 00:00:00,62023.0
1710892800000,2024-03-20 00:00:00,67902.0
1710979200000,2024-03-21 00:00:00,65495.0
1711065600000,2024-03-22 00:00:00,63832.0
1711152000000,2024-03-23 00:00:00,64007.0
1711238400000,2024-03-24 00:00:00,67351.0
1711324800000,2024-03-25 00:00:00,69952.0
1711411200000,2024-03-26 00:00:00,70045.0
1711497600000,2024-03-27 00:00:00,69546.0
1711584000000,2024-03-28 00:00:00,70922.0
1711670400000,2024-03-29 00:00:00,69996.0
1711756800000,2024-03-30 00:00:00,69675.0
1711843200000,2024-03-31 00:00:00,71412.0
1711929600000,2024-04-01 00:00:00,69776.0
1712016000000,2024-04-02 00:00:00,65493.0
1712102400000,2024-04-03 00:00:00,65991.0
1712188800000,2024-04-04 00:00:00,68529.0
1712275200000,2024-04-05 00:00:00,67909.0
1712361600000,2024-04-06 00:00:00,68922.0
1712448000000,2024-04-07 00:00:00,69435.0
1712534400000,2024-04-08 00:00:00,71718.0
1712620800000,2024-04-09 00:00:00,69183.0
1712707200000,2024-04-10 00:00:00,70625.0
1712793600000,2024-04-11 00:00:00,70074.0
1712880000000,2024-04-12 00:00:00,67169.0
1712966400000,2024-04-13 00:00:00,63988.0
1713052800000,2024-04-14 00:00:00,65686.0
1713139200000,2024-04-15 00:00:00,63438.0
1713225600000,2024-04-16 00:00:00,63862.0
1713312000000,2024-04-17 00:00:00,61242.0
1713398400000,2024-04-18 00:00:00,63503.0
1713484800000,2024-04-19 00:00:00,63781.0
1713571200000,2024-04-20 00:00:00,64939.0
1713657600000,2024-04-21 00:00:00,64907.0
1713744000000,2024-04-22 00:00:00,66865.0
1713830400000,2024-04-23 00:00:00,66408.0
1713916800000,2024-04-24 00:00:00,64245.0
1714003200000,2024-04-25 00:00:00,64475.0
1714089600000,2024-04-26 00:00:00,63790.0
1714176000000,2024-04-27 00:00:00,63498.0
1714262400000,2024-04-28 00:00:00,63126.0
1714348800000,2024-04-29 00:00:00,63827.0
1714435200000,2024-04-30 00:00:00,60661.0
1714521600000,2024-05-01 00:00:00,58336.0
1714608000000,2024-05-02 00:00:00,59103.0
1714694400000,2024-05-03 00:00:00,62874.0
1714780800000,2024-05-04 00:00:00,63856.0
1714867200000,2024-05-05 00:00:00,64004.0
1714953600000,2024-05-06 00:00:00,63237.0
1715040000000,2024-05-07 00:00:00,62335.0
1715126400000,2024-05-08 00:00:00,61165.0
1715212800000,2024-05-09 00:00:00,63111.0
1715299200000,2024-05-10 00:00:00,60847.0
1715385600000,2024-05-11 00:00:00,60870.0
1715472000000,2024-05-12 00:00:00,61512.0
1715558400000,2024-05-13 00:00:00,62939.0
1715644800000,2024-05-14 00:00:00,61645.0
1715731200000,2024-05-15 00:00:00,66212.0
1715817600000,2024-05-16 00:00:00,65296.0
1715904000000,2024-05-17 00:00:00,67056.0
1715990400000,2024-05-18 00:00:00,66900.0
1716076800000,2024-05-19 00:00:00,66285.0
1716163200000,2024-05-20 00:00:00,71447.0
1716249600000,2024-05-21 00:00:00,70182.0
1716336000000,2024-05-22 00:00:00,69219.0
1716422400000,2024-05-23 00:00:00,68033.0
1716508800000,2024-05-24 00:00:00,68544.0
1716595200000,2024-05-25 00:00:00,69307.0
1716681600000,2024-05-26 00:00:00,68578.0
1716768000000,2024-05-27 00:00:00,69493.0
1716854400000,2024-05-28 00:00:00,68443.0
1716940800000,2024-05-29 00:00:00,67718.0
1717027200000,2024-05-30 00:00:00,68405.0
1717113600000,2024-05-31 00:00:00,67597.0
1717200000000,2024-06-01 00:00:00,67811.0
1717286400000,2024-06-02 00:00:00,67800.0
1717372800000,2024-06-03 00:00:00,68849.0
1717459200000,2024-06-04 00:00:00,70620.0
1717545600000,2024-06-05 00:00:00,71113.0
1717632000000,2024-06-06 00:00:00,70835.0
1717718400000,2024-06-07 00:00:00,69436.0
1717804800000,2024-06-08 00:00:00,69347.0
1717891200000,2024-06-09 00:00:00,69690.0
1717977600000,2024-06-10 00:00:00,69577.0
1718064000000,2024-06-11 00:00:00,67369.0
1718150400000,2024-06-12 00:00:00,68267.0
1718236800000,2024-06-13 00:00:00,66838.0
1718323200000,2024-06-14 00:00:00,66022.0
1718409600000,2024-06-15 00:00:00,66208.0
1718496000000,2024-06-16 00:00:00,66729.0
1718582400000,2024-06-17 00:00:00,66567.0
1718668800000,2024-06-18 00:00:00,65217.0
1718755200000,2024-06-19 00:00:00,65018.0
1718841600000,2024-06-20 00:00:00,64903.0
1718928000000,2024-06-21 00:00:00,64129.0
1719014400000,2024-06-22 00:00:00,64291.0
1719100800000,2024-06-23 00:00:00,63167.0
1719187200000,2024-06-24 00:00:00,60345.0
1719273600000,2024-06-25 00:00:00,61801.0
1719360000000,2024-06-26 00:00:00,60857.0
1719446400000,2024-06-27 00:00:00,61756.0
1719532800000,2024-06-28 00:00:00,60473.0
1719619200000,2024-06-29 00:00:00,60981.0
1719705600000,2024-06-30 00:00:00,62741.0
1719792000000,2024-07-01 00:00:00,62914.0
1719878400000,2024-07-02 00:00:00,62141.0
1719964800000,2024-07-03 00:00:00,60169.0
1720051200000,2024-07-04 00:00:00,57023.0
1720137600000,2024-07-05 00:00:00,56591.0
1720224000000,2024-07-06 00:00:00,58211.0
1720310400000,2024-07-07 00:00:00,55817.0
1720396800000,2024-07-08 00:00:00,56725.0
1720483200000,2024-07-09 00:00:00,58093.0
1720569600000,2024-07-10 00:00:00,57734.0
1720656000000,2024-07-11 00:00:00,57303.0
1720742400000,2024-07-12 00:00:00,57883.0
1720828800000,2024-07-13 00:00:00,59213.0
1720915200000,2024-07-14 00:00:00,60812.0
1721001600000,2024-07-15 00:00:00,64764.0
1721088000000,2024-07-16 00:00:00,65054.0
1721174400000,2024-07-17 00:00:00,64061.0
1721260800000,2024-07-18 00:00:00,64044.0
1721347200000,2024-07-19 00:00:00,66691.0
1721433600000,2024-07-20 00:00:00,67219.0
1721520000000,2024-07-21 00:00:00,68213.0
1721606400000,2024-07-22 00:00:00,67581.0
1721692800000,2024-07-23 00:00:00,65991.0
1721779200000,2024-07-24 00:00:00,65423.0
1721865600000,2024-07-25 00:00:00,65857.0
1721952000000,2024-07-26 00:00:00,67960.0
1722038400000,2024-07-27 00:00:00,67958.0
1722124800000,2024-07-28 00:00:00,68321.0
1722211200000,2024-07-29 00:00:00,66807.0
1722297600000,2024-07-30 00:00:00,66233.0
1722384000000,2024-07-31 00:00:00,64672.0
1722470400000,2024-08-01 00:00:00,65391.0
1722556800000,2024-08-02 00:00:00,61527.0
1722643200000,2024-08-03 00:00:00,60718.0
1722729600000,2024-08-04 00:00:00,58181.0
1722816000000,2024-08-05 00:00:00,53978.0
1722902400000,2024-08-06 00:00:00,55999.0
1722988800000,2024-08-07 00:00:00,55104.0
1723075200000,2024-08-08 00:00:00,61640.0
1723161600000,2024-08-09 00:00:00,60825.0
1723248000000,2024-08-10 00:00:00,60930.0
1723334400000,2024-08-11 00:00:00,58727.0
1723420800000,2024-08-12 00:00:00,59337.0
1723507200000,2024-08-13 00:00:00,60560.0
1723593600000,2024-08-14 00:00:00,58730.0
1723680000000,2024-08-15 00:00:00,57549.0
1723766400000,2024-08-16 00:00:00,58870.0
1723852800000,2024-08-17 00:00:00,59468.0
1723939200000,2024-08-18 00:00:00,58420.0
1724025600000,2024-08-19 00:00:00,59430.0
1724112000000,2024-08-20 00:00:00,58977.0
1724198400000,2024-08-21 00:00:00,61151.0
1724284800000,2024-08-22 00:00:00,60390.0
1724371200000,2024-08-23 00:00:00,64081.0
1724457600000,2024-08-24 00:00:00,64195.0
1724544000000,2024-08-25 00:00:00,64303.0
1724630400000,2024-08-26 00:00:00,62836.0
1724716800000,2024-08-27 00:00:00,59407.0
1724803200000,2024-08-28 00:00:00,58995.0
1724889600000,2024-08-29 00:00:00,59352.0
1724976000000,2024-08-30 00:00:00,59092.0
1725062400000,2024-08-31 00:00:00,58971.0
1725148800000,2024-09-01 00:00:00,57291.0
1725235200000,2024-09-02 00:00:00,59112.0
1725321600000,2024-09-03 00:00:00,57435.0
1725408000000,2024-09-04 00:00:00,57980.0
1725494400000,2024-09-05 00:00:00,56159.0
1725580800000,2024-09-06 00:00:00,53952.0
1725667200000,2024-09-07 00:00:00,54160.0
1725753600000,2024-09-08 00:00:00,54839.0
1725840000000,2024-09-09 00:00:00,57016.0
1725926400000,2024-09-10 00:00:00,57617.0
1726012800000,2024-09-11 00:00:00,57278.0
1726099200000,2024-09-12 00:00:00,58131.0
1726185600000,2024-09-13 00:00:00,60491.0
1726272000000,2024-09-14 00:00:00,59986.0
1726358400000,2024-09-15 00:00:00,59128.0
1726444800000,2024-09-16 00:00:00,58220.0
1726531200000,2024-09-17 00:00:00,60283.0
1726617600000,2024-09-18 00:00:00,61839.0
1726704000000,2024-09-19 00:00:00,62990.0
1726790400000,2024-09-20 00:00:00,63210.0
1726876800000,2024-09-21 00:00:00,63347.0
1726963200000,2024-09-22 00:00:00,63596.0
1727049600000,2024-09-23 00:00:00,63366.0
1727136000000,2024-09-24 00:00:00,64302.0
1727222400000,2024-09-25 00:00:00,63192.0
1727308800000,2024-09-26 00:00:00,65221.0
1727395200000,2024-09-27 00:00:00,65778.0
1727481600000,2024-09-28 00:00:00,65860.0
1727568000000,2024-09-29 00:00:00,65660.0
1727654400000,2024-09-30 00:00:00,63381.0
1727740800000,2024-10-01 00:00:00,60839.0
1727827200000,2024-10-02 00:00:00,60652.0
1727913600000,2024-10-03 00:00:00,60762.0
1728000000000,2024-10-04 00:00:00,62060.0
1728086400000,2024-10-05 00:00:00,62071.0
1728172800000,2024-10-06 00:00:00,62823.0
1728259200000,2024-10-07 00:00:00,62229.0
1728345600000,2024-10-08 00:00:00,62181.0
1728432000000,2024-10-09 00:00:00,60613.0
1728518400000,2024-10-10 00:00:00,60299.0
1728604800000,2024-10-11 00:00:00,62504.0
1728691200000,2024-10-12 00:00:00,63180.0
1728777600000,2024-10-13 00:00:00,62849.0
1728864000000,2024-10-14 00:00:00,66078.0
1728950400000,2024-10-15 00:00:00,67059.0
1729036800000,2024-10-16 00:00:00,67625.0
1729123200000,2024-10-17 00:00:00,67416.0
1729209600000,2024-10-18 00:00:00,68450.0
1729296000000,2024-10-19 00:00:00,68377.0
1729382400000,2024-10-20 00:00:00,69083.0
1729468800000,2024-10-21 00:00:00,67381.0
1729555200000,2024-10-22 00:00:00,67426.0
1729641600000,2024-10-23 00:00:00,66731.0
1729728000000,2024-10-24 00:00:00,68201.0
1729814400000,2024-10-25 00:00:00,66699.0
1729900800000,2024-10-26 00:00:00,67073.0
1729987200000,2024-10-27 00:00:00,68020.0
1730073600000,2024-10-28 00:00:00,69992.0
1730160000000,2024-10-29 00:00:00,72813.0
1730246400000,2024-10-30 00:00:00,72402.0
1730332800000,2024-10-31 00:00:00,70363.0
1730419200000,2024-11-01 00:00:00,69530.0
1730505600000,2024-11-02 00:00:00,69362.0
1730592000000,2024-11-03 00:00:00,68766.0
1730678400000,2024-11-04 00:00:00,67889.0
1730764800000,2024-11-05 00:00:00,69411.0
1730851200000,2024-11-06 00:00:00,75640.0
1730937600000,2024-11-07 00:00:00,75925.0
1731024000000,2024-11-08 00:00:00,76541.0
1731110400000,2024-11-09 00:00:00,76765.0
1731196800000,2024-11-10 00:00:00,80458.0
1731283200000,2024-11-11 00:00:00,88776.0
1731369600000,2024-11-12 00:00:00,88040.0
1731456000000,2024-11-13 00:00:00,90440.0
1731542400000,2024-11-14 00:00:00,87358.0
1731628800000,2024-11-15 00:00:00,91107.0
1731715200000,2024-11-16 00:00:00,90616.0
1731801600000,2024-11-17 00:00:00,89945.0
1731888000000,2024-11-18 00:00:00,90550.0
1731974400000,2024-11-19 00:00:00,92366.0
1732060800000,2024-11-20 00:00:00,94340.0
1732147200000,2024-11-21 00:00:00,98429.0
1732233600000,2024-11-22 00:00:00,98982.0
1732320000000,2024-11-23 00:00:00,97757.0
1732406400000,2024-11-24 00:00:00,98038.0
1732492800000,2024-11-25 00:00:00,93100.0
1732579200000,2024-11-26 00:00:00,92028.0
1732665600000,2024-11-27 00:00:00,95931.0
1732752000000,2024-11-28 00:00:00,95722.0
1732838400000,2024-11-29 00:00:00,97533.0
1732924800000,2024-11-30 00:00:00,96484.0
1733011200000,2024-12-01 00:00:00,97274.0
1733097600000,2024-12-02 00:00:00,95921.0
1733184000000,2024-12-03 00:00:00,95928.0
1733270400000,2024-12-04 00:00:00,98683.0
1733356800000,2024-12-05 00:00:00,97107.0
1733443200000,2024-12-06 00:00:00,99832.0
1733529600000,2024-12-07 00:00:00,99922.0
1733616000000,2024-12-08 00:00:00,101220.0
1733702400000,2024-12-09 00:00:00,97431.0
1733788800000,2024-12-10 00:00:00,96671.0
1733875200000,2024-12-11 00:00:00,101164.0
1733961600000,2024-12-12 00:00:00,100082.0
1734048000000,2024-12-13 00:00:00,101486.0
1734134400000,2024-12-14 00:00:00,101498.0
1734220800000,2024-12-15 00:00:00,104644.0
1734307200000,2024-12-16 00:00:00,106168.0
1734393600000,2024-12-17 00:00:00,106153.0
1734480000000,2024-12-18 00:00:00,100270.0
1734566400000,2024-12-19 00:00:00,97433.0
1734652800000,2024-12-20 00:00:00,97870.0
1734739200000,2024-12-21 00:00:00,97319.0
1734825600000,2024-12-22 00:00:00,95191.0
1734912000000,2024-12-23 00:00:00,94909.0
1734998400000,2024-12-24 00:00:00,98613.0
1735084800000,2024-12-25 00:00:00,99441.0
1735171200000,2024-12-26 00:00:00,95881.0
1735257600000,2024-12-27 00:00:00,94341.0
1735344000000,2024-12-28 00:00:00,95371.0
1735430400000,2024-12-29 00:00:00,93744.0
1735516800000,2024-12-30 00:00:00,92826.0
1735603200000,2024-12-31 00:00:00,93620.0
1735689600000,2025-01-01 00:00:00,94640.0
1735776000000,2025-01-02 00:00:00,96990.0
1735862400000,2025-01-03 00:00:00,98141.0
1735948800000,2025-01-04 00:00:00,98265.0
1736035200000,2025-01-05 00:00:00,98382.0
1736121600000,2025-01-06 00:00:00,102247.0
1736208000000,2025-01-07 00:00:00,97011.0
1736294400000,2025-01-08 00:00:00,95140.0
1736380800000,2025-01-09 00:00:00,92539.0
1736467200000,2025-01-10 00:00:00,94768.0
1736553600000,2025-01-11 00:00:00,94623.0
1736640000000,2025-01-12 00:00:00,94572.0
1736726400000,2025-01-13 00:00:00,94511.0
1736812800000,2025-01-14 00:00:00,96524.0
1736899200000,2025-01-15 00:00:00,100491.0
1736985600000,2025-01-16 00:00:00,100047.0
1737072000000,2025-01-17 00:00:00,104090.0
1737158400000,2025-01-18 00:00:00,104612.0
1737244800000,2025-01-19 00:00:00,101365.0
1737331200000,2025-01-20 00:00:00,102300.0
1737417600000,2025-01-21 00:00:00,106257.0
1737504000000,2025-01-22 00:00:00,103718.0
1737590400000,2025-01-23 00:00:00,103910.0
1737676800000,2025-01-24 00:00:00,104840.0
1737763200000,2025-01-25 00:00:00,104766.0
1737849600000,2025-01-26 00:00:00,102590.0
1737936000000,2025-01-27 00:00:00,102129.0
1738022400000,2025-01-28 00:00:00,101312.0
1738108800000,2025-01-29 00:00:00,103692.0
1738195200000,2025-01-30 00:00:00,104652.0
1738281600000,2025-01-31 00:00:00,102500.0
1738368000000,2025-02-01 00:00:00,100613.0
1738454400000,2025-02-02 00:00:00,97756.0
1738540800000,2025-02-03 00:00:00,101367.0
1738627200000,2025-02-04 00:00:00,97804.0
1738713600000,2025-02-05 00:00:00,96643.0
1738800000000,2025-02-06 00:00:00,96582.0
1738886400000,2025-02-07 00:00:00,96504.0
1738972800000,2025-02-08 00:00:00,96416.0
1739059200000,2025-02-09 00:00:00,96479.0
1739145600000,2025-02-10 00:00:00,97432.0
1739232000000,2025-02-11 00:00:00,95784.0
1739318400000,2025-02-12 00:00:00,97940.0
1739404800000,2025-02-13 00:00:00,96674.0
1739491200000,2025-02-14 00:00:00,97500.0
1739577600000,2025-02-15 00:00:00,97558.0
1739664000000,2025-02-16 00:00:00,96097.0
1739750400000,2025-02-17 00:00:00,95773.0
1739836800000,2025-02-18 00:00:00,95704.0
1739923200000,2025-02-19 00:00:00,96666.0
1740009600000,2025-02-20 00:00:00,98271.0
1740096000000,2025-02-21 00:00:00,96300.0
1740182400000,2025-02-22 00:00:00,96524.0
1740268800000,2025-02-23 00:00:00,96283.0
1740355200000,2025-02-24 00:00:00,91569.0
1740441600000,2025-02-25 00:00:00,88687.0
1740528000000,2025-02-26 00:00:00,84281.0
1740614400000,2025-02-27 00:00:00,84732.0
1740700800000,2025-02-28 00:00:00,84301.0
1740787200000,2025-03-01 00:00:00,86039.0
1740873600000,2025-03-02 00:00:00,94200.0
1740960000000,2025-03-03 00:00:00,86175.0
1741046400000,2025-03-04 00:00:00,87246.0
1741132800000,2025-03-05 00:00:00,90575.0
1741219200000,2025-03-06 00:00:00,89898.0
1741305600000,2025-03-07 00:00:00,86750.0
1741392000000,2025-03-08 00:00:00,86217.0
1741478400000,2025-03-09 00:00:00,80713.0
1741564800000,2025-03-10 00:00:00,78557.0
1741651200000,2025-03-11 00:00:00,82901.0
1741737600000,2025-03-12 00:00:00,83639.0
1741824000000,2025-03-13 00:00:00,81094.0
1741910400000,2025-03-14 00:00:00,83905.0
1741996800000,2025-03-15 00:00:00,84302.0
1742083200000,2025-03-16 00:00:00,82546.0
1742169600000,2025-03-17 00:00:00,83951.0
1742256000000,2025-03-18 00:00:00,82703.0
1742342400000,2025-03-19 00:00:00,86803.0
1742428800000,2025-03-20 00:00:00,84179.0
1742515200000,2025-03-21 00:00:00,84052.0
1742601600000,2025-03-22 00:00:00,83804.0
1742688000000,2025-03-23 00:00:00,86036.0
1742774400000,2025-03-24 00:00:00,87472.0
1742860800000,2025-03-25 00:00:00,87367.0
1742947200000,2025-03-26 00:00:00,86872.0
1743033600000,2025-03-27 00:00:00,87188.0
1743120000000,2025-03-28 00:00:00,84379.0
1743206400000,2025-03-29 00:00:00,82619.0
1743292800000,2025-03-30 00:00:00,82331.0
1743379200000,2025-03-31 00:00:00,82520.0
1743465600000,2025-04-01 00:00:00,85124.0
1743552000000,2025-04-02 00:00:00,82484.0
1743638400000,2025-04-03 00:00:00,83154.0
1743724800000,2025-04-04 00:00:00,83872.0
1743811200000,2025-04-05 00:00:00,83503.0
1743897600000,2025-04-06 00:00:00,78376.0
1743984000000,2025-04-07 00:00:00,79180.0
1744070400000,2025-04-08 00:00:00,76288.0
1744156800000,2025-04-09 00:00:00,82629.0
1744243200000,2025-04-10 00:00:00,79607.0
1744329600000,2025-04-11 00:00:00,83397.0
1744416000000,2025-04-12 00:00:00,85327.0
1744502400000,2025-04-13 00:00:00,83731.0
1744588800000,2025-04-14 00:00:00,84546.0
1744675200000,2025-04-15 00:00:00,83614.0
1744761600000,2025-04-16 00:00:00,83965.0
1744848000000,2025-04-17 00:00:00,84905.0
1744934400000,2025-04-18 00:00:00,84413.0
1745020800000,2025-04-19 00:00:00,85055.0
1745107200000,2025-04-20 00:00:00,85173.0
1745193600000,2025-04-21 00:00:00,87492.0
1745280000000,2025-04-22 00:00:00,93422.0
1745366400000,2025-04-23 00:00:00,93632.0
1745452800000,2025-04-24 00:00:00,93965.0
1745539200000,2025-04-25 00:00:00,94567.0
1745625600000,2025-04-26 00:00:00,94568.0
1745712000000,2025-04-27 00:00:00,93690.0
1745798400000,2025-04-28 00:00:00,94970.0
1745884800000,2025-04-29 00:00:00,94244.0
1745971200000,2025-04-30 00:00:00,94210.0
1746057600000,2025-05-01 00:00:00,96486.0
1746144000000,2025-05-02 00:00:00,96879.0
1746230400000,2025-05-03 00:00:00,95854.0
1746316800000,2025-05-04 00:00:00,94257.0
1746403200000,2025-05-05 00:00:00,94686.0
1746489600000,2025-05-06 00:00:00,96811.0
1746576000000,2025-05-07 00:00:00,97033.0
1746662400000,2025-05-08 00:00:00,103368.0
1746748800000,2025-05-09 00:00:00,103016.0
1746835200000,2025-05-10 00:00:00,104918.0
1746921600000,2025-05-11 00:00:00,104199.0
1747008000000,2025-05-12 00:00:00,102855.0
1747094400000,2025-05-13 00:00:00,104171.0
1747180800000,2025-05-14 00:00:00,103502.0
1747267200000,2025-05-15 00:00:00,103772.0
1747353600000,2025-05-16 00:00:00,103499.0
1747440000000,2025-05-17 00:00:00,103164.0
1747526400000,2025-05-18 00:00:00,106556.0
1747612800000,2025-05-19 00:00:00,105643.0
1747699200000,2025-05-20 00:00:00,106878.0
1747785600000,2025-05-21 00:00:00,109897.0
1747872000000,2025-05-22 00:00:00,111899.0
1747958400000,2025-05-23 00:00:00,107372.0
1748044800000,2025-05-24 00:00:00,107740.0
1748131200000,2025-05-25 00:00:00,109000.0
1748217600000,2025-05-26 00:00:00,109483.0
1748304000000,2025-05-27 00:00:00,108942.0
1748390400000,2025-05-28 00:00:00,107818.0
1748476800000,2025-05-29 00:00:00,105577.0
1748563200000,2025-05-30 00:00:00,104005.0
1748649600000,2025-05-31 00:00:00,104585.0
1748736000000,2025-06-01 00:00:00,105689.0
1748822400000,2025-06-02 00:00:00,105897.0
1748908800000,2025-06-03 00:00:00,105332.0
1748995200000,2025-06-04 00:00:00,104669.0
1749081600000,2025-06-05 00:00:00,101510.0
1749168000000,2025-06-06 00:00:00,104245.0
1749254400000,2025-06-07 00:00:00,105476.0
1749340800000,2025-06-08 00:00:00,105659.0
1749427200000,2025-06-09 00:00:00,110340.0
1749513600000,2025-06-10 00:00:00,110373.0
1749600000000,2025-06-11 00:00:00,108668.0
1749686400000,2025-06-12 00:00:00,105627.0
1749772800000,2025-06-13 00:00:00,106031.0
1749859200000,2025-06-14 00:00:00,105386.0
1749945600000,2025-06-15 00:00:00,105620.0
1750032000000,2025-06-16 00:00:00,106842.0
1750118400000,2025-06-17 00:00:00,104498.0
1750204800000,2025-06-18 00:00:00,104841.0
1750291200000,2025-06-19 00:00:00,104643.0
1750377600000,2025-06-20 00:00:00,103260.0
1750464000000,2025-06-21 00:00:00,102092.0
1750550400000,2025-06-22 00:00:00,100918.0
1750636800000,2025-06-23 00:00:00,105329.0
1750723200000,2025-06-24 00:00:00,106052.0
1750809600000,2025-06-25 00:00:00,107281.0
1750896000000,2025-06-26 00:00:00,106878.0
1750982400000,2025-06-27 00:00:00,107020.0
1751068800000,2025-06-28 00:00:00,107276.0
1751155200000,2025-06-29 00:00:00,108321.0
1751241600000,2025-06-30 00:00:00,107140.0
1751328000000,2025-07-01 00:00:00,105620.0
1751414400000,2025-07-02 00:00:00,108808.0
1751500800000,2025-07-03 00:00:00,109551.0
1751587200000,2025-07-04 00:00:00,107993.0
1751673600000,2025-07-05 00:00:00,108191.0
1751760000000,2025-07-06 00:00:00,109203.0
1751846400000,2025-07-07 00:00:00,108284.0
1751932800000,2025-07-08 00:00:00,108930.0
1752019200000,2025-07-09 00:00:00,111225.0
1752105600000,2025-07-10 00:00:00,116058.0
1752192000000,2025-07-11 00:00:00,117603.0
1752278400000,2025-07-12 00:00:00,117487.0
1752364800000,2025-07-13 00:00:00,119133.0
1752451200000,2025-07-14 00:00:00,119968.0
1752537600000,2025-07-15 00:00:00,117831.0
1752624000000,2025-07-16 00:00:00,118720.0
1752710400000,2025-07-17 00:00:00,119278.0
1752796800000,2025-07-18 00:00:00,117947.0
1752883200000,2025-07-19 00:00:00,117880.0
1752969600000,2025-07-20 00:00:00,117313.0
1753056000000,2025-07-21 00:00:00,117430.0
1753142400000,2025-07-22 00:00:00,120098.0
1753228800000,2025-07-23 00:00:00,118825.0
1753315200000,2025-07-24 00:00:00,118378.0
1753401600000,2025-07-25 00:00:00,117726.0
1753488000000,2025-07-26 00:00:00,117960.0
1753574400000,2025-07-27 00:00:00,119507.0
1753660800000,2025-07-28 00:00:00,118118.0
1753747200000,2025-07-29 00:00:00,117992.0
1753833600000,2025-07-30 00:00:00,117915.0
1753920000000,2025-07-31 00:00:00,115724.0
1754006400000,2025-08-01 00:00:00,113219.0
1754092800000,2025-08-02 00:00:00,112502.0
1754179200000,2025-08-03 00:00:00,114162.0
1754265600000,2025-08-04 00:00:00,115026.0
1754352000000,2025-08-05 00:00:00,114068.0
1754438400000,2025-08-06 00:00:00,114949.0
1754524800000,2025-08-07 00:00:00,117485.0
1754611200000,2025-08-08 00:00:00,116699.0
1754697600000,2025-08-09 00:00:00,116545.0
1754784000000,2025-08-10 00:00:00,119370.0
1754870400000,2025-08-11 00:00:00,118758.0
1754956800000,2025-08-12 00:00:00,120217.0
1755043200000,2025-08-13 00:00:00,123436.0
1755129600000,2025-08-14 00:00:00,118325.0
1755216000000,2025-08-15 00:00:00,117347.0
1755302400000,2025-08-16 00:00:00,117357.0
1755388800000,2025-08-17 00:00:00,117380.0
1755475200000,2025-08-18 00:00:00,116164.0
1755561600000,2025-08-19 00:00:00,112828.0
1755648000000,2025-08-20 00:00:00,114249.0
1755734400000,2025-08-21 00:00:00,112447.0
1755820800000,2025-08-22 00:00:00,116963.0
1755907200000,2025-08-23 00:00:00,115495.0
1755993600000,2025-08-24 00:00:00,113575.0
1756080000000,2025-08-25 00:00:00,110144.0
1756166400000,2025-08-26 00:00:00,111817.0
1756252800000,2025-08-27 00:00:00,111273.0
1756339200000,2025-08-28 00:00:00,112605.0
1756425600000,2025-08-29 00:00:00,108330.0
1756512000000,2025-08-30 00:00:00,108799.0
1756598400000,2025-08-31 00:00:00,108227.0
1756684800000,2025-09-01 00:00:00,109222.0
1756771200000,2025-09-02 00:00:00,111225.0
1756857600000,2025-09-03 00:00:00,111670.0
1756944000000,2025-09-04 00:00:00,110741.0
1757030400000,2025-09-05 00:00:00,110646.0
1757116800000,2025-09-06 00:00:00,110139.0
1757203200000,2025-09-07 00:00:00,111102.0
1757289600000,2025-09-08 00:00:00,112035.0
1757376000000,2025-09-09 00:00:00,111563.0
1757462400000,2025-09-10 00:00:00,113954.0
1757548800000,2025-09-11 00:00:00,115489.0
1757635200000,2025-09-12 00:00:00,116023.0
1757721600000,2025-09-13 00:00:00,115908.0
1757808000000,2025-09-14 00:00:00,115276.0
1757894400000,2025-09-15 00:00:00,115370.0
1757980800000,2025-09-16 00:00:00,116761.0
1758067200000,2025-09-17 00:00:00,116466.0
1758153600000,2025-09-18 00:00:00,117110.0
1758240000000,2025-09-19 00:00:00,115674.0
1758326400000,2025-09-20 00:00:00,115686.0
1758412800000,2025-09-21 00:00:00,115278.0
1758499200000,2025-09-22 00:00:00,112638.0
1758585600000,2025-09-23 00:00:00,111976.0
1758672000000,2025-09-24 00:00:00,113277.0
1758758400000,2025-09-25 00:00:00,108962.0
1758844800000,2025-09-26 00:00:00,109614.0
1758931200000,2025-09-27 00:00:00,109599.0
1759017600000,2025-09-28 00:00:00,112130.0
1759104000000,2025-09-29 00:00:00,114274.0
1759190400000,2025-09-30 00:00:00,114036.0
1759276800000,2025-10-01 00:00:00,118572.0
1759363200000,2025-10-02 00:00:00,120516.0
1759449600000,2025-10-03 00:00:00,122266.0
1759536000000,2025-10-04 00:00:00,122455.0
1759622400000,2025-10-05 00:00:00,123570.0
1759708800000,2025-10-06 00:00:00,124711.0
1759795200000,2025-10-07 00:00:00,121401.0
1759881600000,2025-10-08 00:00:00,123385.0
1759968000000,2025-10-09 00:00:00,121615.0
1760054400000,2025-10-10 00:00:00,112761.0
1760140800000,2025-10-11 00:00:00,110592.0
1760227200000,2025-10-12 00:00:00,114940.0
1760313600000,2025-10-13 00:00:00,115124.0
1760400000000,2025-10-14 00:00:00,113020.0
1760486400000,2025-10-15 00:00:00,110730.0
1760572800000,2025-10-16 00:00:00,108221.0
1760659200000,2025-10-17 00:00:00,106396.0
1760745600000,2025-10-18 00:00:00,107143.0
1760832000000,2025-10-19 00:00:00,108591.0
1760918400000,2025-10-20 00:00:00,110479.0
1761004800000,2025-10-21 00:00:00,108245.0
1761091200000,2025-10-22 00:00:00,107528.0
1761177600000,2025-10-23 00:00:00,110063.0
1761264000000,2025-10-24 00:00:00,111060.0
1761350400000,2025-10-25 00:00:00,111683.0
1761436800000,2025-10-26 00:00:00,114601.0
1761523200000,2025-10-27 00:00:00,114111.0
1761609600000,2025-10-28 00:00:00,112864.0
1761696000000,2025-10-29 00:00:00,110102.0
1761782400000,2025-10-30 00:00:00,108360.0
1761868800000,2025-10-31 00:00:00,109587.0
1761955200000,2025-11-01 00:00:00,110120.0
1762041600000,2025-11-02 00:00:00,110529.0
1762128000000,2025-11-03 00:00:00,106527.0
1762214400000,2025-11-04 00:00:00,101460.0
1762300800000,2025-11-05 00:00:00,103925.0
1762387200000,2025-11-06 00:00:00,101313.0
1762473600000,2025-11-07 00:00:00,103300.0
1762560000000,2025-11-08 00:00:00,102269.0
1762646400000,2025-11-09 00:00:00,104753.0
1762732800000,2025-11-10 00:00:00,106015.0
1762819200000,2025-11-11 00:00:00,103034.0
1762905600000,2025-11-12 00:00:00,101623.0
1762992000000,2025-11-13 00:00:00,99735.0
1763078400000,2025-11-14 00:00:00,94634.0
1763164800000,2025-11-15 00:00:00,95592.0
1763251200000,2025-11-16 00:00:00,94291.0
1763337600000,2025-11-17 00:00:00,92272.0
1763424000000,2025-11-18 00:00:00,92972.0
1763510400000,2025-11-19 00:00:00,91554.0
1763596800000,2025-11-20 00:00:00,86650.0
1763683200000,2025-11-21 00:00:00,85111.0
1763769600000,2025-11-22 00:00:00,84711.0
1763856000000,2025-11-23 00:00:00,86807.0
1763942400000,2025-11-24 00:00:00,88232.0
1764028800000,2025-11-25 00:00:00,87332.0
1764115200000,2025-11-26 00:00:00,90420.0
1764201600000,2025-11-27 00:00:00,91310.0
1764288000000,2025-11-28 00:00:00,90842.0
1764374400000,2025-11-29 00:00:00,90768.0
1764460800000,2025-11-30 00:00:00,90326.0
1764547200000,2025-12-01 00:00:00,86216.0
1764633600000,2025-12-02 00:00:00,91237.0
1764720000000,2025-12-03 00:00:00,93395.0
1764806400000,2025-12-04 00:00:00,92034.0
1764892800000,2025-12-05 00:00:00,89294.0
1764979200000,2025-12-06 00:00:00,89181.0
1765065600000,2025-12-07 00:00:00,90344.0
1765152000000,2025-12-08 00:00:00,90594.0
1765238400000,2025-12-09 00:00:00,92654.0
1765324800000,2025-12-10 00:00:00,91961.0
1765411200000,2025-12-11 00:00:00,92481.0
1765497600000,2025-12-12 00:00:00,90228.0
1765584000000,2025-12-13 00:00:00,90222.0
1765670400000,2025-12-14 00:00:00,88128.0
1765756800000,2025-12-15 00:00:00,86427.0
1765843200000,2025-12-16 00:00:00,87814.0
1765929600000,2025-12-17 00:00:00,86210.0
1766016000000,2025-12-18 00:00:00,85477.0
1766102400000,2025-12-19 00:00:00,88092.0
1766188800000,2025-12-20 00:00:00,88317.0
1766275200000,2025-12-21 00:00:00,88607.0
1766361600000,2025-12-22 00:00:00,88573.0
1766448000000,2025-12-23 00:00:00,87459.0
1766534400000,2025-12-24 00:00:00,87653.0
1766620800000,2025-12-25 00:00:00,87200.0
1766707200000,2025-12-26 00:00:00,87339.0
1766793600000,2025-12-27 00:00:00,87844.0
1766880000000,2025-12-28 00:00:00,87928.0
1766966400000,2025-12-29 00:00:00,87228.0
1767052800000,2025-12-30 00:00:00,88466.0
1767139200000,2025-12-31 00:00:00,87632.0
1767225600000,2026-01-01 00:00:00,88809.0
1767312000000,2026-01-02 00:00:00,89932.0
1767398400000,2026-01-03 00:00:00,90600.0
1767484800000,2026-01-04 00:00:00,91511.0
1767571200000,2026-01-05 00:00:00,93832.0
1767657600000,2026-01-06 00:00:00,93801.0
1767744000000,2026-01-07 00:00:00,91373.0
1767830400000,2026-01-08 00:00:00,91079.0
1767916800000,2026-01-09 00:00:00,90650.0
1768003200000,2026-01-10 00:00:00,90485.0
1768089600000,2026-01-11 00:00:00,90997.0
1768176000000,2026-01-12 00:00:00,91249.0
1768262400000,2026-01-13 00:00:00,95374.0
1768348800000,2026-01-14 00:00:00,96917.0
1768435200000,2026-01-15 00:00:00,95588.0
1768521600000,2026-01-16 00:00:00,95586.0
1768608000000,2026-01-17 00:00:00,95144.0
1768694400000,2026-01-18 00:00:00,93621.0
1768780800000,2026-01-19 00:00:00,92581.0
1768867200000,2026-01-20 00:00:00,88404.0
1768953600000,2026-01-21 00:00:00,89401.0
1769040000000,2026-01-22 00:00:00,89500.0
1769126400000,2026-01-23 00:00:00,89552.0
1769212800000,2026-01-24 00:00:00,89171.0
1769299200000,2026-01-25 00:00:00,86637.0
1769385600000,2026-01-26 00:00:00,88299.0
1769472000000,2026-01-27 00:00:00,89215.0
1769558400000,2026-01-28 00:00:00,89276.0
1769644800000,2026-01-29 00:00:00,84641.0
1769731200000,2026-01-30 00:00:00,84241.0
1769817600000,2026-01-31 00:00:00,78728.0
1769904000000,2026-02-01 00:00:00,76928.0
1769990400000,2026-02-02 00:00:00,78684.0
1770076800000,2026-02-03 00:00:00,75731.0
1770163200000,2026-02-04 00:00:00,73147.0
1770249600000,2026-02-05 00:00:00,62894.0
1770336000000,2026-02-06 00:00:00,70516.0
1770422400000,2026-02-07 00:00:00,69236.0
1770508800000,2026-02-08 00:00:00,70297.0
1770595200000,2026-02-09 00:00:00,70093.0
1770681600000,2026-02-10 00:00:00,68801.0
1770768000000,2026-02-11 00:00:00,67059.0
1770854400000,2026-02-12 00:00:00,66244.0
1770940800000,2026-02-13 00:00:00,68822.0
1771027200000,2026-02-14 00:00:00,69792.0
1771113600000,2026-02-15 00:00:00,68798.0
1771200000000,2026-02-16 00:00:00,68870.0
1771286400000,2026-02-17 00:00:00,67480.0
1771372800000,2026-02-18 00:00:00,66436.0
1771459200000,2026-02-19 00:00:00,66981.0
1771545600000,2026-02-20 00:00:00,67980.0
1771632000000,2026-02-21 00:00:00,67935.0
1771718400000,2026-02-22 00:00:00,67602.0
1771804800000,2026-02-23 00:00:00,64631.0
1771891200000,2026-02-24 00:00:00,64015.0
1771977600000,2026-02-25 00:00:00,67944.0
1772064000000,2026-02-26 00:00:00,67453.0
1772150400000,2026-02-27 00:00:00,65837.0
1772236800000,2026-02-28 00:00:00,66931.0
1772323200000,2026-03-01 00:00:00,65734.0
1772409600000,2026-03-02 00:00:00,68774.0
1772496000000,2026-03-03 00:00:00,68299.0
1772582400000,2026-03-04 00:00:00,72633.0
1772668800000,2026-03-05 00:00:00,70828.0
1772755200000,2026-03-06 00:00:00,68082.0
1772841600000,2026-03-07 00:00:00,67230.0
1772928000000,2026-03-08 00:00:00,65933.0
1773014400000,2026-03-09 00:00:00,68389.0
1773100800000,2026-03-10 00:00:00,69898.0
1773187200000,2026-03-11 00:00:00,70135.0
1773273600000,2026-03-12 00:00:00,70500.0
1773360000000,2026-03-13 00:00:00,70901.0
1773446400000,2026-03-14 00:00:00,71180.0
1773532800000,2026-03-15 00:00:00,72778.0
1773619200000,2026-03-16 00:00:00,74854.0
1773705600000,2026-03-17 00:00:00,73864.0
1773792000000,2026-03-18 00:00:00,71213.0
1773878400000,2026-03-19 00:00:00,69919.0
1773964800000,2026-03-20 00:00:00,70474.0
1774051200000,2026-03-21 00:00:00,68874.0
1774137600000,2026-03-22 00:00:00,68996.0
